vg_V,id_raw_A,is_raw_A,ig_raw_A,id_A_per_um,kcl_abs_A,kcl_pass,above_abs_floor
-3.0,2.84183e-19,-4.47418e-19,0.0,2.84183e-19,1.6323499999999998e-19,1,0
-2.8,1.79298e-19,-5.66949e-20,0.0,1.79298e-19,1.2260309999999999e-19,1,0
-2.6,8.79953e-19,-4.03007e-19,0.0,8.79953e-19,4.76946e-19,1,0
-2.4,-3.18437e-19,-2.80168e-19,0.0,-3.18437e-19,5.98605e-19,1,0
-2.2,2.12134e-19,9.63814e-20,0.0,2.12134e-19,3.085154e-19,1,0
-2.0,-5.85848e-19,1.16225e-19,0.0,-5.85848e-19,4.696229999999999e-19,1,0
-1.8,4.35134e-19,3.59068e-20,0.0,4.35134e-19,4.710408e-19,1,0
-1.6,3.80329e-19,2.00511e-18,0.0,3.80329e-19,2.385439e-18,1,0
-1.4,-4.21432e-19,7.19837e-18,0.0,-4.21432e-19,6.776938e-18,1,0
-1.2,7.89005e-19,1.68951e-17,0.0,7.89005e-19,1.7684105e-17,1,0
-1.0,1.23312e-18,-6.27424e-19,0.0,1.23312e-18,6.056960000000001e-19,1,0
-0.95,-4.11038e-19,-1.66305e-19,0.0,-4.11038e-19,5.77343e-19,1,0
-0.9,2.38591e-18,-1.22839e-19,0.0,2.38591e-18,2.263071e-18,1,0
-0.85,-6.47267e-19,-5.06475e-19,0.0,-6.47267e-19,1.1537420000000002e-18,1,0
-0.8,-2.64104e-18,3.68517e-19,0.0,-2.64104e-18,2.2725230000000004e-18,1,0
-0.75,1.83314e-19,1.04508e-18,0.0,1.83314e-19,1.228394e-18,1,0
-0.7,6.03801e-19,2.47568e-19,0.0,6.03801e-19,8.513690000000001e-19,1,0
-0.65,-5.0553e-19,3.77966e-19,0.0,-5.0553e-19,1.27564e-19,1,0
-0.6,1.33422e-18,1.83314e-19,0.0,1.33422e-18,1.517534e-18,1,0
-0.55,2.85743e-18,4.72458e-20,0.0,2.85743e-18,2.9046757999999998e-18,1,0
-0.5,2.1563e-18,-6.38763e-19,0.0,2.1563e-18,1.5175369999999999e-18,1,0
-0.45,-5.83958e-19,3.23161e-19,0.0,-5.83958e-19,2.60797e-19,1,0
-0.4,3.78156e-21,8.20185e-19,0.0,3.78156e-21,8.2396656e-19,1,0
-0.35,7.93742e-19,-5.49952e-19,0.0,7.93742e-19,2.4378999999999998e-19,1,0
-0.3,1.61589e-18,4.76162e-19,0.0,1.61589e-18,2.092052e-18,1,0
-0.25,7.13072e-19,1.53781e-18,0.0,7.13072e-19,2.250882e-18,1,0
-0.2,5.86828e-18,1.65954e-18,0.0,5.86828e-18,7.52782e-18,1,0
-0.15,-1.0755e-18,-9.76398e-19,0.0,-1.0755e-18,2.051898e-18,1,0
-0.1,5.36772e-20,-1.45923e-18,0.0,5.36772e-20,1.4055528e-18,1,0
-0.05,9.85096e-18,-1.2291e-17,0.0,9.85096e-18,2.44004e-18,1,0
-4.24783e-16,8.72042e-17,-8.81825e-17,0.0,8.72042e-17,9.783000000000035e-19,1,0
0.05,5.83826e-16,-5.82686e-16,0.0,5.83826e-16,1.1399999999999554e-18,1,1
0.1,3.75346e-15,-3.75451e-15,0.0,3.75346e-15,1.0500000000002833e-18,1,1
0.15,2.3387e-14,-2.33822e-14,0.0,2.3387e-14,4.8000000000003935e-18,1,1
0.2,1.39543e-13,-1.39543e-13,0.0,1.39543e-13,0.0,1,1
0.25,7.63866e-13,-7.63868e-13,0.0,7.63866e-13,2.0000000000438143e-18,1,1
0.3,3.50882e-12,-3.50882e-12,0.0,3.50882e-12,0.0,1,1
0.35,1.25994e-11,-1.25994e-11,0.0,1.25994e-11,0.0,1,1
0.4,3.5531e-11,-3.5531e-11,0.0,3.5531e-11,0.0,1,1
0.45,8.25948e-11,-8.25948e-11,0.0,8.25948e-11,0.0,1,1
0.5,1.6636e-10,-1.6636e-10,0.0,1.6636e-10,0.0,1,1
0.55,3.01628e-10,-3.01628e-10,0.0,3.01628e-10,0.0,1,1
0.6,5.05752e-10,-5.05752e-10,0.0,5.05752e-10,0.0,1,1
0.65,7.99206e-10,-7.99206e-10,0.0,7.99206e-10,0.0,1,1
0.7,1.2063e-09,-1.2063e-09,0.0,1.2063e-09,0.0,1,1
0.75,1.756e-09,-1.756e-09,0.0,1.756e-09,0.0,1,1
0.8,2.48274e-09,-2.48274e-09,0.0,2.48274e-09,0.0,1,1
0.85,3.42707e-09,-3.42707e-09,0.0,3.42707e-09,0.0,1,1
0.9,4.63597e-09,-4.63597e-09,0.0,4.63597e-09,0.0,1,1
0.95,6.16244e-09,-6.16244e-09,0.0,6.16244e-09,0.0,1,1
1.0,8.06412e-09,-8.06412e-09,0.0,8.06412e-09,0.0,1,1
1.05,1.04008e-08,-1.04008e-08,0.0,1.04008e-08,0.0,1,1
1.1,1.32318e-08,-1.32318e-08,0.0,1.32318e-08,0.0,1,1
1.15,1.66148e-08,-1.66148e-08,0.0,1.66148e-08,0.0,1,1
1.2,2.06042e-08,-2.06042e-08,0.0,2.06042e-08,0.0,1,1
1.25,2.52497e-08,-2.52497e-08,0.0,2.52497e-08,0.0,1,1
1.3,3.05949e-08,-3.05949e-08,0.0,3.05949e-08,0.0,1,1
1.35,3.66761e-08,-3.66761e-08,0.0,3.66761e-08,0.0,1,1
1.4,4.35206e-08,-4.35206e-08,0.0,4.35206e-08,0.0,1,1
1.45,5.11461e-08,-5.11461e-08,0.0,5.11461e-08,0.0,1,1
1.5,5.956e-08,-5.956e-08,0.0,5.956e-08,0.0,1,1
1.6,7.87281e-08,-7.87281e-08,0.0,7.87281e-08,0.0,1,1
1.7,1.0087e-07,-1.0087e-07,0.0,1.0087e-07,0.0,1,1
1.8,1.25689e-07,-1.25689e-07,0.0,1.25689e-07,0.0,1,1
1.9,1.528e-07,-1.528e-07,0.0,1.528e-07,0.0,1,1
2.0,1.81796e-07,-1.81796e-07,0.0,1.81796e-07,0.0,1,1
2.1,2.123e-07,-2.123e-07,0.0,2.123e-07,0.0,1,1
2.2,2.43991e-07,-2.43991e-07,0.0,2.43991e-07,0.0,1,1
2.3,2.76614e-07,-2.76614e-07,0.0,2.76614e-07,0.0,1,1
2.4,3.0997e-07,-3.0997e-07,0.0,3.0997e-07,0.0,1,1
2.5,3.43906e-07,-3.43906e-07,0.0,3.43906e-07,0.0,1,1
2.6,3.78309e-07,-3.78309e-07,0.0,3.78309e-07,0.0,1,1
2.7,4.13092e-07,-4.13092e-07,0.0,4.13092e-07,0.0,1,1
2.8,4.48188e-07,-4.48188e-07,0.0,4.48188e-07,0.0,1,1
2.9,4.83545e-07,-4.83545e-07,0.0,4.83545e-07,0.0,1,1
3.0,5.19123e-07,-5.19123e-07,0.0,5.19123e-07,0.0,1,1
