run_id,dir,film_nm,label,category,status,overrides,elapsed_s,Vth_cc_V,Vth_lin_V,SS_min_mVdec,SS_cc_mVdec,gm_max_A_V_um,mu_FE_cm2Vs,Ion_A_um,active_rmse_dec,Id3V_err_pct,max_kcl_A,SS_1e-11_1e-10,SS_1e-10_1e-9,note
run_0001,run_0001_2p0_v1_baseline_laws,2,v1_baseline_laws,baseline laws,REAL_ATLAS_SCORED,,356.3,0.994878,1.83751,,,3.1934e-07,10.1883,3.71229e-07,3.92781,-27.0621,1e-17,125.342,216.352,
run_0002,run_0002_13p2_v1_baseline_laws,13.2,v1_baseline_laws,baseline laws,REAL_ATLAS_SCORED,,332.1,0.36911,1.28536,,,1.4096e-06,44.9722,2.41696e-06,1.03007,-21.2894,3.42482e-17,92.3569,145.669,
run_0003,run_0003_2p0_v1_stage3_qf1p73e12,2,v1_stage3_qf1p73e12,calibration stage,REAL_ATLAS_SCORED,traps.fixed_interface_charge_Qf_cm2.value=1.73e12,233.8,0.685639,1.56093,,,3.2778e-07,10.4576,4.71697e-07,0.0558339,-7.32249,6.943e-18,124.982,216.71,
run_0004,run_0004_13p2_v1_stage3_qf1p73e12,13.2,v1_stage3_qf1p73e12,calibration stage,REAL_ATLAS_SCORED,traps.fixed_interface_charge_Qf_cm2.value=1.73e12,445.9,0.0592823,1.00104,151.247,195.417,1.4292e-06,45.5975,2.85691e-06,0.085609,-6.96195,4.15592e-17,91.9902,145.65,
run_0005,run_0005_6p3_v1_stage5_shared_qf_prediction,6.3,v1_stage5_shared_qf_prediction,validation (held-out 6.3 nm),REAL_ATLAS_SCORED,traps.fixed_interface_charge_Qf_cm2.value=1.73e12,364.3,0.349949,1.21485,108.224,284.911,2.8648e-07,9.13993,5.11409e-07,0.678027,26.7596,3.55909e-17,122.316,211.441,
run_0006,run_0006_31p8_v1_stage5_shared_qf,31.8,v1_stage5_shared_qf,calibration stage,REAL_ATLAS_SCORED,traps.fixed_interface_charge_Qf_cm2.value=1.73e12,900.5,-2.71046,-0.168039,,210.244,1.2506e-06,39.8994,3.38212e-06,1.04966,-5.79945,6e-17,84.8796,140.24,
run_0007,run_0007_6p3_v1_stage5b_device_qf8p7e10,6.3,v1_stage5b_device_qf8p7e10,calibration stage,REAL_ATLAS_SCORED,traps.fixed_interface_charge_Qf_cm2.value=8.7e10,340.6,0.644151,1.47443,110.805,284.728,2.8048e-07,8.9485,4.27893e-07,0.0816281,6.05902,3.82165e-17,122.848,211.491,
run_0008,run_0008_2p0_v1_stage6_mu18p13,2,v1_stage6_mu18p13,calibration stage,REAL_ATLAS_SCORED,traps.fixed_interface_charge_Qf_cm2.value=1.73e12 ; thickness_laws.mu0_cm2Vs.mu_band_fitted[2.0]=18.13,200.1,0.676405,1.56097,73.2037,289.13,3.5374e-07,11.2858,5.09041e-07,0.0373075,0.0147358,5.37658e-18,122.528,212.907,
run_0009,run_0009_13p2_v1_stage6_mu61p9,13.2,v1_stage6_mu61p9,calibration stage,REAL_ATLAS_SCORED,traps.fixed_interface_charge_Qf_cm2.value=1.73e12 ; thickness_laws.mu0_cm2Vs.mu_band_fitted[13.2]=61.9,289.7,0.0531058,1.00118,151.247,192.517,1.536e-06,49.0049,3.07019e-06,0.0813131,-0.016283,4.49905e-17,90.7932,143.141,
run_0010,run_0010_31p8_v1_stage6_backsheet_hyp_A,31.8,v1_stage6_backsheet_hyp_A,6.3 nm hypothesis,NO_EXPORT,traps.back_surface_donor_sheet.peak_cm2_eV=3.23e14 ; traps.fixed_interface_charge_Qf_cm2.value=1.22e13,17.9,,,,,,,,,,,,,"aborted in SOLVE INIT, no currents"
run_0011,run_0011_6p3_v1_stage6_mu11p69,6.3,v1_stage6_mu11p69,calibration stage,NO_EXECUTION_JSON,,0,,,,,,,,,,,,,stopped with the chain; no currents
run_0012,run_0012_2p0_v2_full_stepped_final,2,v2_full_stepped_final,final calibrated (DOS 96/48),REAL_ATLAS_SCORED,traps.fixed_interface_charge_Qf_cm2.value=1.73e12 ; thickness_laws.mu0_cm2Vs.mu_band_fitted[2.0]=18.13,125.3,0.676339,1.55856,73.2097,289.149,3.5314e-07,11.2667,5.09029e-07,0.0373213,0.012378,1e-16,122.51,212.902,
run_0013,run_0013_13p2_v2_full_stepped_final,13.2,v2_full_stepped_final,final calibrated (DOS 96/48),REAL_ATLAS_SCORED,traps.fixed_interface_charge_Qf_cm2.value=1.73e12 ; thickness_laws.mu0_cm2Vs.mu_band_fitted[13.2]=61.9,246.1,0.0530131,0.999088,151.268,192.51,1.5344e-06,48.9539,3.0702e-06,0.0814066,-0.0159573,1.15165e-16,90.7796,143.12,
run_0014,run_0014_6p3_v2_full_stepped_validation_shared_params,6.3,v2_full_stepped_validation_shared_params,validation (held-out 6.3 nm),REAL_ATLAS_SCORED,traps.fixed_interface_charge_Qf_cm2.value=1.73e12,200.5,0.349873,1.21199,108.236,284.925,2.8602e-07,9.12525,5.11408e-07,0.67813,26.7593,3.58925e-17,122.305,211.431,
run_0015,run_0015_6p3_v2_full_stepped_tuned_qf8p7e10_mu11p69,6.3,v2_full_stepped_tuned_qf8p7e10_mu11p69,device-specific tuning,REAL_ATLAS_SCORED,traps.fixed_interface_charge_Qf_cm2.value=8.7e10 ; thickness_laws.mu0_cm2Vs.mu_band_fitted[6.3]=11.69,289.7,0.650976,1.47119,110.817,288.838,2.6386e-07,8.41825,4.03392e-07,0.0626084,-0.0138804,3.55601e-17,124.145,214.448,
run_0016,run_0016_2p0_sens_no_confinement,2,sens_no_confinement,counterfactual (no confinement),REAL_ATLAS_SCORED,traps.fixed_interface_charge_Qf_cm2.value=1.73e12 ; thickness_laws.mu0_cm2Vs.mu_band_fitted[2.0]=18.13 ; thickness_laws.dEg_QC_eV.a=0 ; thickness_laws.mstar_m0.b=0,233.8,0.360769,1.25976,83.8916,303.749,3.5508e-07,11.3286,6.17924e-07,0.845709,21.4077,2.44559e-17,132.107,228.195,
run_0017,run_0017_13p2_sens_no_confinement,13.2,sens_no_confinement,counterfactual (no confinement),REAL_ATLAS_SCORED,traps.fixed_interface_charge_Qf_cm2.value=1.73e12 ; thickness_laws.mu0_cm2Vs.mu_band_fitted[13.2]=61.9 ; thickness_laws.dEg_QC_eV.a=0 ; thickness_laws.mstar_m0.b=0,451.9,0.0295669,0.978907,138.55,193.33,1.5332e-06,48.9156,3.09874e-06,0.114484,0.913475,1.67302e-16,91.9633,144.246,
run_0018,run_0018_13p2_check_A_mesh0p7,13.2,check_A_mesh0p7,numerical check,TIMEOUT,traps.fixed_interface_charge_Qf_cm2.value=1.73e12 ; thickness_laws.mu0_cm2Vs.mu_band_fitted[13.2]=61.9 ; geometry.mesh.spacing_factor=0.7,900.4,,,,,,,,,,,,,timed out at 900 s; rerun as run_0028
run_0019,run_0019_2p0_check_C_dos192_96,2,check_C_dos192_96,numerical check,REAL_ATLAS_SCORED,traps.fixed_interface_charge_Qf_cm2.value=1.73e12 ; thickness_laws.mu0_cm2Vs.mu_band_fitted[2.0]=18.13 ; solver.dos_levels.numa=192 ; solver.dos_levels.numd=96,304.8,0.677221,1.54089,73.2232,289.312,3.5578e-07,11.3509,5.19123e-07,0.0400859,1.99561,1.76841e-17,122.692,213.566,
run_0020,run_0020_2p0_sens_chi_m0p1,2,sens_chi_m0p1,one-at-a-time sensitivity,REAL_ATLAS_SCORED,traps.fixed_interface_charge_Qf_cm2.value=1.73e12 ; thickness_laws.mu0_cm2Vs.mu_band_fitted[2.0]=18.13 ; bulk_reference.chi_bulk_eV.value=4.20,267.7,0.776339,1.64884,73.209,289.149,3.506e-07,11.1856,4.73715e-07,0.463405,-6.926,1.03751e-17,122.51,212.902,
run_0021,run_0021_2p0_sens_chi_p0p1,2,sens_chi_p0p1,one-at-a-time sensitivity,REAL_ATLAS_SCORED,traps.fixed_interface_charge_Qf_cm2.value=1.73e12 ; thickness_laws.mu0_cm2Vs.mu_band_fitted[2.0]=18.13 ; bulk_reference.chi_bulk_eV.value=4.40,272,0.576339,1.46741,73.2083,289.149,3.5532e-07,11.3362,5.44561e-07,0.36096,6.99359,1.15639e-17,122.51,212.902,
run_0022,run_0022_2p0_sens_nd_x2,2,sens_nd_x2,one-at-a-time sensitivity,REAL_ATLAS_SCORED,traps.fixed_interface_charge_Qf_cm2.value=1.73e12 ; thickness_laws.mu0_cm2Vs.mu_band_fitted[2.0]=18.13 ; thickness_laws.Nd_eff_cm3.Nd0=5e17,273.4,0.666855,1.55017,74.7693,289.755,3.5351e-07,11.2785,5.1253e-07,0.0538779,0.700243,4.97442e-17,121.534,213.561,
run_0023,run_0023_2p0_sens_nt_x1p5,2,sens_nt_x1p5,one-at-a-time sensitivity,REAL_ATLAS_SCORED,traps.fixed_interface_charge_Qf_cm2.value=1.73e12 ; thickness_laws.mu0_cm2Vs.mu_band_fitted[2.0]=18.13 ; thickness_laws.Nt_cm3.Nt2=3e19,268.9,0.758365,1.84109,76.3594,357.823,3.292e-07,10.5029,3.81513e-07,0.262808,-25.0416,2.20477e-17,144.354,261.93,
run_0024,run_0024_2p0_sens_wta_p5meV,2,sens_wta_p5meV,one-at-a-time sensitivity,REAL_ATLAS_SCORED,traps.fixed_interface_charge_Qf_cm2.value=1.73e12 ; thickness_laws.mu0_cm2Vs.mu_band_fitted[2.0]=18.13 ; thickness_laws.WTA_eV.value=0.045,248.9,0.696033,1.55692,85.5786,289.991,3.5427e-07,11.3027,5.11239e-07,0.063097,0.446592,1.30286e-17,129.96,217.528,
run_0025,run_0025_2p0_sens_dit_x3,2,sens_dit_x3,one-at-a-time sensitivity,REAL_ATLAS_SCORED,traps.fixed_interface_charge_Qf_cm2.value=1.73e12 ; thickness_laws.mu0_cm2Vs.mu_band_fitted[2.0]=18.13 ; traps.interface_acceptor_sheet.peak_cm2_eV=9e11,246.7,0.701358,1.58206,82.5805,289.652,3.5252e-07,11.2469,4.99853e-07,0.0980352,-1.79049,1e-17,123.889,213.02,
run_0026,run_0026_2p0_sens_eps_10p55,2,sens_eps_10p55,one-at-a-time sensitivity,REAL_ATLAS_SCORED,traps.fixed_interface_charge_Qf_cm2.value=1.73e12 ; thickness_laws.mu0_cm2Vs.mu_band_fitted[2.0]=18.13 ; bulk_reference.eps_r.value=10.55,236.2,0.675457,1.55775,73.1389,289.298,3.5536e-07,11.3375,5.12517e-07,0.037276,0.697689,2.64416e-17,122.149,212.515,
run_0027,run_0027_2p0_sens_overlap_4um,2,sens_overlap_4um,one-at-a-time sensitivity,REAL_ATLAS_SCORED,traps.fixed_interface_charge_Qf_cm2.value=1.73e12 ; thickness_laws.mu0_cm2Vs.mu_band_fitted[2.0]=18.13 ; geometry.contact_overlap_um.value=4.0,233.2,0.675383,1.56445,73.2316,289.959,3.4691e-07,11.0679,4.98007e-07,0.0377489,-2.15319,8.39973e-17,122.208,212.849,"MALFORMED: x.mesh ends at 24 um, drain collapsed; overlap result retracted (S5)"
run_0028,run_0028_13p2_check_A_mesh0p7_t1500,13.2,check_A_mesh0p7_t1500,numerical check,REAL_ATLAS_SCORED,traps.fixed_interface_charge_Qf_cm2.value=1.73e12 ; thickness_laws.mu0_cm2Vs.mu_band_fitted[13.2]=61.9 ; geometry.mesh.spacing_factor=0.7,1067.9,0.0526526,0.998964,151.418,192.532,1.5341e-06,48.9443,3.06979e-06,0.0818065,-0.0293094,9.21273e-17,90.6896,143.091,
run_0029,run_0029_2p0_check_C_dos384_192,2,check_C_dos384_192,numerical check,REAL_ATLAS_SCORED,traps.fixed_interface_charge_Qf_cm2.value=1.73e12 ; thickness_laws.mu0_cm2Vs.mu_band_fitted[2.0]=18.13 ; solver.dos_levels.numa=384 ; solver.dos_levels.numd=192,233.4,0.677437,1.53654,73.2256,289.347,3.5644e-07,11.3719,5.21635e-07,0.0409914,2.48916,1e-16,122.737,213.728,
run_0030,run_0030_6p3_hyp_H3_backQ_m1p64e12,6.3,hyp_H3_backQ_m1p64e12,6.3 nm hypothesis,REAL_ATLAS_SCORED,traps.fixed_interface_charge_Qf_cm2.value=1.73e12 ; traps.back_surface_fixed_charge_cm2=-1.64e12,387.3,0.627394,1.3517,97.7367,231.304,2.7994e-07,8.93127,4.61425e-07,0.237177,14.3704,3.55836e-17,102.673,166.758,
run_0031,run_0031_6p3_hyp_H1_tphys_5p3,6.3,hyp_H1_tphys_5p3,6.3 nm hypothesis,REAL_ATLAS_SCORED,traps.fixed_interface_charge_Qf_cm2.value=1.73e12 ; geometry.film_thickness_override_nm=5.3 ; thickness_laws.mu0_cm2Vs.mu_band_fitted[5.3]=12.4,339.4,0.386182,1.2653,117.326,290.475,2.8097e-07,8.96413,4.87398e-07,0.61263,20.8081,4.99909e-17,124.548,214.977,
run_0032,run_0032_6p3_hyp_H2_Nd0_1e16,6.3,hyp_H2_Nd0_1e16,6.3 nm hypothesis,REAL_ATLAS_SCORED,traps.fixed_interface_charge_Qf_cm2.value=1.73e12 ; thickness_laws.Nd_eff_cm3.Nd0=1e16,328.7,0.379818,1.22693,114.725,280.713,2.8314e-07,9.03337,5.02027e-07,0.634067,24.4341,5.1626e-20,122.492,208.661,
run_0033,run_0033_6p3_hyp_H4_front_Dit_x5,6.3,hyp_H4_front_Dit_x5,6.3 nm hypothesis,REAL_ATLAS_SCORED,traps.fixed_interface_charge_Qf_cm2.value=1.73e12 ; traps.interface_acceptor_sheet.peak_cm2_eV=1.5e12,309.8,0.400778,1.25789,116.511,286.251,2.8505e-07,9.0943,4.96589e-07,0.595487,23.0862,7.20502e-18,127.281,213.466,
run_0034,run_0034_6p3_hyp_H6_noQC_Qf_from_2nm,6.3,hyp_H6_noQC_Qf_from_2nm,6.3 nm hypothesis,REAL_ATLAS_SCORED,traps.fixed_interface_charge_Qf_cm2.value=4.76e10 ; thickness_laws.dEg_QC_eV.a=0 ; thickness_laws.mstar_m0.b=0,309,0.586667,1.42592,117.658,287.694,2.7983e-07,8.92776,4.40474e-07,0.210915,9.17739,5.3324e-17,125.105,214.768,
run_0035,run_0035_6p3_hyp_H5_combo_t5p8_Nd1e16_backQ_m1e12,6.3,hyp_H5_combo_t5p8_Nd1e16_backQ_m1e12,6.3 nm hypothesis,REAL_ATLAS_SCORED,traps.fixed_interface_charge_Qf_cm2.value=1.73e12 ; geometry.film_thickness_override_nm=5.8 ; thickness_laws.mu0_cm2Vs.mu_band_fitted[5.8]=12.4 ; thickness_laws.Nd_eff_cm3.Nd0=1e16 ; traps.back_surface_fixed_charge_cm2=-1.0e12,337.9,0.564613,1.33564,97.2761,249.456,2.7603e-07,8.80653,4.59413e-07,0.246383,13.8717,1.57004e-19,109.623,181.634,
run_0036,run_0036_6p3_check_L_mesh0p7_tuned,6.3,check_L_mesh0p7_tuned,numerical check,REAL_ATLAS_SCORED,traps.fixed_interface_charge_Qf_cm2.value=8.7e10 ; thickness_laws.mu0_cm2Vs.mu_band_fitted[6.3]=11.69 ; geometry.mesh.spacing_factor=0.7,787.3,0.650659,1.47104,110.928,288.912,2.638e-07,8.41634,4.03339e-07,0.0624706,-0.0270171,2.354e-17,124.162,214.464,
run_0037,run_0037_6p3_hyp_S2_repartition_Nt2p66e19_mu19p6,6.3,hyp_S2_repartition_Nt2p66e19_mu19p6,6.3 nm hypothesis,REAL_ATLAS_SCORED,traps.fixed_interface_charge_Qf_cm2.value=9.8e11 ; thickness_laws.Nt_cm3.alpha=0 ; thickness_laws.Nt_cm3.Nt2=2.66e19 ; thickness_laws.mu0_cm2Vs.mu_band_fitted[6.3]=19.6,307.3,0.654326,1.85627,141.598,410.945,3.2584e-07,10.3957,3.72673e-07,0.269929,-7.628,8.18916e-17,173.261,313.802,
run_0038,run_0038_2p0_recal_dos384_2p0,2,recal_dos384_2p0,DOS 384/192 recalibration,REAL_ATLAS_SCORED,traps.fixed_interface_charge_Qf_cm2.value=1.73e12 ; thickness_laws.mu0_cm2Vs.mu_band_fitted[2.0]=17.69 ; solver.dos_levels.numa=384 ; solver.dos_levels.numd=192,436.3,0.680422,1.53655,83.1359,290.878,3.4779e-07,11.096,5.08975e-07,0.0428623,0.00176829,1e-16,123.531,214.958,
run_0039,run_0039_6p3_recal_dos384_6p3_tuned,6.3,recal_dos384_6p3_tuned,DOS 384/192 recalibration,REAL_ATLAS_SCORED,traps.fixed_interface_charge_Qf_cm2.value=8.7e10 ; thickness_laws.mu0_cm2Vs.mu_band_fitted[6.3]=11.41 ; solver.dos_levels.numa=384 ; solver.dos_levels.numd=192,739.1,0.654785,1.46642,110.88,290.746,2.5917e-07,8.26862,3.97457e-07,0.059184,-1.48495,1e-16,124.81,216.48,
run_0040,run_0040_13p2_recal_dos384_13p2,13.2,recal_dos384_13p2,DOS 384/192 recalibration,REAL_ATLAS_SCORED,traps.fixed_interface_charge_Qf_cm2.value=1.73e12 ; thickness_laws.mu0_cm2Vs.mu_band_fitted[13.2]=60.39 ; solver.dos_levels.numa=384 ; solver.dos_levels.numd=192,1121.8,0.0553197,0.99457,151.369,193.753,1.501e-06,47.8883,3.01015e-06,0.0813721,-1.97154,1.11272e-16,91.2226,144.129,
run_0041,run_0041_2p0_pred_idvd_2p0,2,pred_idvd_2p0,prediction ID-VD,REAL_ATLAS_PREDICTION,traps.fixed_interface_charge_Qf_cm2.value=1.73e12 ; thickness_laws.mu0_cm2Vs.mu_band_fitted[2.0]=17.6897 ; solver.dos_levels.numa=384 ; solver.dos_levels.numd=192,1266.1,,,,,,,,,,1e-14,,,ID-VD prediction; output_characteristics.csv
run_0042,run_0042_6p3_pred_idvd_6p3_tuned,6.3,pred_idvd_6p3_tuned,prediction ID-VD,REAL_ATLAS_PREDICTION,traps.fixed_interface_charge_Qf_cm2.value=8.7e10 ; thickness_laws.mu0_cm2Vs.mu_band_fitted[6.3]=11.582 ; solver.dos_levels.numa=384 ; solver.dos_levels.numd=192,1457.6,,,,,,,,,,1e-14,,,ID-VD prediction; output_characteristics.csv
run_0043,run_0043_13p2_pred_idvd_13p2,13.2,pred_idvd_13p2,prediction ID-VD,REAL_ATLAS_PREDICTION,traps.fixed_interface_charge_Qf_cm2.value=1.73e12 ; thickness_laws.mu0_cm2Vs.mu_band_fitted[13.2]=61.6046 ; solver.dos_levels.numa=384 ; solver.dos_levels.numd=192,1925.5,,,,,,,,,,1.66796e-18,,,ID-VD prediction; output_characteristics.csv
run_0044,run_0044_2p0_pred_T338K_2p0,2,pred_T338K_2p0,prediction temperature,REAL_ATLAS_SCORED,traps.fixed_interface_charge_Qf_cm2.value=1.73e12 ; thickness_laws.mu0_cm2Vs.mu_band_fitted[2.0]=17.6897 ; solver.dos_levels.numa=384 ; solver.dos_levels.numd=192 ; solver.models=fermi srh temp=338.15 print ; temperature_K.value=338.15,263.3,0.652563,1.51936,83.3915,300.175,2.8907e-07,9.22256,4.28009e-07,0.130638,-15.9062,1.71832e-17,123.547,215.95,elevated T; ATLAS tmu=1.5 applied (P-phonon as simulated)
run_0045,run_0045_2p0_pred_T358K_2p0,2,pred_T358K_2p0,prediction temperature,REAL_ATLAS_SCORED,traps.fixed_interface_charge_Qf_cm2.value=1.73e12 ; thickness_laws.mu0_cm2Vs.mu_band_fitted[2.0]=17.6897 ; solver.dos_levels.numa=384 ; solver.dos_levels.numd=192 ; solver.models=fermi srh temp=358.15 print ; temperature_K.value=358.15,379.8,0.63992,1.51005,81.336,304.527,2.6446e-07,8.4374,3.94032e-07,0.18566,-22.5819,1.24097e-17,125.049,216.913,elevated T; ATLAS tmu=1.5 applied (P-phonon as simulated)
run_0046,run_0046_6p3_pred_T358K_6p3,6.3,pred_T358K_6p3,prediction temperature,REAL_ATLAS_SCORED,traps.fixed_interface_charge_Qf_cm2.value=8.7e10 ; thickness_laws.mu0_cm2Vs.mu_band_fitted[6.3]=11.582 ; solver.dos_levels.numa=384 ; solver.dos_levels.numd=192 ; solver.models=fermi srh temp=358.15 print ; temperature_K.value=358.15,664.1,0.606193,1.43193,111.998,307.313,2.0163e-07,6.43285,3.16169e-07,0.133148,-21.6333,2.67307e-17,123.728,217.929,elevated T; ATLAS tmu=1.5 applied (P-phonon as simulated)
run_0047,run_0047_13p2_pred_T358K_13p2,13.2,pred_T358K_13p2,prediction temperature,REAL_ATLAS_SCORED,traps.fixed_interface_charge_Qf_cm2.value=1.73e12 ; thickness_laws.mu0_cm2Vs.mu_band_fitted[13.2]=61.6046 ; solver.dos_levels.numa=384 ; solver.dos_levels.numd=192 ; solver.models=fermi srh temp=358.15 print ; temperature_K.value=358.15,901.7,-0.00303772,0.964492,150.719,195.159,1.1741e-06,37.4588,2.38989e-06,0.181817,-22.1709,2.32698e-16,92.992,140.098,elevated T; ATLAS tmu=1.5 applied (P-phonon as simulated)
run_0048,run_0048_2p0_sens_wf_p0p1_2p0_dos384,2,sens_wf_p0p1_2p0_dos384,isolation (WF),REAL_ATLAS_SCORED,traps.fixed_interface_charge_Qf_cm2.value=1.73e12 ; thickness_laws.mu0_cm2Vs.mu_band_fitted[2.0]=17.69 ; solver.dos_levels.numa=384 ; solver.dos_levels.numd=192 ; contacts.gate_workfunction_eV.value=4.8,380.5,0.780422,1.6283,83.1353,290.878,3.457e-07,11.0293,4.74196e-07,0.469506,-6.8315,1e-16,123.531,214.958,
run_0049,run_0049_13p2_sens_wf_p0p1_13p2_dos384,13.2,sens_wf_p0p1_13p2_dos384,isolation (WF),REAL_ATLAS_SCORED,traps.fixed_interface_charge_Qf_cm2.value=1.73e12 ; thickness_laws.mu0_cm2Vs.mu_band_fitted[13.2]=60.39 ; solver.dos_levels.numa=384 ; solver.dos_levels.numd=192 ; contacts.gate_workfunction_eV.value=4.8,975.9,0.15532,1.0868,151.369,193.753,1.4949e-06,47.6937,2.86005e-06,0.220873,-6.8597,2.07456e-16,91.2226,144.129,
run_0050,run_0050_2p0_sens_mstar_x1p3_2p0_dos384,2,sens_mstar_x1p3_2p0_dos384,isolation (m*),REAL_ATLAS_SCORED,traps.fixed_interface_charge_Qf_cm2.value=1.73e12 ; thickness_laws.mu0_cm2Vs.mu_band_fitted[2.0]=17.69 ; solver.dos_levels.numa=384 ; solver.dos_levels.numd=192 ; bulk_reference.mstar_bulk_m0.value=0.2704 ; thickness_laws.mstar_m0.b=0.17043,411.5,0.6369,1.4938,73.2573,273.228,3.5189e-07,11.2268,5.30015e-07,0.0866304,4.13564,7.0251e-18,113.335,196.942,
run_0051,run_0051_13p2_sens_mstar_x1p3_13p2_dos384,13.2,sens_mstar_x1p3_13p2_dos384,isolation (m*),REAL_ATLAS_SCORED,traps.fixed_interface_charge_Qf_cm2.value=1.73e12 ; thickness_laws.mu0_cm2Vs.mu_band_fitted[13.2]=60.39 ; solver.dos_levels.numa=384 ; solver.dos_levels.numd=192 ; bulk_reference.mstar_bulk_m0.value=0.2704 ; thickness_laws.mstar_m0.b=0.17043,802.6,0.0266593,0.933868,126.074,180.548,1.5413e-06,49.174,3.18453e-06,0.122256,3.70731,2.46668e-16,86.5239,133.639,
run_0052,run_0052_6p3_hyp_S4_nearEc_band_2e12_mu15p4,6.3,hyp_S4_nearEc_band_2e12_mu15p4,6.3 nm hypothesis,REAL_ATLAS_SCORED,traps.fixed_interface_charge_Qf_cm2.value=8.7e10 ; thickness_laws.mu0_cm2Vs.mu_band_fitted[6.3]=15.4 ; solver.dos_levels.numa=384 ; solver.dos_levels.numd=192 ; traps.bulk_deep_acceptor_gaussian.NGA_cm3_eV=9.0e19 ; traps.bulk_deep_acceptor_gaussian.EGA_from_Ec_eV=0.03 ; traps.bulk_deep_acceptor_gaussian.WGA_eV=0.02,537.6,0.64826,1.58698,116.467,304.45,3.3113e-07,10.5645,4.67893e-07,0.0812122,15.9736,6.34826e-17,125.868,222.91,
run_0053,run_0053_2p0_check_overlap_4um_meshfixed_dos384,2,check_overlap_4um_meshfixed_dos384,numerical check,TIMEOUT,traps.fixed_interface_charge_Qf_cm2.value=1.73e12 ; thickness_laws.mu0_cm2Vs.mu_band_fitted[2.0]=17.69 ; solver.dos_levels.numa=384 ; solver.dos_levels.numd=192 ; geometry.contact_overlap_um.value=4.0,902.1,,,,,,,,,,,,,
run_0054,run_0054_2p0_check_T358K_tmun0_2p0,2,check_T358K_tmun0_2p0,numerical check,REAL_ATLAS_SCORED,traps.fixed_interface_charge_Qf_cm2.value=1.73e12 ; thickness_laws.mu0_cm2Vs.mu_band_fitted[2.0]=17.6897 ; solver.dos_levels.numa=384 ; solver.dos_levels.numd=192 ; solver.models=fermi srh temp=358.15 print ; temperature_K.value=358.15 ; solver.tmun=0,1377.8,0.607365,1.51007,81.338,285.265,3.4497e-07,11.006,5.13981e-07,0.221449,0.985331,1.92987e-17,117.256,202.812,elevated T; ATLAS tmu=1.5 applied (P-phonon as simulated)
run_0055,run_0055_2p0_check_overlap_4um_meshfixed_dos384,2,check_overlap_4um_meshfixed_dos384,numerical check,REAL_ATLAS_SCORED,traps.fixed_interface_charge_Qf_cm2.value=1.73e12 ; thickness_laws.mu0_cm2Vs.mu_band_fitted[2.0]=17.69 ; solver.dos_levels.numa=384 ; solver.dos_levels.numd=192 ; geometry.contact_overlap_um.value=4.0,612.1,0.680422,1.53655,83.136,290.878,3.4779e-07,11.096,5.08975e-07,0.0428623,0.00176829,1e-16,123.531,214.958,
run_0056,run_0056_6p3_hyp_H1_tphys_5p3,6.3,hyp_H1_tphys_5p3,6.3 nm hypothesis,NO_EXPORT,traps.fixed_interface_charge_Qf_cm2.value=1.73e12 ; geometry.film_thickness_override_nm=5.3 ; thickness_laws.mu0_cm2Vs.mu_band_fitted[5.3]=12.4,204,,,,,,,,,,,,,
run_0057,run_0057_6p3_hyp_H2_Nd0_1e16,6.3,hyp_H2_Nd0_1e16,6.3 nm hypothesis,NO_EXPORT,traps.fixed_interface_charge_Qf_cm2.value=1.73e12 ; thickness_laws.Nd_eff_cm3.Nd0=1e16,13.6,,,,,,,,,,,,,
run_0058,run_0058_2p0_v2_anchor_2p0,2,v2_anchor_2p0,V2 calibration anchor,REAL_ATLAS_SCORED,solver.dos_levels.numa=384 ; solver.dos_levels.numd=192,359.8,0.667703,1.5247,75.6274,292.114,3.4785e-07,11.0979,5.13183e-07,0.0661207,0.828543,1e-16,122.559,216.498,
run_0059,run_0059_13p2_v2_anchor_13p2,13.2,v2_anchor_13p2,V2 calibration anchor,REAL_ATLAS_SCORED,solver.dos_levels.numa=384 ; solver.dos_levels.numd=192,772.1,0.103255,1.04192,150.223,191.738,1.5695e-06,50.0737,3.0732e-06,0.096765,0.0817406,5.98044e-17,90.4923,142.364,
run_0060,run_0060_6p3_v2_T3_prediction_6p3,6.3,v2_T3_prediction_6p3,validation (held-out 6.3 nm),REAL_ATLAS_SCORED,solver.dos_levels.numa=384 ; solver.dos_levels.numd=192 ; thickness_laws.mu0_cm2Vs.mu_band_fitted[6.3]=38.3893,508.4,0.270329,1.23977,93.6985,220.094,8.886e-07,28.3501,1.56414e-06,1.0393,287.693,1.24757e-16,97.801,161.153,
MEASURED_6.3nm,data/experimental_clean.csv,6.3,measured,data,DATA,,,,,,,,,,,,,124.492,209.977,
MEASURED_13.2nm,data/experimental_clean.csv,13.2,measured,data,DATA,,,,,,,,,,,,,136.149,121.581,
MEASURED_31.8nm,data/experimental_clean.csv,31.8,measured,data,DATA,,,,,,,,,,,,,,,
MEASURED_2nm,data/experimental_clean.csv,2,measured,data,DATA,,,,,,,,,,,,,121.207,194.787,
