VG_V,reference_ID_A_per_um,candidate_ID_A_per_um,signed_difference_A_per_um,reference_IS_A_per_um,candidate_IS_A_per_um,reference_IG_A_per_um,candidate_IG_A_per_um
-3.0,0.0,0.0,0.0,0.0,0.0,0.0,0.0
-2.95,0.0,0.0,0.0,0.0,0.0,0.0,0.0
-2.9,0.0,0.0,0.0,0.0,0.0,0.0,0.0
-2.85,0.0,0.0,0.0,0.0,0.0,0.0,0.0
-2.8,0.0,0.0,0.0,0.0,0.0,0.0,0.0
-2.75,0.0,0.0,0.0,0.0,0.0,0.0,0.0
-2.7,0.0,0.0,0.0,0.0,0.0,0.0,0.0
-2.65,0.0,0.0,0.0,0.0,0.0,0.0,0.0
-2.6,0.0,0.0,0.0,0.0,0.0,0.0,0.0
-2.55,0.0,0.0,0.0,0.0,0.0,0.0,0.0
-2.5,0.0,0.0,0.0,0.0,0.0,0.0,0.0
-2.45,0.0,0.0,0.0,0.0,0.0,0.0,0.0
-2.4,0.0,0.0,0.0,0.0,0.0,0.0,0.0
-2.35,0.0,0.0,0.0,0.0,0.0,0.0,0.0
-2.3,0.0,0.0,0.0,0.0,0.0,0.0,0.0
-2.25,0.0,0.0,0.0,0.0,0.0,0.0,0.0
-2.2,0.0,0.0,0.0,0.0,0.0,0.0,0.0
-2.15,0.0,0.0,0.0,0.0,0.0,0.0,0.0
-2.1,0.0,0.0,0.0,0.0,0.0,0.0,0.0
-2.05,0.0,0.0,0.0,0.0,0.0,0.0,0.0
-2.0,0.0,0.0,0.0,0.0,0.0,0.0,0.0
-1.95,0.0,0.0,0.0,0.0,0.0,0.0,0.0
-1.9,0.0,0.0,0.0,0.0,0.0,0.0,0.0
-1.85,0.0,0.0,0.0,0.0,0.0,0.0,0.0
-1.8,0.0,0.0,0.0,0.0,0.0,0.0,0.0
-1.75,0.0,0.0,0.0,0.0,0.0,0.0,0.0
-1.7,0.0,0.0,0.0,0.0,0.0,0.0,0.0
-1.65,0.0,0.0,0.0,0.0,0.0,0.0,0.0
-1.6,0.0,0.0,0.0,0.0,0.0,0.0,0.0
-1.55,0.0,0.0,0.0,0.0,0.0,0.0,0.0
-1.5,0.0,0.0,0.0,0.0,0.0,0.0,0.0
-1.45,0.0,0.0,0.0,0.0,0.0,0.0,0.0
-1.4,0.0,0.0,0.0,0.0,0.0,0.0,0.0
-1.35,0.0,0.0,0.0,0.0,0.0,0.0,0.0
-1.3,0.0,0.0,0.0,0.0,0.0,0.0,0.0
-1.25,0.0,0.0,0.0,0.0,0.0,0.0,0.0
-1.2,0.0,0.0,0.0,0.0,0.0,0.0,0.0
-1.15,0.0,0.0,0.0,0.0,0.0,0.0,0.0
-1.1,0.0,0.0,0.0,0.0,0.0,0.0,0.0
-1.05,0.0,0.0,0.0,0.0,0.0,0.0,0.0
-1.0,0.0,0.0,0.0,0.0,0.0,0.0,0.0
-0.95,0.0,0.0,0.0,0.0,0.0,0.0,0.0
-0.9,0.0,0.0,0.0,0.0,0.0,0.0,0.0
-0.85,0.0,0.0,0.0,0.0,0.0,0.0,0.0
-0.8,0.0,0.0,0.0,0.0,0.0,0.0,0.0
-0.75,0.0,0.0,0.0,0.0,0.0,0.0,0.0
-0.7,0.0,0.0,0.0,0.0,0.0,0.0,0.0
-0.65,0.0,0.0,0.0,0.0,0.0,0.0,0.0
-0.6,0.0,0.0,0.0,0.0,0.0,0.0,0.0
-0.55,0.0,0.0,0.0,0.0,0.0,0.0,0.0
-0.5,0.0,0.0,0.0,0.0,0.0,0.0,0.0
-0.45,0.0,0.0,0.0,0.0,0.0,0.0,0.0
-0.4,0.0,0.0,0.0,0.0,0.0,0.0,0.0
-0.35,0.0,0.0,0.0,0.0,0.0,0.0,0.0
-0.3,1.032319692e-21,3.847346076e-22,-6.475850844000001e-22,-1.032319692e-21,-3.847346076e-22,0.0,0.0
-0.25,4.129278768e-21,3.462611468e-21,-6.666673000000006e-22,-4.129278768e-21,-3.462611468e-21,0.0,0.0
-0.2,2.477567261e-20,2.500774949e-20,2.320768799999997e-22,-2.477567261e-20,-2.500774949e-20,0.0,0.0
-0.15,1.744620279e-19,1.739000426e-19,-5.619852999999995e-22,-1.744620279e-19,-1.739000426e-19,0.0,0.0
-0.1,1.203684761e-18,1.203834587e-18,1.49826000000031e-22,-1.203684761e-18,-1.204411689e-18,0.0,0.0
-0.05,8.330303755e-18,8.328927152e-18,-1.3766029999989178e-21,-8.329787595e-18,-8.329119519e-18,0.0,0.0
0.0,5.758537322e-17,5.758592186e-17,5.486400000025908e-22,-5.75869217e-17,-5.758534475e-17,0.0,0.0
0.05,3.977811661e-16,3.977809581e-16,-2.0799999997241218e-22,-3.977801338e-16,-3.977813428e-16,0.0,0.0
0.1,2.73947038e-15,2.739469878e-15,-5.019999997518471e-22,-2.739467799e-15,-2.739469013e-15,0.0,0.0
0.15,1.867557735e-14,1.86755762e-14,-1.1499999982152307e-21,-1.867557554e-14,-1.867557524e-14,0.0,0.0
0.2,1.232160342e-13,1.232160309e-13,-3.2999999962504202e-21,-1.232160352e-13,-1.232160307e-13,0.0,0.0
0.25,7.417182293e-13,7.417180956e-13,-1.336999999980166e-19,-7.417182268e-13,-7.417180953e-13,0.0,0.0
0.3,3.684354036e-12,3.684351271e-12,-2.764999999495875e-18,-3.684354034e-12,-3.684351272e-12,0.0,0.0
0.35,1.398735668e-11,1.398732435e-11,-3.2329999999922174e-17,-1.398735668e-11,-1.398732435e-11,0.0,0.0
0.4,4.085516723e-11,4.085494609e-11,-2.2114000000034816e-16,-4.085516723e-11,-4.085494609e-11,0.0,0.0
0.45,9.694726422e-11,9.694624945e-11,-1.014769999998687e-15,-9.694726422e-11,-9.694624944e-11,0.0,0.0
0.5,1.974872936e-10,1.974837764e-10,-3.5172000000011798e-15,-1.974872936e-10,-1.974837764e-10,0.0,0.0
0.55,3.59984856e-10,3.599748567e-10,-9.999299999991677e-15,-3.59984856e-10,-3.599748567e-10,0.0,0.0
0.6,6.044323314e-10,6.044076998e-10,-2.4631599999963025e-14,-6.044323314e-10,-6.044076998e-10,0.0,0.0
0.65,9.537591841e-10,9.537046467e-10,-5.453740000008199e-14,-9.537591841e-10,-9.537046467e-10,0.0,0.0
0.7,1.434418552e-09,1.434307261e-09,-1.1129100000001514e-13,-1.434418552e-09,-1.434307261e-09,0.0,0.0
0.75,2.077018388e-09,2.076805392e-09,-2.129960000002998e-13,-2.077018388e-09,-2.076805392e-09,0.0,0.0
0.8,2.916896878e-09,2.91650981e-09,-3.870679999999212e-13,-2.916896878e-09,-2.91650981e-09,0.0,0.0
0.85,3.994498367e-09,3.993824634e-09,-6.737330000004773e-13,-3.994498367e-09,-3.993824634e-09,0.0,0.0
0.9,5.355333614e-09,5.354203492e-09,-1.1301219999995666e-12,-5.355333614e-09,-5.354203492e-09,0.0,0.0
0.95,7.049207413e-09,7.047372749e-09,-1.8346640000004516e-12,-7.049207413e-09,-7.047372749e-09,0.0,0.0
1.0,9.12844459e-09,9.125553207e-09,-2.891383000000988e-12,-9.12844459e-09,-9.125553207e-09,0.0,0.0
1.05,1.164553134e-08,1.164109826e-08,-4.4330799999989906e-12,-1.164553134e-08,-1.164109826e-08,0.0,0.0
1.1,1.465133881e-08,1.464471685e-08,-6.6219600000005875e-12,-1.465133881e-08,-1.464471685e-08,0.0,0.0
1.15,1.819425047e-08,1.818460301e-08,-9.647460000000537e-12,-1.819425047e-08,-1.818460301e-08,0.0,0.0
1.2,2.231944601e-08,2.230572353e-08,-1.3722480000002187e-11,-2.231944601e-08,-2.230572353e-08,0.0,0.0
1.25,2.706792846e-08,2.704885022e-08,-1.90782399999995e-11,-2.706792846e-08,-2.704885022e-08,0.0,0.0
1.3,3.247541336e-08,3.244945494e-08,-2.5958419999999353e-11,-3.247541336e-08,-3.244945494e-08,0.0,0.0
1.35,3.857126108e-08,3.853664752e-08,-3.461356000000319e-11,-3.857126108e-08,-3.853664752e-08,0.0,0.0
1.4,4.537754383e-08,4.533224718e-08,-4.5296650000000833e-11,-4.537754383e-08,-4.533224718e-08,0.0,0.0
1.45,5.29082892e-08,5.285002861e-08,-5.826059000000176e-11,-5.29082892e-08,-5.285002861e-08,0.0,0.0
1.5,6.116894145e-08,6.109518377e-08,-7.375767999999211e-11,-6.116894145e-08,-6.109518377e-08,0.0,0.0
1.55,7.015610242e-08,7.00640624e-08,-9.204001999999432e-11,-7.015610242e-08,-7.00640624e-08,0.0,0.0
1.6,7.985762872e-08,7.974426924e-08,-1.1335948000000648e-10,-7.985762872e-08,-7.974426924e-08,0.0,0.0
1.65,9.025314801e-08,9.01151828e-08,-1.3796521000001122e-10,-9.025314801e-08,-9.01151828e-08,0.0,0.0
1.7,1.013150057e-07,1.011489084e-07,-1.660972999999959e-10,-1.013150057e-07,-1.011489084e-07,0.0,0.0
1.75,1.130095787e-07,1.128116021e-07,-1.97976600000002e-10,-1.130095787e-07,-1.128116021e-07,0.0,0.0
1.8,1.252988215e-07,1.250650307e-07,-2.337907999999935e-10,-1.252988215e-07,-1.250650307e-07,0.0,0.0
1.85,1.381418785e-07,1.378681984e-07,-2.73680099999992e-10,-1.381418785e-07,-1.378681984e-07,0.0,0.0
1.9,1.514966024e-07,1.511788797e-07,-3.1772269999997937e-10,-1.514966024e-07,-1.511788797e-07,0.0,0.0
1.95,1.653208678e-07,1.649549428e-07,-3.659250000000106e-10,-1.653208678e-07,-1.649549428e-07,0.0,0.0
2.0,1.795736216e-07,1.791554062e-07,-4.182153999999901e-10,-1.795736216e-07,-1.791554062e-07,0.0,0.0
2.05,1.942156617e-07,1.937412161e-07,-4.744456000000045e-10,-1.942156617e-07,-1.937412161e-07,0.0,0.0
2.1,2.092101663e-07,2.086757682e-07,-5.343981000000062e-10,-2.092101663e-07,-2.086757682e-07,0.0,0.0
2.15,2.245230096e-07,2.239252101e-07,-5.977995000000037e-10,-2.245230096e-07,-2.239252101e-07,0.0,0.0
2.2,2.401229075e-07,2.394585689e-07,-6.643386000000436e-10,-2.401229075e-07,-2.394585689e-07,0.0,0.0
2.25,2.559814301e-07,2.552477447e-07,-7.336854000000405e-10,-2.559814301e-07,-2.552477447e-07,0.0,0.0
2.3,2.720729192e-07,2.712674094e-07,-8.055097999999934e-10,-2.720729192e-07,-2.712674094e-07,0.0,0.0
2.35,2.88374341e-07,2.874948441e-07,-8.794968999999987e-10,-2.88374341e-07,-2.874948441e-07,0.0,0.0
2.4,3.048650984e-07,3.039097396e-07,-9.553587999999863e-10,-3.048650984e-07,-3.039097396e-07,0.0,0.0
2.45,3.215268236e-07,3.204939821e-07,-1.0328414999999876e-09,-3.215268236e-07,-3.204939821e-07,0.0,0.0
2.5,3.38343166e-07,3.372314377e-07,-1.1117282999999683e-09,-3.38343166e-07,-3.372314377e-07,0.0,0.0
2.55,3.552995832e-07,3.541077436e-07,-1.1918396000000498e-09,-3.552995832e-07,-3.541077436e-07,0.0,0.0
2.6,3.723831445e-07,3.711101138e-07,-1.2730306999999825e-09,-3.723831445e-07,-3.711101138e-07,0.0,0.0
2.65,3.895823483e-07,3.882271603e-07,-1.3551879999999685e-09,-3.895823483e-07,-3.882271603e-07,0.0,0.0
2.7,4.068869565e-07,4.054487315e-07,-1.4382249999999586e-09,-4.068869565e-07,-4.054487315e-07,0.0,0.0
2.75,4.242878452e-07,4.227657683e-07,-1.5220769000000248e-09,-4.242878452e-07,-4.227657683e-07,0.0,0.0
2.8,4.41776873e-07,4.401701751e-07,-1.6066978999999905e-09,-4.41776873e-07,-4.401701751e-07,0.0,0.0
2.85,4.593467629e-07,4.576547073e-07,-1.692055599999971e-09,-4.593467629e-07,-4.576547073e-07,0.0,0.0
2.9,4.769909999e-07,4.752128705e-07,-1.7781294000000291e-09,-4.769909999e-07,-4.752128705e-07,0.0,0.0
2.95,4.947037404e-07,4.928388336e-07,-1.864906799999961e-09,-4.947037404e-07,-4.928388336e-07,0.0,0.0
3.0,5.124797328e-07,5.105273515e-07,-1.9523813000000073e-09,-5.124797328e-07,-5.105273515e-07,0.0,0.0
