measurement_index,original_source_row,vg_V,native_vg_V,native_vd_V,native_vs_V,native_vd_internal_V,native_vs_internal_V,measured_A_per_um,simulation_width_um,native_id_signed_A,native_is_signed_A,native_ig_signed_A,native_id_signed_A_per_um,native_is_signed_A_per_um,native_ig_signed_A_per_um,native_channel_electrons_cm3,native_channel_mobility_cm2_Vs,linear_residual_A_per_um,positive_log10_residual,positive_log_valid,kcl_residual_A_per_um,kcl_bound_A_per_um,kcl_pass,all,active,low_current,subthreshold,on,native_bulk_free_electrons_cm3,native_bulk_ionized_acceptors_cm3,native_bulk_ionized_donors_cm3,native_bulk_front_electrons_cm3,native_bulk_back_electrons_cm3
0,2,-3.0,-3.0,0.7,0.0,0.7,0.0,6.77931e-12,1.0,0.0,0.0,0.0,0.0,0.0,0.0,3.427747433e-31,55.0,-6.77931e-12,,False,0.0,1e-18,True,True,False,True,False,False,459712856100.0,1913715157000.0,0.0,7.537214022e-33,1.711287523e-30
1,3,-2.95,-2.95,0.7,0.0,0.7,0.0,6.4931e-12,1.0,0.0,0.0,0.0,0.0,0.0,0.0,4.098589942e-31,55.0,-6.4931e-12,,False,0.0,1e-18,True,True,False,True,False,False,464595792400.0,1958827668000.0,0.0,9.72849639e-33,2.033655798e-30
2,4,-2.9,-2.9,0.7,0.0,0.7,0.0,6.8e-12,1.0,0.0,0.0,0.0,0.0,0.0,0.0,5.183537559e-31,55.0,-6.8e-12,,False,0.0,1e-18,True,True,False,True,False,False,469786793800.0,2006697606000.0,0.0,1.332424262e-32,2.554961168e-30
3,5,-2.85,-2.85,0.7,0.0,0.7,0.0,6.53448e-12,1.0,0.0,0.0,0.0,0.0,0.0,0.0,7.188367417e-31,55.0,-6.53448e-12,,False,0.0,1e-18,True,True,False,True,False,False,475298334800.0,2057425639000.0,0.0,2.004998435e-32,3.518170953e-30
4,6,-2.8,-2.8,0.7,0.0,0.7,0.0,6.57586e-12,1.0,0.0,0.0,0.0,0.0,0.0,0.0,1.175569921e-30,55.0,-6.57586e-12,,False,0.0,1e-18,True,True,False,True,False,False,481088143200.0,2110617480000.0,0.0,3.551112818e-32,5.712373898e-30
5,7,-2.75,-2.75,0.7,0.0,0.7,0.0,6.8e-12,1.0,0.0,0.0,0.0,0.0,0.0,0.0,2.631226983e-30,55.0,-6.8e-12,,False,0.0,1e-18,True,True,False,True,False,False,487132163500.0,2166050204000.0,0.0,8.504244359e-32,1.270527793e-29
6,8,-2.7,-2.7,0.7,0.0,0.7,0.0,6.49655e-12,1.0,0.0,0.0,0.0,0.0,0.0,0.0,9.827270262e-30,55.0,-6.49655e-12,,False,0.0,1e-18,True,True,False,True,False,False,493435822900.0,2223769713000.0,0.0,3.303202776e-31,4.727428619e-29
7,9,-2.65,-2.65,0.7,0.0,0.7,0.0,6.82759e-12,1.0,0.0,0.0,0.0,0.0,0.0,0.0,5.670648221e-29,55.0,-6.82759e-12,,False,0.0,1e-18,True,True,False,True,False,False,500005202000.0,2283827483000.0,0.0,1.928516109e-30,2.724692755e-28
8,10,-2.6,-2.6,0.7,0.0,0.7,0.0,6.55172e-12,1.0,0.0,0.0,0.0,0.0,0.0,0.0,3.652716499e-28,55.0,-6.55172e-12,,False,0.0,1e-18,True,True,False,True,False,False,506847591700.0,2346285985000.0,0.0,1.244559723e-29,1.754319685e-27
9,11,-2.55,-2.55,0.7,0.0,0.7,0.0,6.53793e-12,1.0,0.0,0.0,0.0,0.0,0.0,0.0,2.174642805e-27,55.0,-6.53793e-12,,False,0.0,1e-18,True,True,False,True,False,False,513976443100.0,2411263290000.0,0.0,7.408725417e-29,1.043934606e-26
10,12,-2.5,-2.5,0.7,0.0,0.7,0.0,6.84138e-12,1.0,0.0,0.0,0.0,0.0,0.0,0.0,1.276236953e-26,55.0,-6.84138e-12,,False,0.0,1e-18,True,True,False,True,False,False,521408221400.0,2478904168000.0,0.0,4.346731146e-28,6.124340382e-26
11,13,-2.45,-2.45,0.7,0.0,0.7,0.0,6.55862e-12,1.0,0.0,0.0,0.0,0.0,0.0,0.0,8.168533261e-26,55.0,-6.55862e-12,,False,0.0,1e-18,True,True,False,True,False,False,529161080000.0,2549367866000.0,0.0,2.781725929e-27,3.919246631e-25
12,14,-2.4,-2.4,0.7,0.0,0.7,0.0,6.52069e-12,1.0,0.0,0.0,0.0,0.0,0.0,0.0,5.520939481e-25,55.0,-6.52069e-12,,False,0.0,1e-18,True,True,False,True,False,False,537254729900.0,2622826729000.0,0.0,1.88002878e-26,2.648809711e-24
13,15,-2.35,-2.35,0.7,0.0,0.7,0.0,6.7931e-12,1.0,0.0,0.0,0.0,0.0,0.0,0.0,3.796721228e-24,55.0,-6.7931e-12,,False,0.0,1e-18,True,True,False,True,False,False,545710554900.0,2699467010000.0,0.0,1.292871701e-25,1.821550586e-23
14,16,-2.3,-2.3,0.7,0.0,0.7,0.0,6.52759e-12,1.0,0.0,0.0,0.0,0.0,0.0,0.0,2.622717488e-23,55.0,-6.52759e-12,,False,0.0,1e-18,True,True,False,True,False,False,554551784000.0,2779490158000.0,0.0,8.93093854e-25,1.258295973e-22
15,17,-2.25,-2.25,0.7,0.0,0.7,0.0,6.51724e-12,1.0,0.0,0.0,0.0,0.0,0.0,0.0,1.813722245e-22,55.0,-6.51724e-12,,False,0.0,1e-18,True,True,False,True,False,False,563803691300.0,2863114298000.0,0.0,6.176125902e-24,8.701654327e-22
16,18,-2.2,-2.2,0.7,0.0,0.7,0.0,6.8e-12,1.0,0.0,0.0,0.0,0.0,0.0,0.0,1.25459923e-21,55.0,-6.8e-12,,False,0.0,1e-18,True,True,False,True,False,False,573493822400.0,2950575904000.0,0.0,4.272188128e-23,6.019162309e-21
17,19,-2.15,-2.15,0.7,0.0,0.7,0.0,6.75517e-12,1.0,0.0,0.0,0.0,0.0,0.0,0.0,8.678945014e-21,55.0,-6.75517e-12,,False,0.0,1e-18,True,True,False,True,False,False,583652251800.0,3042131662000.0,0.0,2.955373222e-22,4.163878257e-20
18,20,-2.1,-2.1,0.7,0.0,0.7,0.0,6.46207e-12,1.0,0.0,0.0,0.0,0.0,0.0,0.0,6.003929267e-20,55.0,-6.46207e-12,,False,0.0,1e-18,True,True,False,True,False,False,594311872600.0,3138060565000.0,0.0,2.044471319e-21,2.880492285e-19
19,21,-2.05,-2.05,0.7,0.0,0.7,0.0,6.78276e-12,1.0,0.0,0.0,0.0,0.0,0.0,0.0,4.153420242e-19,55.0,-6.78276e-12,,False,0.0,1e-18,True,True,False,True,False,False,605508726500.0,3238666275000.0,0.0,1.414332082e-20,1.992677842e-18
20,22,-2.0,-2.0,0.7,0.0,0.7,0.0,6.51379e-12,1.0,0.0,0.0,0.0,0.0,0.0,0.0,2.87327143e-18,55.0,-6.51379e-12,,False,0.0,1e-18,True,True,False,True,False,False,617282378900.0,3344279782000.0,0.0,9.784130481e-20,1.378503712e-17
21,23,-1.95,-1.95,0.7,0.0,0.7,0.0,6.50345e-12,1.0,0.0,0.0,0.0,0.0,0.0,0.0,1.987685253e-17,55.0,-6.50345e-12,,False,0.0,1e-18,True,True,False,True,False,False,629676345300.0,3455262420000.0,0.0,6.768512916e-19,9.536279502e-17
22,24,-1.9,-1.9,0.7,0.0,0.7,0.0,6.77241e-12,1.0,0.0,0.0,0.0,0.0,0.0,0.0,1.375050628e-16,55.0,-6.77241e-12,,False,0.0,1e-18,True,True,False,True,False,False,642738579300.0,3572009289000.0,0.0,4.682355688e-18,6.59705517e-16
23,25,-1.85,-1.85,0.7,0.0,0.7,0.0,6.50345e-12,1.0,0.0,0.0,0.0,0.0,0.0,0.0,9.512394516e-16,55.0,-6.50345e-12,,False,0.0,1e-18,True,True,False,True,False,False,656522030400.0,3694953165000.0,0.0,3.23918411e-17,4.563744828e-15
24,26,-1.8,-1.8,0.7,0.0,0.7,0.0,6.5e-12,1.0,0.0,0.0,0.0,0.0,0.0,0.0,6.580533236e-15,55.0,-6.5e-12,,False,0.0,1e-18,True,True,False,True,False,False,671085284100.0,3824568975000.0,0.0,2.240819807e-16,3.157131421e-14
25,27,-1.75,-1.75,0.7,0.0,0.7,0.0,6.80345e-12,1.0,0.0,0.0,0.0,0.0,0.0,0.0,4.552314435e-14,55.0,-6.80345e-12,,False,0.0,1e-18,True,True,False,True,False,False,686493298800.0,3961378948000.0,0.0,1.550165861e-15,2.184056655e-13
26,28,-1.7,-1.7,0.7,0.0,0.7,0.0,6.71379e-12,1.0,0.0,0.0,0.0,0.0,0.0,0.0,3.14921579e-13,55.0,-6.71379e-12,,False,0.0,1e-18,True,True,False,True,False,False,702818256000.0,4105958562000.0,0.0,1.072379258e-14,1.510894507e-12
27,29,-1.65,-1.65,0.7,0.0,0.7,0.0,6.44138e-12,1.0,0.0,0.0,0.0,0.0,0.0,0.0,2.178538315e-12,55.0,-6.44138e-12,,False,0.0,1e-18,True,True,False,True,False,False,720140544900.0,4258943465000.0,0.0,7.418417005e-14,1.045194183e-11
28,30,-1.6,-1.6,0.7,0.0,0.7,0.0,6.75172e-12,1.0,0.0,0.0,0.0,0.0,0.0,0.0,1.50687246e-11,55.0,-6.75172e-12,,False,0.0,1e-18,True,True,False,True,False,False,738549907200.0,4421037545000.0,0.0,5.131241954e-13,7.229499494e-11
29,31,-1.55,-1.55,0.7,0.0,0.7,0.0,6.74138e-12,1.0,0.0,0.0,0.0,0.0,0.0,0.0,1.041437016e-10,55.0,-6.74138e-12,,False,0.0,1e-18,True,True,False,True,False,False,758146773100.0,4593022416000.0,0.0,3.546323026e-12,4.996477907e-10
30,32,-1.5,-1.5,0.7,0.0,0.7,0.0,6.46207e-12,1.0,0.0,0.0,0.0,0.0,0.0,0.0,7.158510608e-10,55.0,-6.46207e-12,,False,0.0,1e-18,True,True,False,True,False,False,779043827800.0,4775768609000.0,0.0,2.437601678e-11,3.434377135e-09
31,33,-1.45,-1.45,0.7,0.0,0.7,0.0,6.76207e-12,1.0,0.0,0.0,0.0,0.0,0.0,0.0,4.775748002e-09,55.0,-6.76207e-12,,False,0.0,1e-18,True,True,False,True,False,False,801367857800.0,4970248886000.0,0.0,1.626116674e-10,2.291049748e-08
32,34,-1.4,-1.4,0.7,0.0,0.7,0.0,6.73103e-12,1.0,0.0,0.0,0.0,0.0,0.0,0.0,2.983520504e-08,55.0,-6.73103e-12,,False,0.0,1e-18,True,True,False,True,False,False,825261938700.0,5177554145000.0,0.0,1.015673553e-09,1.430968241e-07
33,35,-1.35,-1.35,0.7,0.0,0.7,0.0,6.45862e-12,1.0,0.0,0.0,0.0,0.0,0.0,0.0,1.91645163e-07,55.0,-6.45862e-12,,False,0.0,1e-18,True,True,False,True,False,False,850888044200.0,5398912576000.0,0.0,6.523126567e-09,9.190225693e-07
34,36,-1.3,-1.3,0.7,0.0,0.7,0.0,6.74138e-12,1.0,0.0,0.0,0.0,0.0,0.0,0.0,1.305998065e-06,55.0,-6.74138e-12,,False,0.0,1e-18,True,True,False,True,False,False,878430178100.0,5635712861000.0,0.0,4.445141615e-08,6.262601419e-06
35,37,-1.25,-1.25,0.7,0.0,0.7,0.0,6.72759e-12,1.0,0.0,0.0,0.0,0.0,0.0,0.0,9.019383849e-06,55.0,-6.72759e-12,,False,0.0,1e-18,True,True,False,True,False,False,908098162900.0,5889532497000.0,0.0,3.069858144e-07,4.325012326e-05
36,38,-1.2,-1.2,0.7,0.0,0.7,0.0,6.43103e-12,1.0,0.0,0.0,0.0,0.0,0.0,0.0,6.238364923e-05,55.0,-6.43103e-12,,False,0.0,1e-18,True,True,False,True,False,False,940132259200.0,6162172603000.0,0.0,2.12330386e-06,0.0002991446131
37,39,-1.15,-1.15,0.7,0.0,0.7,0.0,6.50345e-12,1.0,0.0,0.0,0.0,0.0,0.0,0.0,0.0004315369795,55.0,-6.50345e-12,,False,0.0,1e-18,True,True,False,True,False,False,974808848100.0,6455701023000.0,0.0,1.468789178e-05,0.002069324058
38,40,-1.1,-1.1,0.7,0.0,0.7,0.0,6.74828e-12,1.0,0.0,0.0,0.0,0.0,0.0,0.0,0.002985153226,55.0,-6.74828e-12,,False,0.0,1e-18,True,True,False,True,False,False,1012447489000.0,6772506134000.0,0.0,0.0001016034103,0.0143145375
39,41,-1.05,-1.05,0.7,0.0,0.7,0.0,6.46897e-12,1.0,0.0,0.0,0.0,0.0,0.0,0.0,0.02064943127,55.0,-6.46897e-12,,False,0.0,1e-18,True,True,False,True,False,False,1053419771000.0,7115364529000.0,0.0,0.0007028394609,0.09902036701
40,42,-1.0,-1.0,0.7,0.0,0.7,0.0,6.68966e-12,1.0,0.0,0.0,0.0,0.0,0.0,0.0,0.1427438776,55.0,-6.68966e-12,,False,0.0,1e-18,True,True,False,True,False,False,1098160543000.0,7487526906000.0,0.0,0.004861863806,0.6849356891
41,43,-0.95,-0.95,0.7,0.0,0.7,0.0,6.59655e-12,1.0,0.0,0.0,0.0,0.0,0.0,0.0,0.9684253168,55.0,-6.59655e-12,,False,0.0,1e-18,True,True,False,True,False,False,1147182315000.0,7892828019000.0,0.0,0.03363149675,4.737496883
42,44,-0.9,-0.9,0.7,0.0,0.7,0.0,6.45172e-12,1.0,0.0,0.0,0.0,0.0,0.0,0.0,6.485475956,55.0,-6.45172e-12,,False,0.0,1e-18,True,True,False,True,False,False,1201093957000.0,8335828800000.0,0.0,0.2325951578,32.77100368
43,45,-0.85,-0.85,0.7,0.0,0.7,0.0,6.75862e-12,1.0,0.0,0.0,0.0,0.0,0.0,0.0,44.77114588,55.0,-6.75862e-12,,False,0.0,1e-18,True,True,False,True,False,False,1260625292000.0,8822002195000.0,0.0,1.604832099,226.6897828
44,46,-0.8,-0.8,0.7,0.0,0.7,0.0,6.49655e-12,1.0,0.0,0.0,0.0,0.0,0.0,0.0,309.6843186,55.0,-6.49655e-12,,False,0.0,1e-18,True,True,False,True,False,False,1326659862000.0,9357980027000.0,0.0,11.09059156,1568.09485
45,47,-0.75,-0.75,0.7,0.0,0.7,0.0,6.43448e-12,1.0,0.0,0.0,0.0,0.0,0.0,0.0,2142.185331,55.0,-6.43448e-12,,False,0.0,1e-18,True,True,False,True,False,False,1400279210000.0,9951890276000.0,0.0,76.7151527,10847.02298
46,48,-0.7,-0.7,0.7,0.0,0.7,0.0,6.76207e-12,1.0,1.032319692e-21,-1.032319692e-21,0.0,1.032319692e-21,-1.032319692e-21,0.0,14818.10954,55.0,-6.76206999896768e-12,-9.816265450410581,True,0.0,1.0000206463938402e-18,True,True,False,True,False,False,1482823610000.0,10613846900000.0,0.0,530.6603929,75031.96636
47,49,-0.65,-0.65,0.7,0.0,0.7,0.0,6.71379e-12,1.0,6.193918152e-21,-6.193918152e-21,0.0,6.193918152e-21,-6.193918152e-21,0.0,102500.4403,55.0,-6.713789993806082e-12,-9.03500229068694,True,0.0,1.00012387836304e-18,True,True,False,True,False,False,1575976703000.0,11356765100000.0,0.0,3670.705991,519014.2203
48,50,-0.6,-0.6,0.7,0.0,0.7,0.0,6.48276e-12,1.0,4.129278768e-20,-4.129278768e-20,0.0,4.129278768e-20,-4.129278768e-20,0.0,709014.894,55.0,-6.482759958707213e-12,-8.195885740641843,True,0.0,1.0008258557536e-18,True,True,False,True,False,False,1681885781000.0,12198097850000.0,0.0,25390.9666,3590119.299
49,51,-0.55,-0.55,0.7,0.0,0.7,0.0,6.76552e-12,1.0,2.890495138e-19,-2.880171941e-19,0.0,2.890495138e-19,-2.880171941e-19,0.0,4904345.596,55.0,-6.765519710950487e-12,-7.369328939026989,True,1.0323196999999777e-21,1.005770667079e-18,True,True,False,True,False,False,1803338437000.0,13164793070000.0,0.0,175632.5341,24833307.71
50,52,-0.5,-0.5,0.7,0.0,0.7,0.0,6.42069e-12,1.0,1.998054764e-18,-1.997538604e-18,0.0,1.998054764e-18,-1.997538604e-18,0.0,33923596.35,55.0,-6.420688001945236e-12,-6.506974314588364,True,5.161599999997426e-22,1.03995593368e-18,True,True,False,True,False,False,1944045578000.0,14310769170000.0,0.0,1214859.053,171773163.5
51,53,-0.45,-0.45,0.7,0.0,0.7,0.0,6.65517e-12,1.0,1.382276068e-17,-1.382172836e-17,0.0,1.382276068e-17,-1.382172836e-17,0.0,234647419.7,55.0,-6.65515617723932e-12,-5.682564364653214,True,1.0323199999994851e-21,1.2764448904000001e-18,True,True,False,True,False,False,2109229288000.0,15785159120000.0,0.0,8403113.565,1188143486.0
52,54,-0.4,-0.4,0.7,0.0,0.7,0.0,6.76552e-12,1.0,9.55860934e-17,-9.558506108e-17,0.0,9.55860934e-17,-9.558506108e-17,0.0,1622993586.0,55.0,-6.7654244139066e-12,-4.8499064698566485,True,1.0323199999979444e-21,2.9117115448e-18,True,True,False,True,False,False,2307650709000.0,18109492140000.0,0.0,58122341.16,8218046263.0
53,55,-0.35,-0.35,0.7,0.0,0.7,0.0,6.46897e-12,1.0,6.609927503e-16,-6.609919761e-16,0.0,6.609927503e-16,-6.609919761e-16,0.0,11224926610.0,55.0,-6.4683090072496994e-12,-3.9906384408794384,True,7.741999999434425e-22,1.4219847264e-17,True,True,False,True,False,False,2562525299000.0,23317727540000.0,0.0,401992082.7,56836816430.0
54,56,-0.3,-0.3,0.7,0.0,0.7,0.0,6.8931e-12,1.0,4.569800808e-15,-4.56980055e-15,0.0,4.569800808e-15,-4.56980055e-15,0.0,77612435730.0,55.0,-6.888530199192e-12,-3.1785173088434533,True,2.5800000011132154e-22,9.239601358e-17,True,True,False,True,False,False,2982037182000.0,39651292520000.0,0.0,2779696280.0,392965529300.0
55,57,-0.25,-0.25,0.7,0.0,0.7,0.0,6.94828e-12,1.0,3.156681093e-14,-3.156681196e-14,0.0,3.156681093e-14,-3.156681196e-14,0.0,536063213200.0,55.0,-6.91671318907e-12,-2.3426466021597037,True,-1.029999995081392e-21,6.323362289000001e-16,True,True,False,True,False,False,4237107982000.0,100773809900000.0,0.0,19205040370.0,2713583401000.0
56,58,-0.2,-0.2,0.7,0.0,0.7,0.0,8.04483e-12,1.0,2.173227005e-13,-2.173226985e-13,0.0,2.173227005e-13,-2.173226985e-13,0.0,3686658210000.0,55.0,-7.827507299500001e-12,-1.5684117781671212,True,2.000000012261692e-21,4.347453989999999e-15,True,True,False,True,False,False,10807553810000.0,342881663100000.0,0.0,132245959700.0,18645049960000.0
57,59,-0.15,-0.15,0.7,0.0,0.7,0.0,1.24759e-11,1.0,1.476288782e-12,-1.47628878e-12,0.0,1.476288782e-12,-1.47628878e-12,0.0,24923076410000.0,55.0,-1.0999611218e-11,-0.926900565375508,True,2.000000138479437e-21,2.952677562e-14,True,True,False,True,False,False,52286372080000.0,1295941300000000.0,0.0,898628238000.0,125582043000000.0
58,60,-0.1,-0.1,0.7,0.0,0.7,0.0,2.58828e-11,1.0,9.544548206e-12,-9.5445482e-12,0.0,9.544548206e-12,-9.5445482e-12,0.0,158208408200000.0,55.0,-1.6338251793999998e-11,-0.4332558807342455,True,5.999999809593135e-21,1.9089196406e-13,True,True,False,True,False,False,304716628400000.0,4777899055000000.0,0.0,5816205217000.0,786141188700000.0
59,61,-0.05,-0.05,0.7,0.0,0.7,0.0,7.87931e-11,1.0,5.335932058e-11,-5.335932057e-11,0.0,5.335932058e-11,-5.335932057e-11,0.0,838799989100000.0,55.0,-2.543377942e-11,-0.16927789639411017,True,9.999999682655225e-21,1.0671874115e-12,True,True,True,False,True,False,1525779726000000.0,1.512977146e+16,0.0,32764645030000.0,3991906696000000.0
60,62,0.0,0.0,0.7,0.0,0.7,0.0,2.34172e-10,1.0,2.267186519e-10,-2.267186519e-10,0.0,2.267186519e-10,-2.267186519e-10,0.0,3231361254000000.0,55.0,-7.453348099999988e-12,-0.014047714612493323,True,0.0,4.534374038e-12,True,True,True,False,True,False,5405340345000000.0,3.684450125e+16,0.0,144394182000000.0,1.400274867e+16
61,63,0.05,0.05,0.7,0.0,0.7,0.0,5.84828e-10,1.0,7.041896363e-10,-7.041896363e-10,0.0,7.041896363e-10,-7.041896363e-10,0.0,8937898582000000.0,55.0,1.1936163629999998e-10,0.08066147187681239,True,0.0,1.4083793726000001e-11,True,True,True,False,True,False,1.343855691e+16,6.940467591e+16,0.0,493267103200000.0,3.362664681e+16
62,64,0.1,0.1,0.7,0.0,0.7,0.0,1.33414e-09,1.0,1.694946244e-09,-1.694946244e-09,0.0,1.694946244e-09,-1.694946244e-09,0.0,1.934095194e+16,55.0,3.608062440000001e-10,0.10395452358762292,True,0.0,3.389892588e-11,True,True,True,False,True,False,2.595474137e+16,1.093191249e+17,0.0,1393018024000000.0,6.149093987e+16
63,65,0.15,0.15,0.7,0.0,0.7,0.0,2.66586e-09,1.0,3.402026228e-09,-3.402026228e-09,0.0,3.402026228e-09,-3.402026228e-09,0.0,3.54429208e+16,55.0,7.36166228e-10,0.10590031917565668,True,0.0,6.804052556e-11,True,True,True,False,True,False,4.267798362e+16,1.538960191e+17,0.0,3448235286000000.0,9.439055815e+16
64,66,0.2,0.2,0.7,0.0,0.7,0.0,4.55172e-09,1.0,6.015861958e-09,-6.015861958e-09,0.0,6.015861958e-09,-6.015861958e-09,0.0,5.782466396e+16,55.0,1.464141958e-09,0.12112232373653065,True,0.0,1.2031724016e-10,True,True,True,False,True,False,6.332091485e+16,2.017045744e+17,0.0,7754479070000000.0,1.293465877e+17
65,67,0.25,0.25,0.7,0.0,0.7,0.0,7.58966e-09,1.0,9.723622585e-09,-9.723622585e-09,0.0,9.723622585e-09,-9.723622585e-09,0.0,8.6553086e+16,55.0,2.133962585e-09,0.10760577279114969,True,0.0,1.9447245269999999e-10,True,True,True,False,True,False,8.779256042e+16,2.520080779e+17,0.0,1.616623672e+16,1.641497412e+17
66,68,0.3,0.3,0.7,0.0,0.7,0.0,1.18448e-08,1.0,1.472221582e-08,-1.472221582e-08,0.0,1.472221582e-08,-1.472221582e-08,0.0,1.211336185e+17,55.0,2.8774158199999998e-09,0.09444544793459464,True,0.0,2.944443174e-10,True,True,True,False,True,False,1.162405298e+17,3.04316763e+17,0.0,3.160409756e+16,1.973312305e+17
67,69,0.35,0.35,0.7,0.0,0.7,0.0,1.76793e-08,1.0,2.123049041e-08,-2.123049041e-08,0.0,2.123049041e-08,-2.123049041e-08,0.0,1.605616354e+17,55.0,3.5511904100000025e-09,0.07949496077191398,True,0.0,4.246098092e-10,True,True,True,False,True,False,1.490362447e+17,3.581359858e+17,0.0,5.832267042e+16,2.280106844e+17
68,70,0.4,0.4,0.7,0.0,0.7,0.0,2.51138e-08,1.0,2.949780036e-08,-2.949780036e-08,0.0,2.949780036e-08,-2.949780036e-08,0.0,2.034666092e+17,55.0,4.384000359999999e-09,0.06987720068979364,True,0.0,5.899560082000001e-10,True,True,True,False,True,False,1.867255071e+17,4.128472681e+17,0.0,1.020034436e+17,2.557418319e+17
69,71,0.45,0.45,0.7,0.0,0.7,0.0,3.49e-08,1.0,3.980636821e-08,-3.980636821e-08,0.0,3.980636821e-08,-3.980636821e-08,0.0,2.483109292e+17,55.0,4.9063682099999975e-09,0.057127128964372886,True,0.0,7.961273652e-10,True,True,True,False,False,True,2.299475899e+17,4.676850129e+17,0.0,1.695103571e+17,2.803841524e+17
70,72,0.5,0.5,0.7,0.0,0.7,0.0,4.62069e-08,1.0,5.246564395e-08,-5.246564395e-08,0.0,5.246564395e-08,-5.246564395e-08,0.0,2.935961807e+17,55.0,6.2587439500000036e-09,0.05516817477564384,True,0.0,1.04931288e-09,True,True,True,False,False,True,2.793314324e+17,5.217889216e+17,0.0,2.682079748e+17,3.020042181e+17
71,73,0.55,0.55,0.7,0.0,0.7,0.0,6.05172e-08,1.0,6.779773286e-08,-6.779773286e-08,0.0,6.779773286e-08,-6.779773286e-08,0.0,3.3803512e+17,55.0,7.28053286000001e-09,0.04933634545679588,True,0.0,1.3559546582000001e-09,True,True,True,False,False,True,3.353914718e+17,5.743143073e+17,0.0,4.049232595e+17,3.20802444e+17
72,74,0.6,0.6,0.7,0.0,0.7,0.0,7.7931e-08,1.0,8.611271811e-08,-8.611271811e-08,0.0,8.611271811e-08,-8.611271811e-08,0.0,3.806639895e+17,55.0,8.181718109999996e-09,0.04335704867865697,True,0.0,1.7222543631999998e-09,True,True,True,False,False,True,3.984638212e+17,6.245792491e+17,0.0,5.848767535e+17,3.370596909e+17
73,75,0.65,0.65,0.7,0.0,0.7,0.0,9.83103e-08,1.0,1.076724223e-07,-1.076724223e-07,0.0,1.076724223e-07,-1.076724223e-07,0.0,4.208869482e+17,55.0,9.362122299999992e-09,0.03950546207890415,True,0.0,2.153448447e-09,True,True,True,False,False,True,4.687251995e+17,6.722083437e+17,0.0,8.110468709e+17,3.510981347e+17
74,76,0.7,0.7,0.7,0.0,0.7,0.0,1.22e-07,1.0,1.326539426e-07,-1.326539426e-07,0.0,1.326539426e-07,-1.326539426e-07,0.0,4.584426157e+17,55.0,1.0653942599999982e-08,0.03636033147608586,True,0.0,2.653078853e-09,True,True,True,False,False,True,5.462595444e+17,7.171594509e+17,0.0,1.08416541e+18,3.632469023e+17
75,77,0.75,0.75,0.7,0.0,0.7,0.0,1.49172e-07,1.0,1.611470787e-07,-1.611470787e-07,0.0,1.611470787e-07,-1.611470787e-07,0.0,4.932973338e+17,55.0,1.1975078699999983e-08,0.033535124457849896,True,0.0,3.222941575e-09,True,True,True,False,False,True,6.310412561e+17,7.595388546e+17,0.0,1.402959025e+18,3.738083662e+17
76,78,0.8,0.8,0.7,0.0,0.7,0.0,1.79517e-07,1.0,1.931875302e-07,-1.931875302e-07,0.0,1.931875302e-07,-1.931875302e-07,0.0,5.25540062e+17,55.0,1.3670530199999996e-08,0.031873508377905146,True,0.0,3.8637506050000005e-09,True,True,True,False,False,True,7.228590917e+17,7.994021188e+17,0.0,1.764413411e+18,3.830406596e+17
77,79,0.85,0.85,0.7,0.0,0.7,0.0,2.13241e-07,1.0,2.287819948e-07,-2.287819948e-07,0.0,2.287819948e-07,-2.287819948e-07,0.0,5.553332798e+17,55.0,1.554099480000001e-08,0.030551131887354366,True,0.0,4.5756398970000005e-09,True,True,True,False,False,True,8.213337086e+17,8.367381124e+17,0.0,2.164347641e+18,3.911609128e+17
78,80,0.9,0.9,0.7,0.0,0.7,0.0,2.47276e-07,1.0,2.679101237e-07,-2.679101237e-07,0.0,2.679101237e-07,-2.679101237e-07,0.0,5.828901622e+17,55.0,2.063412369999996e-08,0.03480715804277423,True,0.0,5.3582024749999995e-09,True,True,True,False,False,True,9.260149447e+17,8.715360374e+17,0.0,2.598217643e+18,3.983533392e+17
79,81,0.95,0.95,0.7,0.0,0.7,0.0,2.87828e-07,1.0,3.105167521e-07,-3.105167521e-07,0.0,3.105167521e-07,-3.105167521e-07,0.0,6.084511265e+17,55.0,2.2688752099999994e-08,0.032951994980086496,True,0.0,6.2103350430000006e-09,True,True,True,False,False,True,1.036470825e+18,9.0382324e+17,0.0,3.061782833e+18,4.04774045e+17
80,82,1.0,1.0,0.7,0.0,0.7,0.0,3.3131e-07,1.0,3.565050314e-07,-3.565050314e-07,0.0,3.565050314e-07,-3.565050314e-07,0.0,6.322605824e+17,55.0,2.5195031399999995e-08,0.03183111900110891,True,0.0,7.130100629000001e-09,True,True,True,False,False,True,1.15233406e+18,9.336657806e+17,0.0,3.551465056e+18,4.105537533e+17
81,83,1.05,1.05,0.7,0.0,0.7,0.0,3.77724e-07,1.0,4.057332856e-07,-4.057332856e-07,0.0,4.057332856e-07,-4.057332856e-07,0.0,6.545498111e+17,55.0,2.800928560000002e-08,0.03106605776766891,True,0.0,8.114665713e-09,True,True,True,False,False,True,1.273312351e+18,9.611566899e+17,0.0,4.064443671e+18,4.158004157e+17
82,84,1.1,1.1,0.7,0.0,0.7,0.0,4.23103e-07,1.0,4.580148855e-07,-4.580148855e-07,0.0,4.580148855e-07,-4.580148855e-07,0.0,6.75527514e+17,55.0,3.49118855e-08,0.034433488124178346,True,0.0,9.160297711e-09,True,True,True,False,False,True,1.399178316e+18,9.864078919e+17,0.0,4.59859828e+18,4.206022352e+17
83,85,1.15,1.15,0.7,0.0,0.7,0.0,4.73793e-07,1.0,5.131211327e-07,-5.131211327e-07,0.0,5.131211327e-07,-5.131211327e-07,0.0,6.953760925e+17,55.0,3.9328132700000014e-08,0.034631261277438874,True,0.0,1.0262422655e-08,True,True,True,False,False,True,1.529749214e+18,1.009547722e+18,0.0,5.152381204e+18,4.250307805e+17
84,86,1.2,1.2,0.7,0.0,0.7,0.0,5.27931e-07,1.0,5.707886604e-07,-5.707886604e-07,0.0,5.707886604e-07,-5.707886604e-07,0.0,7.142510969e+17,55.0,4.285766040000007e-08,0.03389817216380031,True,0.0,1.1415773209000001e-08,True,True,True,False,False,True,1.664860924e+18,1.030720022e+18,0.0,5.724659167e+18,4.291438143e+17
85,87,1.25,1.25,0.7,0.0,0.7,0.0,5.84138e-07,1.0,6.307322653e-07,-6.307322653e-07,0.0,6.307322653e-07,-6.307322653e-07,0.0,7.322822614e+17,55.0,4.659426529999997e-08,0.03332958865713298,True,0.0,1.2614645307000001e-08,True,True,True,False,False,True,1.804340902e+18,1.050081585e+18,0.0,6.314547062e+18,4.329877027e+17
86,88,1.3,1.3,0.7,0.0,0.7,0.0,6.42414e-07,1.0,6.926616756e-07,-6.926616756e-07,0.0,6.926616756e-07,-6.926616756e-07,0.0,7.495755481e+17,55.0,5.024767559999992e-08,0.03270616227893175,True,0.0,1.3853233513e-08,True,True,True,False,False,True,1.947987092e+18,1.067797009e+18,0.0,6.921257767e+18,4.365994699e+17
87,89,1.35,1.35,0.7,0.0,0.7,0.0,7.01379e-07,1.0,7.562985261e-07,-7.562985261e-07,0.0,7.562985261e-07,-7.562985261e-07,0.0,7.662160474e+17,55.0,5.491952609999996e-08,0.03274049550721525,True,0.0,1.5125970523e-08,True,True,True,False,False,True,2.095558849e+18,1.084031793e+18,0.0,7.543991711e+18,4.400086018e+17
88,90,1.4,1.4,0.7,0.0,0.7,0.0,7.63448e-07,1.0,8.213895161e-07,-8.213895161e-07,0.0,8.213895161e-07,-8.213895161e-07,0.0,7.822715057e+17,55.0,5.7941516100000016e-08,0.03176969366812887,True,0.0,1.6427790323e-08,True,True,True,False,False,True,2.246781109e+18,1.098945412e+18,0.0,8.181879205e+18,4.432386509e+17
89,91,1.45,1.45,0.7,0.0,0.7,0.0,8.25172e-07,1.0,8.87713585e-07,-8.87713585e-07,0.0,8.87713585e-07,-8.87713585e-07,0.0,7.977960332e+17,55.0,6.254158500000001e-08,0.031728383163687646,True,0.0,1.7754271701e-08,True,True,True,False,False,True,2.401357611e+18,1.112685999e+18,0.0,8.833971221e+18,4.463086212e+17
90,92,1.5,1.5,0.7,0.0,0.7,0.0,8.88966e-07,1.0,9.550834478e-07,-9.550834478e-07,0.0,9.550834478e-07,-9.550834478e-07,0.0,8.128334995e+17,55.0,6.611744779999992e-08,0.031156167567359283,True,0.0,1.9101668956999997e-08,True,True,True,False,False,True,2.558986832e+18,1.125387327e+18,0.0,9.499261557e+18,4.492340997e+17
91,93,1.55,1.55,0.7,0.0,0.7,0.0,9.53448e-07,1.0,1.02334332e-06,-1.02334332e-06,0.0,1.02334332e-06,-1.02334332e-06,0.0,8.274203002e+17,55.0,6.989532000000003e-08,0.030724346911382483,True,0.0,2.0466866401e-08,True,True,True,False,False,True,2.719375747e+18,1.137167856e+18,0.0,1.017672131e+19,4.520281222e+17
92,94,1.6,1.6,0.7,0.0,0.7,0.0,1.01931e-06,1.0,1.09236481e-06,-1.09236481e-06,0.0,1.09236481e-06,-1.09236481e-06,0.0,8.41587418e+17,55.0,7.305480999999996e-08,0.030061416203797542,True,0.0,2.1847296200999997e-08,True,True,True,False,False,True,2.882249277e+18,1.148131213e+18,0.0,1.086533228e+19,4.547018041e+17
93,95,1.65,1.65,0.7,0.0,0.7,0.0,1.08621e-06,1.0,1.162042373e-06,-1.162042373e-06,0.0,1.162042373e-06,-1.162042373e-06,0.0,8.553618652e+17,55.0,7.583237299999999e-08,0.029308167834014576,True,0.0,2.3240847460999998e-08,True,True,True,False,False,True,3.047355459e+18,1.158367442e+18,0.0,1.156411295e+19,4.572647856e+17
94,96,1.7,1.7,0.7,0.0,0.7,0.0,1.14759e-06,1.0,1.232289094e-06,-1.232289094e-06,0.0,1.232289094e-06,-1.232289094e-06,0.0,8.687676569e+17,55.0,8.469909400000011e-08,0.03092584972092638,True,0.0,2.4645781881e-08,True,True,True,False,False,True,3.214467333e+18,1.167954564e+18,0.0,1.227213578e+19,4.597255425e+17
95,97,1.75,1.75,0.7,0.0,0.7,0.0,1.2169e-06,1.0,1.303033071e-06,-1.303033071e-06,0.0,1.303033071e-06,-1.303033071e-06,0.0,8.818264582e+17,55.0,8.613307100000012e-08,0.02970054714942094,True,0.0,2.6060661421e-08,True,True,True,False,False,True,3.383382666e+18,1.176960167e+18,0.0,1.298853693e+19,4.620916055e+17
96,98,1.8,1.8,0.7,0.0,0.7,0.0,1.28621e-06,1.0,1.374214458e-06,-1.374214458e-06,0.0,1.374214458e-06,-1.374214458e-06,0.0,8.945580166e+17,55.0,8.800445800000012e-08,0.02874263160230761,True,0.0,2.7484289161e-08,True,True,True,False,False,True,3.553922447e+18,1.185442884e+18,0.0,1.371252028e+19,4.643697179e+17
97,99,1.85,1.85,0.7,0.0,0.7,0.0,1.35517e-06,1.0,1.445783106e-06,-1.445783106e-06,0.0,1.445783106e-06,-1.445783106e-06,0.0,9.069804587e+17,55.0,9.061310599999993e-08,0.028109366778977574,True,0.0,2.8915662120999997e-08,True,True,True,False,False,True,3.7259288e+18,1.193453706e+18,0.0,1.444335749e+19,4.665659538e+17
98,100,1.9,1.9,0.7,0.0,0.7,0.0,1.42621e-06,1.0,1.517696692e-06,-1.517696692e-06,0.0,1.517696692e-06,-1.517696692e-06,0.0,9.191105015e+17,55.0,9.148669199999989e-08,0.027001510315498578,True,0.0,3.0353933841e-08,True,True,True,False,False,True,3.899262695e+18,1.201037113e+18,0.0,1.518038562e+19,4.686858084e+17
99,101,1.95,1.95,0.7,0.0,0.7,0.0,1.49724e-06,1.0,1.589919242e-06,-1.589919242e-06,0.0,1.589919242e-06,-1.589919242e-06,0.0,9.30963611e+17,55.0,9.267924199999985e-08,0.02608364429232246,True,0.0,3.1798384841e-08,True,True,True,False,False,True,4.073801708e+18,1.208232041e+18,0.0,1.592300336e+19,4.70734271e+17
100,102,2.0,2.0,0.7,0.0,0.7,0.0,1.5669e-06,1.0,1.662419969e-06,-1.662419969e-06,0.0,1.662419969e-06,-1.662419969e-06,0.0,9.42554127e+17,55.0,9.55199690000001e-08,0.025699466436055474,True,0.0,3.3248399381000005e-08,True,True,True,False,False,True,4.24943793e+18,1.215072696e+18,0.0,1.667066645e+19,4.727158843e+17
101,103,2.05,2.05,0.7,0.0,0.7,0.0,1.63828e-06,1.0,1.735172354e-06,-1.735172354e-06,0.0,1.735172354e-06,-1.735172354e-06,0.0,9.538953665e+17,55.0,9.689235400000008e-08,0.02495449011976536,True,0.0,3.4703447081000004e-08,True,True,True,False,False,True,4.426076086e+18,1.221589237e+18,0.0,1.742288289e+19,4.746347943e+17
102,104,2.1,2.1,0.7,0.0,0.7,0.0,1.70897e-06,1.0,1.808153409e-06,-1.808153409e-06,0.0,1.808153409e-06,-1.808153409e-06,0.0,9.649997116e+17,55.0,9.918340899999989e-08,0.024500835516797714,True,0.0,3.6163068181e-08,True,True,True,False,False,True,4.603631881e+18,1.227808354e+18,0.0,1.817920819e+19,4.764947933e+17
103,105,2.15,2.15,0.7,0.0,0.7,0.0,1.7869e-06,1.0,1.88134309e-06,-1.88134309e-06,0.0,1.88134309e-06,-1.88134309e-06,0.0,9.758786879e+17,55.0,9.444308999999992e-08,0.022367753791818323,True,0.0,3.7626861801000004e-08,True,True,True,False,False,True,4.782030545e+18,1.23375375e+18,0.0,1.893924084e+19,4.782993569e+17
104,106,2.2,2.2,0.7,0.0,0.7,0.0,1.85621e-06,1.0,1.954723826e-06,-1.954723826e-06,0.0,1.954723826e-06,-1.954723826e-06,0.0,9.865430336e+17,55.0,9.851382599999996e-08,0.02245829855646697,True,0.0,3.9094476521e-08,True,True,True,False,False,True,4.961205587e+18,1.239446548e+18,0.0,1.970261802e+19,4.800516761e+17
105,107,2.25,2.25,0.7,0.0,0.7,0.0,1.93138e-06,1.0,2.028280132e-06,-2.028280132e-06,0.0,2.028280132e-06,-2.028280132e-06,0.0,9.97002763e+17,55.0,9.690013199999992e-08,0.02126020670164319,True,0.0,4.0565602641000004e-08,True,True,True,False,False,True,5.141097715e+18,1.244905635e+18,0.0,2.046901168e+19,4.817546863e+17
106,108,2.3,2.3,0.7,0.0,0.7,0.0,2.00483e-06,1.0,2.101998296e-06,-2.101998296e-06,0.0,2.101998296e-06,-2.101998296e-06,0.0,1.007267224e+18,55.0,9.716829600000029e-08,0.020554807206917936,True,0.0,4.2039965921000003e-08,True,True,True,False,False,True,5.321653908e+18,1.250147957e+18,0.0,2.123812504e+19,4.834110916e+17
107,109,2.35,2.35,0.7,0.0,0.7,0.0,2.08034e-06,1.0,2.175866121e-06,-2.175866121e-06,0.0,2.175866121e-06,-2.175866121e-06,0.0,1.017345149e+18,55.0,9.552612099999997e-08,0.019497850510931336,True,0.0,4.3517322421e-08,True,True,True,False,False,True,5.502826619e+18,1.25518876e+18,0.0,2.200968933e+19,4.85023388e+17
108,110,2.4,2.4,0.7,0.0,0.7,0.0,2.15345e-06,1.0,2.249872711e-06,-2.249872711e-06,0.0,2.249872711e-06,-2.249872711e-06,0.0,1.027244708e+18,55.0,9.642271099999995e-08,0.019023155598072883,True,0.0,4.4997454221e-08,True,True,True,False,False,True,5.684573095e+18,1.260041803e+18,0.0,2.278346093e+19,4.865938825e+17
109,111,2.45,2.45,0.7,0.0,0.7,0.0,2.22793e-06,1.0,2.324008297e-06,-2.324008297e-06,0.0,2.324008297e-06,-2.324008297e-06,0.0,1.036973544e+18,55.0,9.607829700000017e-08,0.018336132718987486,True,0.0,4.6480165941e-08,True,True,True,False,False,True,5.866854787e+18,1.264719542e+18,0.0,2.355921874e+19,4.881247111e+17
110,112,2.5,2.5,0.7,0.0,0.7,0.0,2.3031e-06,1.0,2.398264081e-06,-2.398264081e-06,0.0,2.398264081e-06,-2.398264081e-06,0.0,1.046538824e+18,55.0,9.5164081e-08,0.01758420770923408,True,0.0,4.7965281621e-08,True,True,True,False,False,True,6.049636844e+18,1.26923328e+18,0.0,2.433676195e+19,4.896178544e+17
111,113,2.55,2.55,0.7,0.0,0.7,0.0,2.37724e-06,1.0,2.472632118e-06,-2.472632118e-06,0.0,2.472632118e-06,-2.472632118e-06,0.0,1.055947266e+18,55.0,9.539211799999996e-08,0.01708647697940613,True,0.0,4.945264236100001e-08,True,True,True,False,False,True,6.232887677e+18,1.2735933e+18,0.0,2.511590791e+19,4.910751517e+17
112,114,2.6,2.6,0.7,0.0,0.7,0.0,2.45034e-06,1.0,2.547105207e-06,-2.547105207e-06,0.0,2.547105207e-06,-2.547105207e-06,0.0,1.065205181e+18,55.0,9.676520700000018e-08,0.016820534045110414,True,0.0,5.0942104141000003e-08,True,True,True,False,False,True,6.416578579e+18,1.277808986e+18,0.0,2.589649033e+19,4.924983135e+17
113,115,2.65,2.65,0.7,0.0,0.7,0.0,2.53207e-06,1.0,2.6216768e-06,-2.6216768e-06,0.0,2.6216768e-06,-2.6216768e-06,0.0,1.074318498e+18,55.0,8.960680000000006e-08,0.015103443141725847,True,0.0,5.2433536001000004e-08,True,True,True,False,False,True,6.600683402e+18,1.281888913e+18,0.0,2.667835765e+19,4.938889332e+17
114,116,2.7,2.7,0.7,0.0,0.7,0.0,2.60483e-06,1.0,2.696340927e-06,-2.696340927e-06,0.0,2.696340927e-06,-2.696340927e-06,0.0,1.083292797e+18,55.0,9.151092699999982e-08,0.014995418759441215,True,0.0,5.3926818541e-08,True,True,True,False,False,True,6.785178271e+18,1.285840944e+18,0.0,2.746137157e+19,4.952484965e+17
115,117,2.75,2.75,0.7,0.0,0.7,0.0,2.68069e-06,1.0,2.77109213e-06,-2.77109213e-06,0.0,2.77109213e-06,-2.77109213e-06,0.0,1.092133332e+18,55.0,9.040212999999991e-08,0.014404370671247335,True,0.0,5.5421842601000006e-08,True,True,True,False,False,True,6.970041337e+18,1.289672298e+18,0.0,2.824540574e+19,4.965783913e+17
116,118,2.8,2.8,0.7,0.0,0.7,0.0,2.76103e-06,1.0,2.845925407e-06,-2.845925407e-06,0.0,2.845925407e-06,-2.845925407e-06,0.0,1.100845058e+18,55.0,8.48954070000002e-08,0.013152387345356509,True,0.0,5.6918508141000006e-08,True,True,True,False,False,True,7.15525256e+18,1.293389619e+18,0.0,2.903034464e+19,4.978799153e+17
117,119,2.85,2.85,0.7,0.0,0.7,0.0,2.83793e-06,1.0,2.920836156e-06,-2.920836156e-06,0.0,2.920836156e-06,-2.920836156e-06,0.0,1.109432647e+18,55.0,8.290615599999997e-08,0.012505516948833062,True,0.0,5.8416723121e-08,True,True,True,False,False,True,7.34079352e+18,1.296999033e+18,0.0,2.98160825e+19,4.991542838e+17
118,120,2.9,2.9,0.7,0.0,0.7,0.0,2.91655e-06,1.0,2.995820144e-06,-2.995820144e-06,0.0,2.995820144e-06,-2.995820144e-06,0.0,1.117900516e+18,55.0,7.927014399999993e-08,0.011646310484010769,True,0.0,5.991640288100001e-08,True,True,True,False,False,True,7.526647255e+18,1.300506203e+18,0.0,3.060252239e+19,5.004026362e+17
119,121,2.95,2.95,0.7,0.0,0.7,0.0,2.99379e-06,1.0,3.070873458e-06,-3.070873458e-06,0.0,3.070873458e-06,-3.070873458e-06,0.0,1.126252839e+18,55.0,7.7083458e-08,0.01104058736400404,True,0.0,6.1417469161e-08,True,True,True,False,False,True,7.712798109e+18,1.303916368e+18,0.0,3.138957543e+19,5.01626042e+17
120,122,3.0,3.0,0.7,0.0,0.7,0.0,3.07069e-06,1.0,3.145992483e-06,-3.145992483e-06,0.0,3.145992483e-06,-3.145992483e-06,0.0,1.134493566e+18,55.0,7.530248300000016e-08,0.010521705919989799,True,0.0,6.2919849661e-08,True,True,True,False,False,True,7.89923161e+18,1.307234386e+18,0.0,3.217715999e+19,5.028255064e+17
