file,line,key,page,status,detail,context
01_introduction.tex,8,Januar2026,2,OK,,". The ultrathin films lack long-range crystallinity and show nanoscale grains , and the AFM roughness is higher at 2~nm than at 10~nm \citep[p.~8]{Januar2026}"
01_introduction.tex,8,Januar2026,8,OK,,".~2]{Januar2026}, and the AFM roughness is higher at 2~nm than at 10~nm . The same work reports positive-bias-stress trap densities that differ strongly"
01_introduction.tex,8,Januar2026,9,PARTIAL,"missing ['85', '65'] found on 11","ive-bias-stress trap densities that differ strongly between 2 and 10~nm devices , and supplementary transfer curves of a 2~nm device at 65 and 85~$^{\circ}$C \c"
02a_literature_target.tex,66,Lin2022,21539,NO_NUMBERS,,"tatement taken from a paper carries the printed page of the article, written as
; figures and equations are added where useful, e.g.\
\citep[p.~8, Fig.~5f]{Janu"
02a_literature_target.tex,67,Januar2026,8,NO_NUMBERS,,".\
. The local text files contain one block per PDF page; the mapping
from the PDF "
02a_literature_target.tex,70,Kim2024,173507-6,NO_NUMBERS,,".\ . The publisher cover
pages of Kim2024 and Stokey2021 carry no article page and "
02a_literature_target.tex,101,Si2021,501,NO_NUMBERS,,"ars with the bundled record that
cites it and that record's page (``as cited in ''), or with the explicit note
that the value was taken over from the audit of t"
02a_literature_target.tex,131,Januar2026,2--3,NO_NUMBERS,,"d \InO{} channels on a TiN/\HfO/\AlO{} gate stack with Pd source/drain contacts
, and study how channel thickness controls mobility, threshold,
subthreshold swi"
02a_literature_target.tex,133,Januar2026,3,NO_NUMBERS,,".4\cmVs$ for the \IWO{} thickness series , interpret the decline for
thinner films through a trap-limited transport frame"
02a_literature_target.tex,135,Januar2026,7,NO_NUMBERS,,".2 to \SI{2}{nm} , and describe the
gate-dependent mobility by a surface-roughness (Ando-type) te"
02a_literature_target.tex,137,Januar2026,7--8,NUMBERS_NOT_IN_PAPER,missing ['87'] found on no page,.87}{\angstrom}$ for \IWO{} . PBE-GGA calculations are used for qualitative trends in the band structure and
02a_literature_target.tex,139,Januar2026,3,NO_NUMBERS,,"used for qualitative trends in the band structure and the \IWO/\HfO{} interface
, and positive-bias-stress (PBS) devices are analysed with the same compact
mode"
02a_literature_target.tex,140,Januar2026,9,NO_NUMBERS,,"and positive-bias-stress (PBS) devices are analysed with the same compact
model . The measured transfer curves of the workbook used in this report are
the paper"
02a_literature_target.tex,145,Januar2026,2,NO_NUMBERS,,"n, followed by the
\HfO/\AlO{} gate dielectric and the \IWO{} or \InO{} channel ; the channel
lacks long-range crystallinity and consists of nanoscale grains, s"
02a_literature_target.tex,147,Januar2026,2,NO_NUMBERS,,"of nanoscale grains, smaller for \IWO{} than for \InO{}
at comparable thickness ; \SI{70}{nm} Pd source/drain electrodes complete
the device, which is then anne"
02a_literature_target.tex,148,Januar2026,3,NO_NUMBERS,,"ectrodes complete
the device, which is then annealed by rapid thermal annealing . The paper
states that annealing improves trap metrics at \SI{150}{\degreeCelsi"
02a_literature_target.tex,151,Januar2026,3,NOT_ON_PAGE,"missing ['15', '20', '290'] found on 10;11;2;4"," temperatures increase mobility and carrier concentration through crystallinity . The \HfO{} and \AlO{} thicknesses (15 and \SI{2}{nm}), $W/L = 290/20$\,$\mu$m "
02a_literature_target.tex,182,Januar2026,4,NO_NUMBERS,,"tten with an
occupancy factor $\theta_t$ and a characteristic temperature $T_t$ ; the
same convention is used for the PBS extraction \citep[p.~9]{Januar2026}. T"
02a_literature_target.tex,183,Januar2026,9,NO_NUMBERS,,".~4]{Januar2026}; the
same convention is used for the PBS extraction . The TCAD model does not
insert these closed forms. It solves Poisson and drift"
02a_literature_target.tex,205,Januar2026,9,OK,,.39e18}{cm^{-3}}$   of the unstressed PBS devices : different device set and a $\theta_t$   convention; the model anchor is the re
02a_literature_target.tex,208,Januar2026,9,NO_NUMBERS,,".
\item The stress-induced changes of $\Nt$ and $T_t$ under PBS : the model
  describes unstressed DC transfer curves only.
\item The PBE band s"
02a_literature_target.tex,210,Januar2026,3,NO_NUMBERS,,".
\item The PBE band structures and interface structures : used
  qualitatively (W raises $\mstar$; smoother \IWO/\HfO{} interface); no n"
02b_literature_in2o3.tex,19,Si2021,503--504,NO_NUMBERS,,".4}{eV} above the conduction-band edge , so surfaces and interfaces
tend to donate electrons. Second, PBE slab calculat"
02b_literature_in2o3.tex,22,Si2021,504,NO_NUMBERS,,".6}{eV} while $\Ev$ stays almost unchanged
; the charge-neutrality level then falls below $\Ec$ and the film
becomes deplet"
02b_literature_in2o3.tex,24,Si2021,501,NO_NUMBERS,,".9 (taken
from Hamberg and Granqvist) to argue for good gate control .

\begin{usedbox}
\textbf{Items used from \citet{Si2021}.}\par\smallskip
\footn"
02b_literature_in2o3.tex,44,Si2021,500,PARTIAL,missing ['20'] found on 506,. The bulk electron density of order $10^{20}\cmcu$  refers to undoped ALD \InO{} and is not transferred to \IWO. The PBE absolute b
02b_literature_in2o3.tex,52,Stokey2021,225102-12,PARTIAL,"missing ['55', '9.30', '8.9'] found on 225102-1;225102-10;225102-13;225102-15",.55 of  and with the target-process 9.30; the spread (8.9--10.55) is carried as the per
02b_literature_in2o3.tex,63,Lin2022,21539,NO_NUMBERS,,".4}{eV} above $\Ec$ .
DFT (PBE) calculations of bulk and slab \InO{} give conduction-band effective "
02b_literature_in2o3.tex,65,Lin2022,21540,NUMBERS_NOT_IN_PAPER,missing ['95'] found on no page,".95}{nm}) , and the Methods list the PBE band gaps of bulk \InO, the \SI{1.98}{nm} slab an"
02b_literature_in2o3.tex,67,Lin2022,21542,NOT_ON_PAGE,missing ['88'] found on 21544,.88}{eV} .  \begin{usedbox} \textbf{Items used from \citet{Lin2022}.}\par\smallskip \foot
02b_literature_in2o3.tex,85,Lin2022,21537,NO_NUMBERS,,".}
The very high sheet density and drain current  describe thick, highly
conducting ALD \InO{} and are outside the range of the m"
02b_literature_in2o3.tex,93,Wang2022,4,PARTIAL,"missing ['11', '0.208', '0.17'] found on 7",".3$\times10^{11}$\,cm$^{-2}$\,eV$^{-1}$ of . (ii) PBE bulk $\mstar = 0.17\,m_0$ vs the experimental $0.208\,m_0$ \citep[p.~"
02b_literature_in2o3.tex,94,Stokey2021,225102-12,PARTIAL,missing ['0.18'] found on 225102-2;cover,".208\,m_0$  and the zero-density extrapolation 0.18 (Feneberg et al., as cited in \citealp["
02b_literature_in2o3.tex,106,Si2022,167,NO_NUMBERS,,".4}{eV} above the conduction-band edge . From capacitor
$1/C^2$--$V$ analysis they estimate a donor density $N_D \appro"
02b_literature_in2o3.tex,108,Si2022,168,NOT_ON_PAGE,missing ['169'] found on 169,.9 ; the devices are annealed in O$_2$ at \SI{250}{\degreeCelsius} \citep[p.~169]{S
02b_literature_in2o3.tex,109,Si2022,169,NOT_ON_PAGE,missing ['168'] found on 168,.~168]{Si2022}; the devices are annealed in O$_2$ at \SI{250}{\degreeCelsius} .  \begin{usedbox} \textbf{Items used from \citet{Si2022}.}\par\smallskip \footn
02b_literature_in2o3.tex,125,Si2022,168,PARTIAL,missing ['19'] found on 169,.0\times10^{19}\cmcu$  is that of undoped ALD \InO; the electrically active background donor density n
02b_literature_in2o3.tex,143,Wang2022,1--2,OK,,".3\times10^{20}$\,cm$^{-3}$\,eV$^{-1}$ by the conductance method , recall that the \InO{} charge-neutrality level lies above $\Ec$ \citep[p.~2]{W"
02b_literature_in2o3.tex,144,Wang2022,2,NOT_ON_PAGE,missing ['6.3'] found on 4;5,"--2]{Wang2022}, recall that the \InO{} charge-neutrality level lies above $\Ec$ , and report an interface-trap density of $6.3\times10^{11}$\,cm$^{-2}$\,eV$^{-1"
02b_literature_in2o3.tex,146,Wang2022,4--5,OK,,.~5 . For the extraction they use $\varepsilon_S = 8.9$ from optical measurements \c
02b_literature_in2o3.tex,147,Wang2022,4,NO_NUMBERS,,".9$ from optical measurements . A TCAD model with tail and Gaussian trap
densities (bulk trap DOS up to $6\tim"
02b_literature_in2o3.tex,149,Wang2022,6,OK,," DOS up to $6\times10^{21}$\,cm$^{-3}$\,eV$^{-1}$) reproduces their C--V curves .  \begin{usedbox} \textbf{Items used from \citet{Wang2022}.}\par\smallskip \foo"
02b_literature_in2o3.tex,165,Wang2022,1--2,OK,,".3\times10^{20}$\,cm$^{-3}$\,eV$^{-1}$  and the donor density $\sim10^{20}\cmcu$ (p.~1) describe undoped ALD \InO{} and"
02b_literature_in2o3.tex,175,Januar2026,8,PARTIAL,missing ['11'] found on 1;10;11;12;2;3;9," \AlO{} interlayer and the target paper reports a smoother interface for \IWO{} . Its sensitivity was tested with $\times3$ (\run{0025}, \SI{2}{nm}) and $\times"
02b_literature_in2o3.tex,188,Kim2024,173507-6,OK,,".6\times10^{18}$\,cm$^{-3}$\,eV$^{-1}$ for 10, 20 and \SI{30}{nm} . The work is the only bundled \IWO{} thickness series other than the target pap"
02b_literature_in2o3.tex,235,Si2021,503--504,OK,,".4\,eV ; 0.4\,eV \citep[p.~21539]{Lin2022}; 0.4\,eV \citep[p.~167]{Si2022}; above 0.4\,"
02b_literature_in2o3.tex,235,Lin2022,21539,OK,,".4\,eV ; 0.4\,eV \citep[p.~167]{Si2022}; above 0.4\,eV \citep[p.~2]{Wang2022} & consist"
02b_literature_in2o3.tex,235,Si2022,167,OK,,".4\,eV ; above 0.4\,eV \citep[p.~2]{Wang2022} & consistency check only \\ Confinement s"
02b_literature_in2o3.tex,235,Wang2022,2,NOT_ON_PAGE,"missing ['1.5', '0.6'] found on 4",".4\,eV  & consistency check only \\ Confinement shift & $\dEc \approx 0.6$\,eV at 1.5\,"
02b_literature_in2o3.tex,236,Si2021,504,NUMBERS_NOT_IN_PAPER,"missing ['0.33', '0.95', '0.94', '0.9', '1.98'] found on no page",".5\,nm ; $\dEg = 0.33$ (1.98\,nm), 0.94\,eV (0.95\,nm) \citep[p.~21542]{Lin2022} & $0.9"
02b_literature_in2o3.tex,236,Lin2022,21542,PARTIAL,"missing ['1.3815', '0.9205', '95'] found on no page",".95\,nm)  & $0.9205\,t^{-1.3815}$\,eV (\cref{sec:par-dec}) \\ Bulk $\mstar$ & 0.17 (PBE) "
02b_literature_in2o3.tex,237,Lin2022,21540,PARTIAL,"missing ['0.208', '0.18'] found on no page",".17 (PBE) ; 0.208 \citep[p.~225102-12]{Stokey2021}; 0.18 (zero density, Feneberg, cited in"
02b_literature_in2o3.tex,237,Stokey2021,225102-12,PARTIAL,missing ['0.18'] found on 225102-2;cover,".208 ; 0.18 (zero density, Feneberg, cited in \citealp[p.~225102-2]{Stokey2021}) & $0"
02b_literature_in2o3.tex,238,Stokey2021,225102-12,NOT_ON_PAGE,"missing ['55', '9.30', '9.03'] found on 225102-1;225102-10;225102-13;225102-15",".55 ; 9.30 \IWO{} and 9.03 \InO{} (SI Fig.~S1b of \citealp{JanuarSI2026}, not bundle"
02b_literature_in2o3.tex,239,Lin2022,21539,PARTIAL,"missing ['55', '6.3', '11'] found on 21537;21541;21544",".55 tested in \run{0026} \\ $\Dit$ & $6\times10^{11}$ ; $6.3\times10^{11}$ \citep[pp.~4--5]{Wang2022} (cm$^{-2}$\,eV$^{-1}$, \HfO/\InO"
02b_literature_in2o3.tex,239,Wang2022,4--5,PARTIAL,missing ['11'] found on 7,".3\times10^{11}$  (cm$^{-2}$\,eV$^{-1}$, \HfO/\InO) & $3\times10^{11}$ \prov{ASSUMED} \\ Donor de"
02b_literature_in2o3.tex,240,Si2021,500,PARTIAL,"missing ['9.0', '20', '168'] found on 506",", \HfO/\InO) & $3\times10^{11}$ \prov{ASSUMED} \\ Donor density & $\sim10^{20}$ ; $\sim10^{20}$ \citep[p.~1]{Wang2022}; $9.0\times10^{19}$ \citep[p.~168]{Si2022"
02b_literature_in2o3.tex,240,Wang2022,1,PARTIAL,"missing ['9.0', '500', '20'] found on 2;4;5;6;7",.~500]{Si2021}; $\sim10^{20}$ ; $9.0\times10^{19}$ \citep[p.~168]{Si2022} (undoped ALD \InO) & $\Ndeff(t) = 2.
02b_literature_in2o3.tex,240,Si2022,168,PARTIAL,"missing ['1.85', '19'] found on 169",.0\times10^{19}$  (undoped ALD \InO) & $\Ndeff(t) = 2.5\times10^{17}$--$1.85\times10^{18}\cmcu$ \
02b_literature_in2o3.tex,241,Januar2026,7,PARTIAL,missing ['30'] found on 11;2,".2 to 2\,nm ; $N_{bt}$ rising 10$\rightarrow$30\,nm \citep[p.~173507-6]{Kim2024} & $\Nt \pro"
02b_literature_in2o3.tex,241,Kim2024,173507-6,PARTIAL,missing ['0.75'] found on no page,".~7]{Januar2026}; $N_{bt}$ rising 10$\rightarrow$30\,nm  & $\Nt \propto t^{-0.75}$ \\ \bottomrule \end{tabularx} \end{table} "
02c_literature_methods.tex,17,Stokey2021,225102-2,OK,,".\ , and the static dielectric constant of Hamberg and Granqvist \citep[p.~225102-3"
02c_literature_methods.tex,18,Stokey2021,225102-3,OK,,"102-2]{Stokey2021}, and the static dielectric constant of Hamberg and Granqvist . From the phonon-mode parameters (Table~II) and the Lyddane--Sachs--Teller rela"
02c_literature_methods.tex,20,Stokey2021,225102-12,NOT_ON_PAGE,"missing ['0.208', '0.006', '07'] found on 225102-1;225102-10;225102-13",".07$ , and from the optical Hall data an effective mass $\mstar = (0.208 \pm 0.006)\,"
02c_literature_methods.tex,22,Stokey2021,225102-12--13,OK,,.81\times10^{17}\cmcu$ .  \begin{usedbox} \textbf{Items used from \citet{Stokey2021}.}\par\smallskip \f
02c_literature_methods.tex,39,Stokey2021,225102-2,OK,,".18\,m_0$ and the nonparabolicity of the conduction band : the model uses a parabolic band (ATLAS continuum DOS); the effect of nonparabo"
02c_literature_methods.tex,57,Pandey2025,1,OK,,by the high carrier densities ($10^{19}$--$10^{20}\cmcu$) of \InO-type channels . They compare the Green's function and scale-length approaches and approximate 
02c_literature_methods.tex,59,Pandey2025,2,NO_NUMBERS,,"proaches and approximate a Gaussian trap distribution by an integrable
function , then build the potential from Green's identity
\citep[p.~3]{Pandey2025}. The m"
02c_literature_methods.tex,60,Pandey2025,3,NO_NUMBERS,,".~2]{Pandey2025}, then build the potential from Green's identity
. The model is checked against Sentaurus simulations calibrated to \InO{}
data, "
02c_literature_methods.tex,63,Pandey2025,5,PARTIAL,"missing ['10', '19'] found on 1;3;4;7;8;9"," a Gaussian trap distribution and an intrinsic density of $5\times10^{19}\cmcu$ ; the trap density in the source/drain regions is set to $4\times10^{20}\cmcu$, "
02c_literature_methods.tex,64,Pandey2025,7,OK,,"$4\times10^{20}\cmcu$, and it stays fixed there in the later channel-trap tests .  \begin{usedbox} \textbf{Items used from \citet{Pandey2025}.}\par\smallskip \f"
02c_literature_methods.tex,84,Pandey2025,2,PARTIAL,missing ['19.57'] found on no page,".} The \HfO{} relative permittivity used in their example is 15 , lower than the 19.57 measured on the target process (SI Fig.~S1b, via the Astr"
02c_literature_methods.tex,94,WangX2025,2390--2391,NO_NUMBERS,,"ribed by a Gaussian density of states that acts as positive charge in depletion
. The charge of the Gaussian distribution requires a Gauss--Fermi
integral, for "
02c_literature_methods.tex,96,WangX2025,2391--2392,NOT_ON_PAGE,missing ['2393'] found on 2393,", for which they derive an analytical approximation with an error-function form ; the electrostatics apply Gauss's law across the gate oxide \citep[p.~2393]{Wan"
02c_literature_methods.tex,97,WangX2025,2393,NOT_ON_PAGE,"missing ['2391', '2392'] found on 2391;2392","1--2392]{WangX2025}; the electrostatics apply Gauss's law across the gate oxide , and device-to-device variability is analysed with Gaussian-distributed oxide t"
02c_literature_methods.tex,98,WangX2025,2396,NOT_ON_PAGE,missing ['2393'] found on 2393," with Gaussian-distributed oxide thickness, channel thickness and donor density .  \begin{usedbox} \textbf{Items used from \citet{WangX2025}.}\par\smallskip \fo"
02c_literature_methods.tex,122,Anusha2024,2,NO_NUMBERS,,"ransistors,
including the commercial structure editors of Sentaurus and Silvaco . They
summarise work on W-doped InZnO (WIZO) transistors in which the field-eff"
02c_literature_methods.tex,124,Anusha2024,4,NO_NUMBERS,,"nsistors in which the field-effect mobility declines as the
W content increases , and quote the standard relation between the
subthreshold swing and the bulk an"
02c_literature_methods.tex,127,Anusha2024,5,NO_NUMBERS,,"Cox$ in the source),
used to separate $N_{ss}$ and $\Dit$ by fixing one of them . Typical IGZO
swings of about \SI{120}{mV/dec} are mentioned in the outlook \ci"
02c_literature_methods.tex,128,Anusha2024,14,NO_NUMBERS,,". Typical IGZO
swings of about \SI{120}{mV/dec} are mentioned in the outlook .

\begin{usedbox}
\textbf{Items used from \citet{Anusha2024}.}\par\smallskip
\f"
02c_literature_methods.tex,152,Giannozzi2009,1,NO_NUMBERS,,"be Quantum ESPRESSO, an open-source suite for electronic-structure
calculations  based on density-functional theory, plane-wave basis sets and
norm-conserving, "
02c_literature_methods.tex,154,Giannozzi2009,2,NO_NUMBERS,,"gmented-wave pseudopotentials, distributed under the GNU
General Public License .

\begin{usedbox}
\textbf{Items used from \citet{Giannozzi2009}.}\par\smallskip"
02c_literature_methods.tex,185,Januar2026,11,PARTIAL,missing ['9.30'] found on no page,".~S12) & captions printed in the main text, ; values recorded by the Astra audit & $\epsIWO = 9.30$ and $\varepsilon_{\mathr"
02c_literature_methods.tex,187,Si2021,501,NUMBERS_NOT_IN_PAPER,missing ['225102'] found on no page,.9 of evaporated (Sn-doped) \InO{} films & ; \citet[p.~4]{Wang2022}; \citet[p.~168]{Si2022}; \citet[p.~225102-3]{Stokey2021
02c_literature_methods.tex,187,Wang2022,4,NUMBERS_NOT_IN_PAPER,missing ['501'] found on no page,.~501]{Si2021}; ; \citet[p.~168]{Si2022}; \citet[p.~225102-3]{Stokey2021} & lower bound of the p
02c_literature_methods.tex,187,Si2022,168,NO_NUMBERS,,.~4]{Wang2022}; ; \citet[p.~225102-3]{Stokey2021} & lower bound of the permittivity range only \
02c_literature_methods.tex,187,Stokey2021,225102-3,NUMBERS_NOT_IN_PAPER,missing ['168'] found on no page,.~168]{Si2022};  & lower bound of the permittivity range only \\ Feneberg et al.\ (no key) & zer
02c_literature_methods.tex,188,Stokey2021,225102-2,PARTIAL,missing ['0.208'] found on no page,".02\,m_e$, nonparabolicity &  & considered; 0.208 used \\ \citet{King2008} & charge-neutrality level above $\"
02c_literature_methods.tex,189,Si2021,504,OK,,".4\,eV in  (ref.~26, listed p.~506) & consistency check only (\cref{sec:par-chi}) \\ \cite"
02c_literature_methods.tex,190,Si2021,504,OK,,ar-chi}) \\ \citet{Robertson2011} & limits to doping in oxides; CNL alignment &  (ref.~24); \citet[p.~5]{Wang2022} & consistency check only \\ \citet{Hinuma2019
02c_literature_methods.tex,190,Wang2022,5,NUMBERS_NOT_IN_PAPER,missing ['24'] found on no page,.~24);  & consistency check only \\ \citet{Hinuma2019} & band alignment at surfaces and
02c_literature_methods.tex,191,Si2021,506,OK,,.~27 in  & none numeric \\ \citet{Ando1982} & surface-roughness scattering and the mobil
02c_literature_methods.tex,192,Januar2026,7,PARTIAL,"missing ['11', '506'] found on 1;10;11;12;2;3;9","ess scattering and the mobility roll-off $\mu_0/(1+\theta_r V_{\mathrm{ov}})$ &  (ref.~39, listed p.~11) & form of the roughness factor; roll-off not inserted ("
02c_literature_methods.tex,193,Januar2026,10,OK,,.~14 of ; reviewed in the Astra \file{ald_paper.md} & none numeric (process context) \\ 
02c_literature_methods.tex,237,Januar2026,7,NO_NUMBERS,,".yaml}), which is why the gate-dependent roll-off of
 could not be inserted; and in the elevated-temperature runs the
constant-mobili"
02d_provenance.tex,50,Januar2026,2,PARTIAL,missing ['19.57'] found on no page,"\run{0035}) \\ Gate electrode & TiN, 50\,nm & \prov{MEASURED\_TARGET\_DEVICE} &  & \cref{sec:par-stack} & -- \\ \HfO{} thickness, permittivity & 15\,nm; 19.57 &"
02d_provenance.tex,54,Januar2026,3,OK,,"lap 2\,$\mu$m & metal \prov{MEASURED\_TARGET\_DEVICE}; overlap \prov{ASSUMED} & ; -- & \cref{sec:par-contacts} & overlap 4\,$\mu$m \run{0027} (malformed, retrac"
02d_provenance.tex,56,Januar2026,2,NO_NUMBERS,,"-geometry} & -- \\
Composition & ``$\sim$2\% W'', label only & not determined &  & \cref{sec:par-nd} & -- \\
%
\midrule
\multicolumn{6}{@{}l}{\textbf{Band struc"
02d_provenance.tex,62,Lin2022,21542,NUMBERS_NOT_IN_PAPER,"missing ['00', '008'] found on no page",".008\,eV & \prov{DFT\_PURE\_IN2O3\_PROXY} & ; \citet[p.~504]{Si2021} & \cref{sec:par-dec,sec:der-confinement} & off: \run{00"
02d_provenance.tex,62,Si2021,504,NUMBERS_NOT_IN_PAPER,"missing ['6.3', '21542'] found on no page",".~21542]{Lin2022};  & \cref{sec:par-dec,sec:der-confinement} & off: \run{0016}, \run{0017}; 6.3\,nm"
02d_provenance.tex,63,Si2021,504,NUMBERS_NOT_IN_PAPER,"missing ['3.05', '4.30'] found on no page",".0 & \prov{DFT\_PURE\_IN2O3\_PROXY} &  & \cref{sec:par-chi} & -- \\ $\Eg(t)$, $\chi(t)$ & $3.05 + \dEg(t)$; $4.30 - \d"
02d_provenance.tex,65,Stokey2021,225102-12--13,PARTIAL,missing ['4121'] found on no page,".4121}$\,$m_0$ & \prov{MEASURED\_RELATED\_MATERIAL} + DFT increment & ; \citet[p.~21540]{Lin2022} & \cref{sec:par-mstar} & $\times1.3$: \run{0050} (2\"
02d_provenance.tex,65,Lin2022,21540,PARTIAL,"missing ['225102', '1.3', '13.2', '13'] found on 21538;21542;21544",".~225102-12--13]{Stokey2021};  & \cref{sec:par-mstar} & $\times1.3$: \run{0050} (2\,nm), \run{0051} (13.2\,nm)"
02d_provenance.tex,73,Januar2026,7,PARTIAL,"missing ['0023', '20', '63', '1.5'] found on 10;11;2;4","$eV$^{-1}$ & \prov{FITTED} law (anchor \evCAL{} at 2\,nm; trend \evLIT) & trend ; anchor from real-ATLAS lineages & \cref{sec:par-tail} & $\times1.5$: \run{0023"
02d_provenance.tex,76,WangX2025,2391,PARTIAL,missing ['15'] found on 2394;2395;2396;2397;2398," & NTD $= 0$, NGD $= 0$ & \prov{ASSUMED} & \citet{Fan2021} via Astra; V2 option  & \cref{sec:par-nd} & -- \\ Interface acceptor sheet $\Dit$ & $3\times10^{11}$\"
02d_provenance.tex,77,Lin2022,21539,NOT_ON_PAGE,missing ['25'] found on 21542;21544,".25\,nm & \prov{ASSUMED} & bracket , \citet[pp.~4--5]{Wang2022} & \cref{sec:par-dit} & $\times3$: \run{0025}; $\tim"
02d_provenance.tex,77,Wang2022,4--5,PARTIAL,missing ['21539'] found on no page,".~21539]{Lin2022},  & \cref{sec:par-dit} & $\times3$: \run{0025}; $\times5$ at 6.3\,nm: \run{0033};"
02d_provenance.tex,81,Kim2024,173507-6,PARTIAL,missing ['6.3'] found on no page,".5 $\times10^{17}\cmcu$ & \prov{FITTED} law & trend support  & \cref{sec:par-nd} & $\times2$: \run{0022}; $10^{16}$ at 6.3\,nm: \run{0032}, "
02d_provenance.tex,88,Januar2026,8,NUMBERS_NOT_IN_PAPER,"missing ['16.8', '982', '12.4', '57'] found on no page",".982 & \prov{LITERATURE\_IWO} &  & \cref{sec:par-rough} & -- \\ Band mobility $\muband$, seed & 16.8 / 12.4 / 57"
02d_provenance.tex,93,Januar2026,7,NUMBERS_NOT_IN_PAPER,missing ['0.01'] found on no page,ses} & -- \\ Gate-dependent roll-off & not inserted & approximation gap & form:  & \cref{sec:der-mu-linear} & -- \\ Hole mobility & 0.01 $\cmVs$ & \prov{ASSUMED
02d_provenance.tex,99,Si2022,167,NUMBERS_NOT_IN_PAPER,missing ['179'] found on no page,"}{@{}l}{\textbf{Contacts}}\\ S/D model & ideal Ohmic & \prov{ASSUMED} & context , \citet[p.~21538]{Lin2022} & \cref{sec:par-contacts} & Y-function check (\cref{"
02d_provenance.tex,99,Lin2022,21538,NUMBERS_NOT_IN_PAPER,missing ['167'] found on no page,".~167]{Si2022},  & \cref{sec:par-contacts} & Y-function check (\cref{sec:der-yfunction}) \\ Seri"
02d_provenance.tex,125,Januar2026,2--3,OK,,".30 , the last two   via the non-bundled SI. \item Pure-\InO{} proxies: the confinem"
02d_provenance.tex,127,Lin2022,21542,NUMBERS_NOT_IN_PAPER,missing ['0.208'] found on no page,". \item Pure-\InO{} proxies: the confinement shift $\dEg(t)$ from PBE slabs ,   \citep[p.~504]{Si2021}, and the mass $0.208\,m_0$ plus a PBE increment   (\c"
02d_provenance.tex,128,Si2021,504,NOT_ON_PAGE,"missing ['0.208', '225102', '21542', '12'] found on 500;501;506",".~21542]{Lin2022},   , and the mass $0.208\,m_0$ plus a PBE increment   (\citealp[p.~225102-12]{Stoke"
02d_provenance.tex,132,Kim2024,173507-6,PARTIAL,missing ['1.73'] found on no page,".~4--5]{Wang2022}), the rise of   defect densities in thick \IWO{} , the CNL above $\Ec$. \item Fitted to the measured curves: $\Qf$ ($1.73\times10"
03_device_data.tex,26,Januar2026,2,PARTIAL,missing ['04'] found on no page,".04}{\angstrom} per cycle for the two         oxides , while the nominal thicknesses of 15 and \SI{2}{nm} are taken from the schemati"
03_device_data.tex,229,Januar2026,3,OK,,.s)} for the thinnest and thickest films of the series  and relate the decrease from about 27.4 to about 5.1 to a roughly fourfold incr
03_device_data.tex,230,Januar2026,7,NUMBERS_NOT_IN_PAPER,missing ['12.15'] found on no page,".1 to a roughly fourfold increase of the trap density . The linear, transconductance-based $\muFE$ of the workbook curves is 12.15 and"
04_derivations_electrostatics.tex,125,Stokey2021,225102-12,NOT_ON_PAGE,"missing ['55', '501', '8.9'] found on 225102-1;225102-10;225102-13;225102-15",".55 , and 8.9 for evaporated \InO{} films (Hamberg, as cited in \citealp[p.~501]{Si2"
04_derivations_electrostatics.tex,132,Stokey2021,225102-12,NO_NUMBERS,,"\varepsilon_{DC} = \varepsilon_\infty\prod(\omega_{LO}/\omega_{TO})^2$, used by .
The model uses the device-process C--V value because it contains the actual fi"
04_derivations_electrostatics.tex,170,Si2021,504,NO_NUMBERS,,"alence-band edge is almost unchanged under confinement in
the \InO/\AlO{} slabs .

\paragraph{Derivation (how it could be measured).}
Optical absorption (Tauc a"
04_derivations_electrostatics.tex,207,Si2021,503--504,NO_NUMBERS,,".4~eV \emph{above} $\Ec$
, which is why low-barrier contacts and electron accumulation at \InO{} surfaces"
04_derivations_electrostatics.tex,254,Si2021,504,NOT_ON_PAGE,"missing ['12', '0.358', '0.526', '0.988'] found on 500;501;506",".5~nm \InO{} layer on \AlO{} with $\Ev$ almost unchanged . The fit reproduces the points to $+5$ / $-12$ / $+8$\,\% (0.988, 0.526, 0.358~"
04_derivations_electrostatics.tex,296,Lin2022,21542,OK,,".35~$m_0$,   the PBE slab points of  and \citet[p.~504]{Si2021}, and the Schr\""odinger--Poisson   subthreshold-equiv"
04_derivations_electrostatics.tex,296,Si2021,504,NUMBERS_NOT_IN_PAPER,missing ['21542'] found on no page,".~21542]{Lin2022} and , and the Schr\""odinger--Poisson   subthreshold-equivalent shifts of S3 (case Q1"
04_derivations_electrostatics.tex,474,Stokey2021,225102-2,PARTIAL,"missing ['3.52', '0.17', '0.19'] found on no page",".18\,m_0$ . Thickness increment: PBE slab masses of pure \InO{}, 0.17 (bulk), 0.19 (3.52~n"
04_derivations_electrostatics.tex,475,Lin2022,21540,NUMBERS_NOT_IN_PAPER,missing ['95'] found on no page,.95~nm) . The effect of W on $\mstar$ is reported only qualitatively in the target paper
04_derivations_electrostatics.tex,619,Januar2026,9,OK,,".39\times10^{18}\cmcu$ (10~nm) , use a different ($\theta_t$) convention and different devices; they imply a ra"
04_derivations_electrostatics.tex,623,Wang2022,4--5,OK,,.eV^{-1}}$ at $\Nd \approx 10^{20}\cmcu$ . $\WTA$ is fitted on the 2~nm subthreshold slope; the target paper reports only
04_derivations_electrostatics.tex,737,Lin2022,21539,NUMBERS_NOT_IN_PAPER,missing ['6.3'] found on no page,.5$\mVdec$  and $6.3\times10^{11}$ from the subthreshold method \citep[p.~4]{Wang2022}. The
04_derivations_electrostatics.tex,737,Wang2022,4,PARTIAL,missing ['11'] found on 7,".3\times10^{11}$ from the subthreshold method . The device interface here is IWO/\AlO, for which no value is available; the as"
04_derivations_electrostatics.tex,857,Kim2024,173507-6,OK,,.eV^{-1}}$ at 10 / 20 / 30~nm of a different IWO process . S4 corrects this: those numbers are gate-oxide \emph{border traps} from the ca
04_derivations_electrostatics.tex,863,Wang2022,4--5,PARTIAL,missing ['19'] found on 7,f vacancies to W (as summarised by S4); ALD \InO{} reaches about $10^{20}\cmcu$ .  \paragraph{Derivation.} For a fully depleted film (\cref{sec:der-depletion}) 
05_derivations_transport.tex,729,Januar2026,9,NOT_ON_PAGE,"missing ['2.15', '71'] found on 3",.71 . A surface-plus-bulk form through the same anchors ($\Nt=2.15\times10^{18}\cmcu
08_six_nm.tex,193,Januar2026,9,NUMBERS_NOT_IN_PAPER,"missing ['0.003', '0.24'] found on no page",". Extrapolating the positive-bias-stress shifts of the same device family  to a $-3$ to $+3$~V sweep gives 0.003--0.24~V (S4 report, section 6): the upper"
11_validation.tex,73,Januar2026,8,OK,,"ilm continuous?'' Not determined; AFM roughness is higher at 2~nm than at 10~nm . ``Is drift-diffusion valid at 2~nm?'' For trap-free electrostatics, Schrodinge"
12_conclusions.tex,48,Januar2026,2,NOT_ON_PAGE,"missing ['39', '6.3', '13.2'] found on 10;11;6;7",~meV barrier difference suffices; ultrathin films lack long-range crystallinity . Against: no structural data at 6.3 or 13.2~nm; $N = 1$ & GIXRD/TEM show the sa
