vg_V,id_A,is_A,ig_A,kcl_residual_A,kcl_limit_A
-3.0,0.0,0.0,0.0,0.0,1e-18
-2.95,0.0,0.0,0.0,0.0,1e-18
-2.9,0.0,0.0,0.0,0.0,1e-18
-2.85,0.0,0.0,0.0,0.0,1e-18
-2.8,0.0,0.0,0.0,0.0,1e-18
-2.75,0.0,0.0,0.0,0.0,1e-18
-2.7,0.0,0.0,0.0,0.0,1e-18
-2.65,0.0,0.0,0.0,0.0,1e-18
-2.6,0.0,0.0,0.0,0.0,1e-18
-2.55,0.0,0.0,0.0,0.0,1e-18
-2.5,0.0,0.0,0.0,0.0,1e-18
-2.45,0.0,0.0,0.0,0.0,1e-18
-2.4,0.0,0.0,0.0,0.0,1e-18
-2.35,0.0,0.0,0.0,0.0,1e-18
-2.3,0.0,0.0,0.0,0.0,1e-18
-2.25,0.0,0.0,0.0,0.0,1e-18
-2.2,0.0,0.0,0.0,0.0,1e-18
-2.15,0.0,0.0,0.0,0.0,1e-18
-2.1,0.0,0.0,0.0,0.0,1e-18
-2.05,0.0,0.0,0.0,0.0,1e-18
-2.0,0.0,0.0,0.0,0.0,1e-18
-1.95,0.0,0.0,0.0,0.0,1e-18
-1.9,0.0,0.0,0.0,0.0,1e-18
-1.85,0.0,0.0,0.0,0.0,1e-18
-1.8,0.0,0.0,0.0,0.0,1e-18
-1.75,0.0,0.0,0.0,0.0,1e-18
-1.7,0.0,0.0,0.0,0.0,1e-18
-1.65,0.0,0.0,0.0,0.0,1e-18
-1.6,0.0,0.0,0.0,0.0,1e-18
-1.55,0.0,0.0,0.0,0.0,1e-18
-1.5,0.0,0.0,0.0,0.0,1e-18
-1.45,0.0,0.0,0.0,0.0,1e-18
-1.4,0.0,0.0,0.0,0.0,1e-18
-1.35,0.0,0.0,0.0,0.0,1e-18
-1.3,0.0,0.0,0.0,0.0,1e-18
-1.25,0.0,0.0,0.0,0.0,1e-18
-1.2,0.0,0.0,0.0,0.0,1e-18
-1.15,0.0,0.0,0.0,0.0,1e-18
-1.1,0.0,0.0,0.0,0.0,1e-18
-1.05,0.0,0.0,0.0,0.0,1e-18
-1.0,0.0,0.0,0.0,0.0,1e-18
-0.95,0.0,0.0,0.0,0.0,1e-18
-0.9,0.0,0.0,0.0,0.0,1e-18
-0.85,0.0,0.0,0.0,0.0,1e-18
-0.8,0.0,0.0,0.0,0.0,1e-18
-0.75,0.0,0.0,0.0,0.0,1e-18
-0.7,8.43616e-22,-8.43616e-22,0.0,0.0,1.00001687232e-18
-0.65,5.90531e-21,-5.90531e-21,0.0,0.0,1.0001181062e-18
-0.6,4.13372e-20,-4.13372e-20,0.0,0.0,1.0008267440000002e-18
-0.55,2.88517e-19,-2.89993e-19,0.0,-1.4760000000000182e-21,1.0057851000000001e-18
-0.5,1.99895e-18,-1.99853e-18,0.0,4.1999999999987913e-22,1.0399748e-18
-0.45,1.38199e-17,-1.38205e-17,0.0,-5.999999999998273e-22,1.276404e-18
-0.4,9.55699e-17,-9.55686e-17,0.0,1.3000000000001395e-21,2.911385e-18
-0.35,6.60863e-16,-6.60864e-16,0.0,-1.000000000017174e-21,1.421727e-17
-0.3,4.56884e-15,-4.56884e-15,0.0,0.0,9.23768e-17
-0.25,3.15597e-14,-3.15597e-14,0.0,0.0,6.32194e-16
-0.2,2.17271e-13,-2.17271e-13,0.0,0.0,4.346419999999999e-15
-0.15,1.47592e-12,-1.47592e-12,0.0,0.0,2.9519400000000004e-14
-0.1,9.54229e-12,-9.54229e-12,0.0,0.0,1.908468e-13
-0.05,5.33502e-11,-5.33502e-11,0.0,0.0,1.067005e-12
0.0,2.2671e-10,-2.2671e-10,0.0,0.0,4.534201e-12
0.05,7.04263e-10,-7.04263e-10,0.0,0.0,1.4085261000000001e-11
0.1,1.69529e-09,-1.69529e-09,0.0,0.0,3.3905801e-11
0.15,3.40279e-09,-3.40279e-09,0.0,0.0,6.8055801e-11
0.2,6.01696e-09,-6.01696e-09,0.0,0.0,1.20339201e-10
0.25,9.72457e-09,-9.72457e-09,0.0,0.0,1.94491401e-10
0.3,1.47221e-08,-1.47221e-08,0.0,0.0,2.94442001e-10
0.35,2.12281e-08,-2.12281e-08,0.0,0.0,4.24562001e-10
0.4,2.94915e-08,-2.94915e-08,0.0,0.0,5.898300010000001e-10
0.45,3.97944e-08,-3.97944e-08,0.0,0.0,7.958880010000001e-10
0.5,5.2446e-08,-5.2446e-08,0.0,0.0,1.0489200009999999e-09
0.55,6.77686e-08,-6.77686e-08,0.0,0.0,1.3553720009999998e-09
0.6,8.60736e-08,-8.60736e-08,0.0,0.0,1.721472001e-09
0.65,1.07626e-07,-1.07626e-07,0.0,0.0,2.152520001e-09
0.7,1.32605e-07,-1.32605e-07,0.0,0.0,2.652100001e-09
0.75,1.611e-07,-1.611e-07,0.0,0.0,3.2220000010000004e-09
0.8,1.93145e-07,-1.93145e-07,0.0,0.0,3.862900001e-09
0.85,2.28739e-07,-2.28739e-07,0.0,0.0,4.574780001e-09
0.9,2.67859e-07,-2.67859e-07,0.0,0.0,5.357180001e-09
0.95,3.10448e-07,-3.10448e-07,0.0,0.0,6.208960001e-09
1.0,3.5641e-07,-3.5641e-07,0.0,0.0,7.128200001e-09
1.05,4.05607e-07,-4.05607e-07,0.0,0.0,8.112140001e-09
1.1,4.57855e-07,-4.57855e-07,0.0,0.0,9.157100001000001e-09
1.15,5.12928e-07,-5.12928e-07,0.0,0.0,1.0258560001000002e-08
1.2,5.70563e-07,-5.70563e-07,0.0,0.0,1.1411260001e-08
1.25,6.30477e-07,-6.30477e-07,0.0,0.0,1.2609540001000001e-08
1.3,6.92379e-07,-6.92379e-07,0.0,0.0,1.3847580001e-08
1.35,7.55991e-07,-7.55991e-07,0.0,0.0,1.5119820001e-08
1.4,8.21059e-07,-8.21059e-07,0.0,0.0,1.6421180000999998e-08
1.45,8.87362e-07,-8.87362e-07,0.0,0.0,1.7747240001e-08
1.5,9.54713e-07,-9.54713e-07,0.0,0.0,1.9094260001e-08
1.55,1.02296e-06,-1.02296e-06,0.0,0.0,2.0459200000999997e-08
1.6,1.09196e-06,-1.09196e-06,0.0,0.0,2.1839200001e-08
1.65,1.16162e-06,-1.16162e-06,0.0,0.0,2.3232400001e-08
1.7,1.23186e-06,-1.23186e-06,0.0,0.0,2.4637200000999997e-08
1.75,1.30259e-06,-1.30259e-06,0.0,0.0,2.6051800000999998e-08
1.8,1.37376e-06,-1.37376e-06,0.0,0.0,2.7475200001e-08
1.85,1.44531e-06,-1.44531e-06,0.0,0.0,2.8906200001e-08
1.9,1.51721e-06,-1.51721e-06,0.0,0.0,3.0344200001e-08
1.95,1.58943e-06,-1.58943e-06,0.0,0.0,3.1788600001e-08
2.0,1.66192e-06,-1.66192e-06,0.0,0.0,3.3238400001000006e-08
2.05,1.73466e-06,-1.73466e-06,0.0,0.0,3.4693200001000004e-08
2.1,1.80763e-06,-1.80763e-06,0.0,0.0,3.6152600001000006e-08
2.15,1.88081e-06,-1.88081e-06,0.0,0.0,3.7616200001000003e-08
2.2,1.95418e-06,-1.95418e-06,0.0,0.0,3.908360000100001e-08
2.25,2.02773e-06,-2.02773e-06,0.0,0.0,4.0554600001e-08
2.3,2.10144e-06,-2.10144e-06,0.0,0.0,4.2028800001e-08
2.35,2.1753e-06,-2.1753e-06,0.0,0.0,4.350600000100001e-08
2.4,2.24929e-06,-2.24929e-06,0.0,0.0,4.4985800001e-08
2.45,2.32342e-06,-2.32342e-06,0.0,0.0,4.6468400001000006e-08
2.5,2.39767e-06,-2.39767e-06,0.0,0.0,4.7953400001e-08
2.55,2.47202e-06,-2.47202e-06,0.0,0.0,4.9440400001e-08
2.6,2.54649e-06,-2.54649e-06,0.0,0.0,5.0929800001e-08
2.65,2.62105e-06,-2.62105e-06,0.0,0.0,5.2421000001000005e-08
2.7,2.69571e-06,-2.69571e-06,0.0,0.0,5.391420000100001e-08
2.75,2.77045e-06,-2.77045e-06,0.0,0.0,5.5409000001e-08
2.8,2.84527e-06,-2.84527e-06,0.0,0.0,5.6905400001e-08
2.85,2.92018e-06,-2.92018e-06,0.0,0.0,5.8403600001e-08
2.9,2.99515e-06,-2.99515e-06,0.0,0.0,5.9903000001e-08
2.95,3.07019e-06,-3.07019e-06,0.0,0.0,6.1403800001e-08
3.0,3.1453e-06,-3.1453e-06,0.0,0.0,6.290600000100001e-08
