film_nm,source,vg_V,mu_FE_cm2Vs,mu_ch_powerlaw_cm2Vs,linear_regime
2.0,measured,0.95,1.3014729341398683,1.9391043105863168,False
2.0,measured,1.0,1.5669513222072426,2.1207819098759857,False
2.0,measured,1.05,1.8596759329386339,2.300954947405186,False
2.0,measured,1.1,2.098948176631046,2.4797634493488183,False
2.0,measured,1.15,2.4254880934532927,2.6573243860801052,False
2.0,measured,1.2,2.851154490155034,2.8337368801109815,True
2.0,measured,1.25,3.1790981936250775,3.0090859618277,True
2.0,measured,1.3,3.551580218920603,3.18344534512749,True
2.0,measured,1.35,3.845354479213648,3.3568795223508023,True
2.0,measured,1.4,4.247571258048829,3.5294453746186156,True
2.0,measured,1.45,4.772427943114058,3.7011934296759295,True
2.0,measured,1.5,5.169571947471978,3.872168858429088,True
2.0,measured,1.55,5.562345070676543,4.042412274494838,True
2.0,measured,1.6,5.958404330806631,4.211960383004595,True
2.0,measured,1.65,6.346742764373847,4.380846512487309,True
2.0,measured,1.7,6.7132267921742335,4.549101054954818,True
2.0,measured,1.75,7.083730754466044,4.716751833114194,True
2.0,measured,1.8,7.215782412084737,4.883824409144232,True
2.0,measured,1.85,7.549181740935987,5.050342346178427,True
2.0,measured,1.9,8.121224799912339,5.216327431186048,True
2.0,measured,1.95,8.45462412876357,5.381799866097904,True
2.0,measured,2.0,8.766009530638033,5.546778432619087,True
2.0,measured,2.05,9.069737914433594,5.711280635091234,True
2.0,measured,2.1,9.338052589614371,5.875322824928503,True
2.0,measured,2.15,9.60221971333572,6.0389203094951425,True
2.0,measured,2.2,9.843096740400494,6.202087447774191,True
2.0,measured,2.25,10.103754397502437,6.364837734764502,True
2.0,measured,2.3,10.273165922497622,6.527183876212842,True
2.0,measured,2.35,10.186067341850332,6.689137855021173,True
2.0,measured,2.4,10.504152634543813,6.850710990452798,True
2.0,measured,2.45,10.970592652515624,7.011913991084234,True
2.0,measured,2.5,11.155318213668641,7.172757002304425,True
2.0,measured,2.55,11.184032031464398,7.333249649043029,True
2.0,measured,2.6,11.31834889026476,7.493401074309902,True
2.0,measured,2.65,11.180841607264856,7.653219974044957,True
2.0,measured,2.7,11.14000417751085,7.812714628707996,True
2.0,measured,2.75,11.782555611296932,7.971892931979581,True
2.0,measured,2.8,11.9806809540879,8.130762416894617,True
2.0,measured,2.85,12.101598031250216,8.289330279688354,True
2.0,measured,2.9,12.12361195822697,8.447603401598776,True
2.0,measured,2.95,12.035875292739824,8.60558836883899,True
2.0,measured,3.0,12.145944927623823,8.763291490926804,True
2.0,TCAD,0.95,1.0670756586243468,2.2284410170570528,False
2.0,TCAD,1.0,1.3205006240658845,2.4518702369703216,False
2.0,TCAD,1.05,1.6116683077879026,2.66920575681243,False
2.0,TCAD,1.1,1.9399693387682955,2.881231594931157,False
2.0,TCAD,1.15,2.303869122967078,3.0885662229602318,False
2.0,TCAD,1.2,2.7008855103570117,3.2917088447726623,False
2.0,TCAD,1.25,3.1275728428026124,3.491070071541019,False
2.0,TCAD,1.3,3.5796240476345007,3.6869930215729783,True
2.0,TCAD,1.35,4.051806829165454,3.879768288336743,True
2.0,TCAD,1.4,4.538186998384328,4.069644839207103,True
2.0,TCAD,1.45,5.032447515376036,4.2568381306470595,True
2.0,TCAD,1.5,5.526250738232485,4.441536269034084,True
2.0,TCAD,1.6,6.484760515245652,4.804090276564185,True
2.0,TCAD,1.7,7.371842011804917,5.158421792343201,True
2.0,TCAD,1.8,8.149045298932261,5.505425807161634,True
2.0,TCAD,1.9,8.799349463523148,5.845835134419851,True
2.0,TCAD,2.0,9.324652807976324,6.180259789098415,True
2.0,TCAD,2.1,9.73924843270569,6.509214714820634,True
2.0,TCAD,2.2,10.063236010168325,6.833139844977948,True
2.0,TCAD,2.3,10.316077127981362,7.152414958647288,True
2.0,TCAD,2.4,10.514840555612267,7.467370905182178,True
2.0,TCAD,2.5,10.672926074699149,7.778298235280123,True
2.0,TCAD,2.6,10.800064479050558,8.085453941232304,True
2.0,TCAD,2.7,10.904072307955355,8.389066793378472,True
2.0,TCAD,2.8,10.99021376134279,8.689341617344006,True
2.0,TCAD,2.9,11.062636390672145,8.986462760382588,True
2.0,TCAD,3.0,11.09597632355727,9.28059692876426,True
6.3,measured,0.95,1.146354509558553,1.2476376970579388,False
6.3,measured,1.0,1.2849561080588827,1.3604029858441198,False
6.3,measured,1.05,1.5082921828746207,1.4742846145859219,True
6.3,measured,1.1,1.802047300622465,1.5892160048860087,True
6.3,measured,1.15,2.0341825653805174,1.7051385887528117,True
6.3,measured,1.2,2.280610930552475,1.8220004170940256,True
6.3,measured,1.25,2.468718341356964,1.939755075817216,True
6.3,measured,1.3,2.6678646198918408,2.0583608285359993,True
6.3,measured,1.35,2.952801405152177,2.1777799292849633,True
6.3,measured,1.4,3.1068031812636567,2.2979780648619466,True
6.3,measured,1.45,3.371959336486872,2.418923897445125,True
6.3,measured,1.5,3.72951017652858,2.540588685791181,True
6.3,measured,1.55,3.9385148658400126,2.6629459687395274,True
6.3,measured,1.6,4.191547409105021,2.7859712986462744,True
6.3,measured,1.65,4.224568299570195,2.9096420152197617,True
6.3,measured,1.7,4.455586915858399,3.03393705233928,True
6.3,measured,1.75,4.972658965876779,3.1588367720212807,True
6.3,measured,1.8,5.159681632453428,3.2843228208987005,True
6.3,measured,1.85,5.324786084779291,3.410378005500598,True
6.3,measured,1.9,5.632853445486246,3.536986183333362,True
6.3,measured,1.95,5.995764198183151,3.6641321673231997,True
6.3,measured,2.0,6.171875613997407,3.79180164161997,True
6.3,measured,2.05,6.413709768322027,3.9199810871126344,True
6.3,measured,2.1,6.787627484507356,4.048657715287024,True
6.3,measured,2.15,7.118155431579002,4.177819409282832,True
6.3,measured,2.2,7.371156070602006,4.307454671190461,True
6.3,measured,2.25,7.590976297949901,4.4375525747783024,True
6.3,measured,2.3,7.964894014135182,4.568102722964428,True
6.3,measured,2.35,8.273088991810113,4.699095209448422,True
6.3,measured,2.4,8.22906113785656,4.83052058400375,True
6.3,measured,2.45,8.394006068972436,4.9623698210016505,True
6.3,measured,2.5,9.03240995129909,5.094634290796672,True
6.3,measured,2.55,9.51639730236828,5.227305733653943,True
6.3,measured,2.6,9.626147894832247,5.360376235940313,True
6.3,measured,2.65,9.868301091576816,5.493838208337382,True
6.3,measured,2.7,10.242537850182106,5.6276843658649485,True
6.3,measured,2.75,10.517233373761977,5.761907709529452,True
6.3,measured,2.8,10.759386570506493,5.8965015094344855,True
6.3,measured,2.85,10.946664471019112,6.031459289209708,True
6.3,measured,2.9,10.594441639390642,6.166774811631146,True
6.3,measured,2.95,10.407163738878008,6.302442065320428,True
6.3,measured,3.0,10.737053601109816,6.438455252422924,True
6.3,TCAD,0.95,1.2242621518463903,2.428237442426683,False
6.3,TCAD,1.0,1.4892082699123341,2.6023478040385752,False
6.3,TCAD,1.05,1.780289200812642,2.7681462225377214,False
6.3,TCAD,1.1,2.0937320750365345,2.92682546863228,False
6.3,TCAD,1.15,2.425647436547562,3.0793135690292344,False
6.3,TCAD,1.2,2.772038958327432,3.2263498911169752,False
6.3,TCAD,1.25,3.1287289565401823,3.368535147465905,False
6.3,TCAD,1.3,3.491215895889669,3.5063654982224945,True
6.3,TCAD,1.35,3.854544849035563,3.6402565385486154,True
6.3,TCAD,1.4,4.213631348053448,3.7705606196880885,True
6.3,TCAD,1.45,4.563326154726877,3.897579641570048,True
6.3,TCAD,1.5,4.895198336043215,4.02157468790139,True
6.3,TCAD,1.6,5.498803482525453,4.261375765515699,True
6.3,TCAD,1.7,6.019362319575721,4.491479043413536,True
6.3,TCAD,1.8,6.4509105828028925,4.713081366714443,True
6.3,TCAD,1.9,6.804928806469367,4.927148219309276,True
6.3,TCAD,2.0,7.095747417686946,5.134472253647957,True
6.3,TCAD,2.1,7.33685482977102,5.3357139977235395,True
6.3,TCAD,2.2,7.538938140906635,5.531430967385698,True
6.3,TCAD,2.3,7.710093637597607,5.722098989493634,True
6.3,TCAD,2.4,7.856960274777066,5.908128146046252,True
6.3,TCAD,2.5,7.9840719728872065,6.089874913599683,True
6.3,TCAD,2.6,8.094991097989693,6.267651554372494,True
6.3,TCAD,2.7,8.192632313225898,6.441733484886841,True
6.3,TCAD,2.8,8.279424504546965,6.612365131447469,True
6.3,TCAD,2.9,8.356825003523563,6.779764636575195,True
6.3,TCAD,3.0,8.393258292790795,6.944127681132143,True
13.2,measured,0.95,26.81041071835915,29.418945315412163,False
13.2,measured,1.0,28.680637384125625,29.98371460014694,True
13.2,measured,1.05,29.285860854777106,30.521449621471266,True
13.2,measured,1.1,30.65008624249765,31.035034997352646,True
13.2,measured,1.15,33.44457879886902,31.526897471284617,True
13.2,measured,1.2,35.204735829751534,31.999099805704923,True
13.2,measured,1.25,36.52493336351848,32.453411522426876,True
13.2,measured,1.3,37.40485235774977,32.89136306582505,True
13.2,measured,1.35,38.61498025663283,33.31428787399109,True
13.2,measured,1.4,39.495218293284175,33.7233554816588,True
13.2,measured,1.45,40.0455664677036,34.119597871540726,True
13.2,measured,1.5,40.92548546193491,34.50393067369188,True
13.2,measured,1.55,41.58526518639837,34.87717038496896,True
13.2,measured,1.6,42.356709757845636,35.24004847937192,True
13.2,measured,1.65,40.92676163161487,35.5932230644684,True
13.2,measured,1.7,41.69565386370222,35.93728858265455,True
13.2,measured,1.75,44.22566025393226,36.27278394100241,True
13.2,measured,1.8,44.11399540694861,36.60019936789343,True
13.2,measured,1.85,44.665938793467916,36.919982230294835,True
13.2,measured,1.9,45.32635660277148,37.23254199664449,True
13.2,measured,1.95,44.88607806323561,37.53825449280776,True
13.2,measured,2.0,44.997742910219365,37.83746556954643,True
13.2,measured,2.05,45.32635660277138,38.13049427729197,True
13.2,measured,2.1,47.4160844534657,38.41763562620461,True
13.2,measured,2.15,46.97580591392999,38.69916299539119,True
13.2,measured,2.2,46.095248834859,38.9753302439014,True
13.2,measured,2.25,47.41608445346592,39.2463735670877,True
13.2,measured,2.3,47.524558876249756,39.51251313461816,True
13.2,measured,2.35,47.416084453465814,39.773954540503546,True
13.2,measured,2.4,47.08747076091369,40.03089009065844,True
13.2,measured,2.45,47.744698146017505,40.28349994954089,True
13.2,measured,2.5,47.636223723233776,40.53195316413502,True
13.2,measured,2.55,46.975805913930095,40.77640858082179,True
13.2,measured,2.6,49.39733788137587,41.01701566841921,True
13.2,measured,2.65,49.28886345859182,41.25391525877953,True
13.2,measured,2.7,47.4160844534657,41.48724021474142,True
13.2,measured,2.75,49.83442599671215,41.717116033895216,True
13.2,measured,2.8,50.16623011346349,41.943661395485236,True
13.2,measured,2.85,49.61747715114384,42.16698865681118,True
13.2,measured,2.9,49.72595157392799,42.38720430467004,True
13.2,measured,2.95,49.17719861160813,42.604409366679555,True
13.2,measured,3.0,49.06872418882398,42.81869978672287,True
13.2,TCAD,0.95,26.492361537315894,31.133245020147204,False
13.2,TCAD,1.0,28.641367228113133,31.681740070112912,False
13.2,TCAD,1.05,30.661165701093264,32.20087250611292,True
13.2,TCAD,1.1,32.52311656540517,32.694032015789396,True
13.2,TCAD,1.15,34.20899411777985,33.16403273134038,True
13.2,TCAD,1.2,35.71326555543913,33.61323863969925,True
13.2,TCAD,1.25,37.04276551710912,34.043656291360925,True
13.2,TCAD,1.3,38.2121396572022,34.45700459170894,True
13.2,TCAD,1.35,39.240264596961225,34.85476819242009,True
13.2,TCAD,1.4,40.14536603965512,35.23823892725869,True
13.2,TCAD,1.45,40.94436785260474,35.608548386455325,True
13.2,TCAD,1.5,41.64193494795663,35.96669382437214,True
13.2,TCAD,1.6,42.82486987917249,36.64993099398809,True
13.2,TCAD,1.7,43.80466415937011,37.29394162896694,True
13.2,TCAD,1.8,44.61229063547396,37.90355971861443,True
13.2,TCAD,1.9,45.29087262325404,38.48274664100846,True
13.2,TCAD,2.0,45.866935030146585,39.03479257670398,True
13.2,TCAD,2.1,46.36325998523754,39.562462465858765,True
13.2,TCAD,2.2,46.79612043787428,40.06810397838928,True
13.2,TCAD,2.3,47.17528015766525,40.553728841975605,True
13.2,TCAD,2.4,47.51213020915303,41.02107509181468,True
13.2,TCAD,2.5,47.81155247714233,41.47165540383582,True
13.2,TCAD,2.6,48.08168343630671,41.90679510747812,True
13.2,TCAD,2.7,48.32740497145008,42.32766243028639,True
13.2,TCAD,2.8,48.54871708257281,42.73529281627115,True
13.2,TCAD,2.9,48.7521289494132,43.13060866764137,True
13.2,TCAD,3.0,48.8513939404314,43.514435512510694,True
