Parameter,Symbol,ATLAS keyword,Units,2.0 nm,6.3 nm,13.2 nm,31.8 nm,Thickness law / equation,W-composition dependence,Temperature,Source type,Exact source/reference,Page/Figure/Table,Label,Uncertainty,Notes
Bandgap,Eg(t),EG300,eV,3.403,3.122,3.076,3.058,"Eg_bulk + dEg_QC(t), dEg_QC = 0.920 t^-1.381","Eg_bulk from an IWO study; W widens gap (PBE, qualitative)",300 K,literature + DFT proxy,Fan2021 Sec.3 (bulk); Lin2022 Methods; Si2021 Fig.4,Lin2022 p.21542; Si2021 p.504,LITERATURE_IWO + DFT_PURE_IN2O3_PROXY,+/-0.2 eV bulk; +/-50 % on dEg,PBE absolute gaps not used
Electron affinity,chi(t),AFFINITY,eV,3.947,4.228,4.274,4.292,"chi_bulk - dEc(t), dEc = dEg (Ev fixed)",chi_bulk composition-mixing estimate (Fan2021),300 K,literature + DFT proxy,Fan2021 Sec.3; Si2021,Si2021 p.504,LITERATURE_IWO + DFT_PURE_IN2O3_PROXY,+/-0.3 eV absolute,absolute vacuum alignment not available; relative dEc only
Relative permittivity,eps_r,PERMITTIVITY,-,9.3,9.3,9.3,9.3,shared,IWO 9.30 vs In2O3 9.03 (same process),300 K,measured (C-V) on target process,Januar2026 SI Fig.S1 (not bundled; recorded by Astra),SI Fig.S1b,MEASURED_TARGET_DEVICE,+/-0.04 (SI); bulk crystal 10.55 (Stokey2021),no thickness dependence imposed
Electron effective mass,m*(t),(none; enters Nc),m0,0.2573,0.2177,0.2114,0.209,0.208 + 0.131 t^-1.412,"W flattens CBM (PBE, qualitative) -> NOT DETERMINED",300 K,measured bulk + DFT proxy increment,Stokey2021; Lin2022,Stokey2021 Sec.IV.C; Lin2022 p.21540,MEASURED_RELATED_MATERIAL + DFT_PURE_IN2O3_PROXY,+/-0.03 m0,nonparabolicity ignored
Effective conduction-band DOS,Nc(t),NC300,cm^-3,3.274e+18,2.550e+18,2.440e+18,2.398e+18,2(2 pi m* kT/h^2)^1.5,via m*,300 K,calculated,this work,-,CALCULATED,x0.8-1.3,3-D continuum value; quasi-2D at 2 nm
Effective valence-band DOS,Nv,NV300,cm^-3,1.0e+19,1.0e+19,1.0e+19,1.0e+19,shared,-,300 K,assumed,-,-,ASSUMED,x10,holes not solved
Band mobility,mu_band(t),(enters MUN),cm^2/Vs,18.13,11.69,61.9,84,per thickness,IWO lower than In2O3 (Januar2026),300 K,fitted,this work (real ATLAS),-,FITTED,see SENSITIVITY_RESULTS,no defensible law; percolation/crystallinity hypothesis
Roughness factor,(1-Dsr/t)^2,-,-,0.7336,0.911,0.957,0.982,Dsr = 2.87 A,IWO 2.87 A vs In2O3 3.75 A,300 K,literature (target process),Januar2026,"Sec.2.9, Fig.5f",LITERATURE_IWO,unit ambiguity A vs nm noted,
Constant mobility in deck,mu0(t),MUN,cm^2/Vs,13.3,10.65,59.24,82.49,mu_band(t) (1-Dsr/t)^2,-,300 K,calculated,this work,-,CALCULATED,-,gate roll-off theta_r Vov not native (approximation gap)
Effective mobility,mu_eff(Vg),(solver output: n_free/(n_free+n_trap) x mu0),cm^2/Vs,solver,solver,solver,solver,from DOS occupancy,-,300 K,simulated,-,-,CALCULATED,-,reported as mu_FE from gm in EXPERIMENTAL_VS_SIMULATION
Effective background donor density,Nd_eff(t),DOPING N.TYPE CONC,cm^-3,2.500e+17,2.525e+17,2.974e+17,1.848e+18,"Nd0(1+(t/tc)^k), Nd0=2.5e+17, tc=20 nm, k=4",NOT the W concentration,300 K,fitted law,this work; Kim2024 trend,Kim2024 p.6,FITTED,x2,electrically active donors only
Flat-band carrier density,n_FB(t),(solver equilibrium n),cm^-3,solver,solver,solver,solver,from equilibrium solution,-,300 K,simulated,-,-,CALCULATED,-,Ioff ~ t n_FB used only as a consistency check
Bulk tail trap density,Nt(t),(NTA*WTA),cm^-3,2.000e+19,8.459e+18,4.857e+18,2.512e+18,"Nt2 (2/t)^alpha, Nt2=2.0e+19, alpha=0.75",IWO lower than In2O3 (Januar2026),300 K,fitted law (anchor ATLAS) + literature trend,this work; Januar2026,Januar2026 Sec.2.8/2.10,FITTED,x2,Januar Nt(2 nm)=5.3e19 with theta_t convention
Tail intercept density,NTA(t),NTA,cm^-3/eV,5.000e+20,2.115e+20,1.214e+20,6.279e+19,Nt/WTA,-,300 K,calculated,-,-,CALCULATED,-,gTA = NTA exp((E-Ec)/WTA)
Tail energy width,WTA = kTt,WTA,eV,0.04,0.04,0.04,0.04,shared,-,300 K,fitted,this work,-,FITTED,+/-0.005 eV,Tt = 464 K; absolute Tt not in the paper
Deep acceptor density,NGA,NGA,cm^-3/eV,5.0e+16,5.0e+16,5.0e+16,5.0e+16,shared,-,300 K,assumed,Fan2021 range,Fan2021 p.9,ASSUMED,x10,insensitive; EGA from Ec
Interface trap density,Dit,regularized NGA in region 2 (sheet/0.25 nm),cm^-2 eV^-1,3.0e+11,3.0e+11,3.0e+11,3.0e+11,shared,-,300 K,assumed / literature proxy,Lin2022; Wang2022 (HfO2/In2O3 6e11),Lin2022 p.21539; Wang2022 p.4,ASSUMED,x3,"Gaussian at Ec-0.3 eV, W 0.12 eV; IWO/Al2O3 interface here"
Fixed interface charge,Qf,INTERFACE QF,cm^-2,1.730e+12,8.700e+10,1.730e+12,1.730e+12,shared value 1.73e12; 6.3 nm DEVICE-SPECIFIC 8.7e10 (cause NOT DETERMINED),-,300 K,fitted,this work,-,FITTED (shared) + FITTED device-specific (6.3 nm),-,"dVfb = -q Qf/Cox = -0.310 V (2 nm), -0.016 V (6.3 nm)"
Capture cross sections,sigma,SIGTAE.. SIGGDH,cm^2,1e-15,1e-15,1e-15,1e-15,shared,-,300 K,assumed,-,-,ASSUMED,x100,not identifiable from DC
Gate work function,Phi_TiN,CONTACT WORKFUNCTION,eV,4.7,4.7,4.7,4.7,shared,-,300 K,assumed,TiN literature range 4.5-4.9,-,ASSUMED,+/-0.2 eV,degenerate with chi and Qf
S/D contact,Pd/IWO,CONTACT (no WF) [+RESISTANCE],ohm.um,0,0,0,9.2e+04,ideal Ohmic; 31.8 nm series R,-,300 K,assumed / fitted (31.8),Si2022/Lin2022 (CNL) context,-,ASSUMED (+FITTED for 31.8 nm),underconstrained (no TLM),
SRH lifetimes,"tau_n, tau_p",TAUN0 TAUP0,s,1e-06,1e-06,1e-06,1e-06,shared,-,300 K,assumed,-,-,ASSUMED,x100,negligible
Channel length / width,L / W,geometry / MESH WIDTH,um,20 / 290 (sim 1),20 / 290 (sim 1),20 / 290 (sim 1),20 / 290 (sim 1),-,-,300 K,measured (figure),schematic,-,MEASURED_TARGET_DEVICE,-,A/um normalization
Gate-stack capacitance,Cox,(from eps and thickness),F/cm^2,8.9554e-07,8.9554e-07,8.9554e-07,8.9554e-07,eps0/(15 nm/19.57 + 2 nm/9.0),-,300 K,calculated,"SI Fig.S1 (HfO2), Al2O3 eps assumed",-,CALCULATED,+/-5 %,EOT 3.86 nm
