thickness_nm,case,overrides,run_id,run_ref,dVth_cc_V,dSS_mV_dec,dmu_FE_pct,dIon_pct,Ioff_minpos_ratio,active_log_rmse,active_log_rmse_ref
2.0,no_confinement,thickness_laws.dEg_QC_eV.a=0 thickness_laws.mstar_m0.b=0,run_0016,run_0012,-0.31557080346619265,10.681873383544485,0.549357195446265,21.39269078971926,5.841408580836235,0.8457090439028228,0.037321313663768174
13.2,no_confinement,thickness_laws.dEg_QC_eV.a=0 thickness_laws.mstar_m0.b=0,run_0017,run_0013,-0.023446150292892747,-12.717930898411993,-0.07820646506774276,0.9295811347795002,0.08869035916760519,0.11448409374656811,0.0814066174658848
2.0,chi_m0p1,bulk_reference.chi_bulk_eV.value=4.20,run_0020,run_0012,0.09999999999999998,-0.0007466017002144554,-0.7192614826981414,-6.9375222236847005,28.826010855341348,0.46340457185885775,0.037321313663768174
2.0,chi_p0p1,bulk_reference.chi_bulk_eV.value=4.40,run_0021,run_0012,-0.09999999999999998,-0.0014932360693364899,0.6173189103474419,6.980348860281049,0.7173948653389415,0.36095960691750933,0.037321313663768174
2.0,nd_x2,thickness_laws.Nd_eff_cm3.Nd0=5e17,run_0022,run_0012,-0.00948456215732929,1.5595924899821512,0.10477431047180019,0.6877800675403778,11.434734515310009,0.053877890191225034,0.037321313663768174
2.0,nt_x1p5,thickness_laws.Nt_cm3.Nt2=3e19,run_0023,run_0012,0.08202563107030991,3.1496289899915837,-6.779181061335359,-25.050832074400475,4.176287944460702,0.2628081254475882,0.037321313663768174
2.0,wta_p5meV,thickness_laws.WTA_eV.value=0.045,run_0024,run_0012,0.019693778121737227,12.368847216612977,0.3199864076570025,0.4341599398069773,8.641343058599997,0.06309695780619887,0.037321313663768174
2.0,dit_x3,traps.interface_acceptor_sheet.peak_cm2_eV=9e11,run_0025,run_0012,0.02501875306732071,9.370709549022962,-0.17556776349292313,-1.8026477862754242,3.2608723659969043,0.09803520043292613,0.037321313663768174
2.0,eps_10p55,bulk_reference.eps_r.value=10.55,run_0026,run_0012,-0.0008821096578828236,-0.07089549510715187,0.6286458628306013,0.6852261855414987,1.73910002631934,0.03727602095187175,0.037321313663768174
2.0,overlap_4um,geometry.contact_overlap_um.value=4.0,run_0027,run_0012,-0.0009559645412045015,0.021805566222312223,-1.7641728492948872,-2.1652990301141872,2.026661660473343e-33,0.037748911330518345,0.037321313663768174
