thickness_nm,parameter,from,to,run_ref,run_pert,status,dVth_cc_V,dSS_min_mV_dec,dmu_FE_pct,dIon_pct,active_log_rmse_ref,active_log_rmse_pert,note
2.0,"Qf (fixed interface charge, cm^-2)",0,1.73e12,run_0001_2p0_v1_baseline_laws,run_0003_2p0_v1_stage3_qf1p73e12,MEASURED IN ATLAS (stage pair),-0.3092383735257641,2.252157975248707,2.6429510866161854,27.063618413432145,3.927808881436186,0.05583394809616358,dVth = -0.309 V for dQf = 1.73e12 cm^-2: -q dQf/Cox = -0.3095 V (Cox 8.955e-7 F/cm^2) -> the solver reproduces the flat-band relation exactly
13.2,"Qf (fixed interface charge, cm^-2)",0,1.73e12,run_0002_13p2_v1_baseline_laws,run_0004_13p2_v1_stage3_qf1p73e12,MEASURED IN ATLAS (stage pair),-0.30982747285009204,5.0935973536461745,1.390465380249628,18.202618164967554,1.0300736838176516,0.08560897630836307,
2.0,mu_band (cm^2/Vs),16.8,18.13,run_0003_2p0_v1_stage3_qf1p73e12,run_0008_2p0_v1_stage6_mu18p13,MEASURED IN ATLAS (stage pair),-0.009234073561671496,-9.891394570484124,7.919946305449033,7.916946683994164,0.05583394809616358,0.03730748594192698,Ion scales ~linearly with mu_band at fixed electrostatics (+7.9 % mu -> +7.9 % Ion)
13.2,mu_band (cm^2/Vs),57.6,61.9,run_0004_13p2_v1_stage3_qf1p73e12,run_0009_13p2_v1_stage6_mu61p9,MEASURED IN ATLAS (stage pair),-0.006176489979257176,5.682948096819018e-05,7.472712006717108,7.465408430787113,0.08560897630836307,0.08131310160335015,
6.3,"Qf (fixed interface charge, cm^-2)",1.73e12,8.7e10,run_0005_6p3_v1_stage5_shared_qf_prediction,run_0007_6p3_v1_stage5b_device_qf8p7e10,MEASURED IN ATLAS (stage pair),0.29420279910889363,2.5811574380967386,-2.094387042726009,-16.330569074850075,0.6780272991134881,0.08162807196185083,
2.0,structure + sweep form (reduced/pointwise -> physical/stepped),"reduced, 121 pts","physical, 76 pts",run_0008_2p0_v1_stage6_mu18p13,run_0012_2p0_v2_full_stepped_final,MEASURED IN ATLAS (stage pair),-6.565129149305182e-05,0.0060855227596903205,-0.1696161022224696,-0.0023573739639903835,0.03730748594192698,0.037321313663768174,
13.2,structure + sweep form (reduced/pointwise -> physical/stepped),"reduced, 121 pts","physical, 76 pts",run_0009_13p2_v1_stage6_mu61p9,run_0013_13p2_v2_full_stepped_final,MEASURED IN ATLAS (stage pair),-9.269819349303626e-05,0.021008843320231563,-0.10416666666678287,0.00032571274088954993,0.08131310160335015,0.0814066174658848,
2.0,OAT no_confinement: thickness_laws.dEg_QC_eV.a=0 thickness_laws.mstar_m0.b=0,final,no_confinement,run_0012,run_0016,"MEASURED IN ATLAS (one-at-a-time, vs the final run)",-0.31557080346619265,10.681873383544485,0.549357195446265,21.39269078971926,0.037321313663768174,0.8457090439028228,
13.2,OAT no_confinement: thickness_laws.dEg_QC_eV.a=0 thickness_laws.mstar_m0.b=0,final,no_confinement,run_0013,run_0017,"MEASURED IN ATLAS (one-at-a-time, vs the final run)",-0.023446150292892747,-12.717930898411993,-0.07820646506774276,0.9295811347795002,0.0814066174658848,0.11448409374656811,
2.0,OAT chi_m0p1: bulk_reference.chi_bulk_eV.value=4.20,final,chi_m0p1,run_0012,run_0020,"MEASURED IN ATLAS (one-at-a-time, vs the final run)",0.09999999999999998,-0.0007466017002144554,-0.7192614826981414,-6.9375222236847005,0.037321313663768174,0.46340457185885775,
2.0,OAT chi_p0p1: bulk_reference.chi_bulk_eV.value=4.40,final,chi_p0p1,run_0012,run_0021,"MEASURED IN ATLAS (one-at-a-time, vs the final run)",-0.09999999999999998,-0.0014932360693364899,0.6173189103474419,6.980348860281049,0.037321313663768174,0.36095960691750933,
2.0,OAT nd_x2: thickness_laws.Nd_eff_cm3.Nd0=5e17,final,nd_x2,run_0012,run_0022,"MEASURED IN ATLAS (one-at-a-time, vs the final run)",-0.00948456215732929,1.5595924899821512,0.10477431047180019,0.6877800675403778,0.037321313663768174,0.053877890191225034,
2.0,OAT nt_x1p5: thickness_laws.Nt_cm3.Nt2=3e19,final,nt_x1p5,run_0012,run_0023,"MEASURED IN ATLAS (one-at-a-time, vs the final run)",0.08202563107030991,3.1496289899915837,-6.779181061335359,-25.050832074400475,0.037321313663768174,0.2628081254475882,
2.0,OAT wta_p5meV: thickness_laws.WTA_eV.value=0.045,final,wta_p5meV,run_0012,run_0024,"MEASURED IN ATLAS (one-at-a-time, vs the final run)",0.019693778121737227,12.368847216612977,0.3199864076570025,0.4341599398069773,0.037321313663768174,0.06309695780619887,
2.0,OAT dit_x3: traps.interface_acceptor_sheet.peak_cm2_eV=9e11,final,dit_x3,run_0012,run_0025,"MEASURED IN ATLAS (one-at-a-time, vs the final run)",0.02501875306732071,9.370709549022962,-0.17556776349292313,-1.8026477862754242,0.037321313663768174,0.09803520043292613,
2.0,OAT eps_10p55: bulk_reference.eps_r.value=10.55,final,eps_10p55,run_0012,run_0026,"MEASURED IN ATLAS (one-at-a-time, vs the final run)",-0.0008821096578828236,-0.07089549510715187,0.6286458628306013,0.6852261855414987,0.037321313663768174,0.03727602095187175,
2.0,OAT overlap_4um: geometry.contact_overlap_um.value=4.0,final,overlap_4um,run_0012,run_0027,"MEASURED IN ATLAS (one-at-a-time, vs the final run)",-0.0009559645412045015,0.021805566222312223,-1.7641728492948872,-2.1652990301141872,0.037321313663768174,0.037748911330518345,
,gate work function +0.1 eV (same action as Qf: -q dQf/Cox),,,,,NOT RUN (see docs/NUMERICAL_CONVERGENCE.md for the refinement checks; other cases not launched),,,,,,,
,m* = bulk only,,,,,NOT RUN (see docs/NUMERICAL_CONVERGENCE.md for the refinement checks; other cases not launched),,,,,,,
,any case at 6.3 nm,,,,,NOT RUN (see docs/NUMERICAL_CONVERGENCE.md for the refinement checks; other cases not launched),,,,,,,
