vg_V,free_n_cm3,ionized_acceptors_cm3,ionized_donors_cm3,free_sheet_cm2,acceptor_sheet_cm2,donor_sheet_cm2,free_charge_C_cm2,acceptor_charge_C_cm2,donor_charge_C_cm2,acceptor_capacity_occupied_percent,trapped_fraction_free_plus_acceptor_percent
-3.0,2150422358000.0,42236927180000.0,0.0,430084.4716,8447385.435999999,0.0,-6.890712910437566e-14,-1.3534203563951101e-12,0.0,0.00019198603263636364,95.15532605487286
-2.95,2158057028000.0,43597338660000.0,0.0,431611.4056,8719467.731999999,0.0,-6.915177090202166e-14,-1.3970127461127373e-12,0.0,0.00019816972118181817,95.28349171600327
-2.9,2166069312000.0,45009040970000.0,0.0,433213.8624,9001808.194,0.0,-6.94085127862171e-14,-1.4422486752176536e-12,0.0,0.00020458654986363638,95.40844886413232
-2.85,2174483588000.0,46475085270000.0,0.0,434896.7176,9295017.054,0.0,-6.967813591420164e-14,-1.4892259136550315e-12,0.0,0.0002112503875909091,95.53031272620944
-2.8,2183329251000.0,47999282670000.0,0.0,436665.8502,9599856.534,0.0,-6.996158220561842e-14,-1.5380665828527026e-12,0.0,0.0002181785575909091,95.64923154171986
-2.75,2192644967000.0,49586895800000.0,0.0,438528.9934,9917379.16,0.0,-7.026009065570201e-14,-1.5889393160670547e-12,0.0,0.00022539498090909092,95.76542214449802
-2.7,2202486120000.0,51245805580000.0,0.0,440497.224,10249161.116,0.0,-7.05754359634664e-14,-1.6420966458156561e-12,0.0,0.0002329354799090909,95.8792207384993
-2.65,2212921576000.0,52985676110000.0,0.0,442584.31519999995,10597135.222,0.0,-7.090982483883309e-14,-1.69784824400268e-12,0.0,0.00024084398231818182,95.99098225540381
-2.6,2223988208000.0,54810327700000.0,0.0,444797.6416,10962065.54,0.0,-7.126443882298264e-14,-1.7563165268564592e-12,0.0,0.0002491378531818182,96.10061386273584
-2.55,2235676988000.0,56716324220000.0,0.0,447135.39759999997,11343264.843999999,0.0,-7.163898862690196e-14,-1.8173913886330452e-12,0.0,0.00025780147372727274,96.20763173058049
-2.5,2247994185000.0,58702997940000.0,0.0,449598.837,11740599.588,0.0,-7.203367513149746e-14,-1.8810514329043626e-12,0.0,0.00026683180881818184,96.31180050295202
-2.45,2260967708000.0,60773095910000.0,0.0,452193.5416,12154619.182,0.0,-7.244939263972269e-14,-1.947384684856859e-12,0.0,0.00027624134504545454,96.4131017766807
-2.4,2274632040000.0,62930299420000.0,0.0,454926.408,12586059.884,0.0,-7.288724610871506e-14,-2.016509106026955e-12,0.0,0.00028604681554545455,96.51156440307682
-2.35,2289027172000.0,65179041120000.0,0.0,457805.43439999997,13035808.224,0.0,-7.334851699138997e-14,-2.0885667341797834e-12,0.0,0.0002962683687272727,96.60724364881303
-2.3,2304197371000.0,67524286590000.0,0.0,460839.4742,13504857.318,0.0,-7.383462375880857e-14,-2.1637166840403503e-12,0.0,0.0003069285754090909,96.7002042142474
-2.25,2320190460000.0,69971405950000.0,0.0,464038.092,13994281.19,0.0,-7.434709882883423e-14,-2.2421310332243713e-12,0.0,0.00031805184522727274,96.79051151832213
-2.2,2337057919000.0,72526173590000.0,0.0,467411.58379999996,14505234.717999998,0.0,-7.488759180252929e-14,-2.3239948135865175e-12,0.0,0.0003296644254090909,96.87822997766395
-2.15,2354855184000.0,75194800280000.0,0.0,470971.0368,15038960.056,0.0,-7.54578790451714e-14,-2.4095070401382528e-12,0.0,0.00034179454672727275,96.96342276453676
-2.1,2373642032000.0,77983974230000.0,0.0,474728.4064,15596794.845999999,0.0,-7.60598760230136e-14,-2.498882026755283e-12,0.0,0.0003544726101363636,97.04615176206705
-2.05,2393483006000.0,80900907820000.0,0.0,478696.6012,16180181.564,0.0,-7.669565092178563e-14,-2.5923508835718373e-12,0.0,0.0003677313991818182,97.12647756677886
-2.0,2414447895000.0,83953389990000.0,0.0,482889.57899999997,16790677.998,0.0,-7.73674400275897e-14,-2.6901631957413496e-12,0.0,0.00038160631813636365,97.20445949079463
-1.95,2436612282000.0,87149844960000.0,0.0,487322.45639999997,17429968.992,0.0,-7.807766528675636e-14,-2.792588905032693e-12,0.0,0.0003961356589090909,97.28015555362573
-1.9,2460058153000.0,90499398260000.0,0.0,492011.6306,18099879.652,0.0,-7.882895382035594e-14,-2.8999204256646447e-12,0.0,0.0004113609011818182,97.35362248454804
-1.85,2484874592000.0,94011950910000.0,0.0,496974.91839999997,18802390.182,0.0,-7.962416019445366e-14,-3.0124750212951405e-12,0.0,0.0004273270495909091,97.4249157119179
-1.8,2511158566000.0,97698263130000.0,0.0,502231.7132,19539652.626,0.0,-8.046639157428294e-14,-3.1305974873853937e-12,0.0,0.00044408301422727274,97.4940893545739
-1.75,2539015822000.0,101570048800000.0,0.0,507803.16439999995,20314009.759999998,0.0,-8.135903646729405e-14,-3.254663178031994e-12,0.0,0.00046168204,97.5611962020611
-1.7,2568561906000.0,105640082600000.0,0.0,513712.3812,21128016.52,0.0,-8.230579737551407e-14,-3.3850814391109992e-12,0.0,0.0004801821936363636,97.62628769843099
-1.65,2599923337000.0,109922320700000.0,0.0,519984.6674,21984464.14,0.0,-8.331072841465414e-14,-3.52229947561189e-12,0.0,0.0004996469122727273,97.68941389389188
-1.6,2633238945000.0,114432039000000.0,0.0,526647.789,22886407.8,0.0,-8.437827818835621e-14,-3.666806781335534e-12,0.0,0.0005201456318181818,97.75062342034744
-1.55,2668661420000.0,119185989500000.0,0.0,533732.284,23837197.9,0.0,-8.551333942362519e-14,-3.8191401495413864e-12,0.0,0.0005417544977272727,97.80996342786126
-1.5,2706359103000.0,124202579000000.0,0.0,541271.8206,24840515.799999997,0.0,-8.672130636079597e-14,-3.979889399126781e-12,0.0,0.0005645571772727272,97.86747951448187
-1.45,2746518057000.0,129502073100000.0,0.0,549303.6113999999,25900414.619999997,0.0,-8.800814111568959e-14,-4.149703911507598e-12,0.0,0.0005886457868181818,97.92321564035457
-1.4,2789344490000.0,135106829400000.0,0.0,557868.8979999999,27021365.88,0.0,-8.938045132109293e-14,-4.329300103170084e-12,0.0,0.0006141219518181818,97.9772140072392
-1.35,2835067574000.0,141041565700000.0,0.0,567013.5148,28208313.139999997,0.0,-9.08455804574773e-14,-4.519470019746317e-12,0.0,0.000641098025909091,98.02951493269872
-1.3,2883942765000.0,147333666700000.0,0.0,576788.553,29466733.34,0.0,-9.241171423752705e-14,-4.721091163765677e-12,0.0,0.000669698485,98.08015666387506
-1.25,2936255711000.0,154013538100000.0,0.0,587251.1422,30802707.619999997,0.0,-9.408800583226512e-14,-4.935137841269774e-12,0.0,0.0007000615368181818,98.12917517143357
-1.2,2992326873000.0,161115013600000.0,0.0,598465.3746,32223002.72,0.0,-9.58847239442177e-14,-5.162694203530244e-12,0.0,0.0007323409709090909,98.17660388354638
-1.15,3052517019000.0,168675825200000.0,0.0,610503.4038,33735165.04,0.0,-9.781342885458268e-14,-5.404969317122167e-12,0.0,0.0007667082963636364,98.22247336720504
-1.1,3117233791000.0,176738146900000.0,0.0,623446.7581999999,35347629.379999995,0.0,-9.988718285310879e-14,-5.6633145859927895e-12,0.0,0.0008033552131818182,98.2668109349725
-1.05,3186939560000.0,185349223400000.0,0.0,637387.912,37069844.68,0.0,-1.0212080194004482e-13,-5.93924389723052e-12,0.0,0.00084249647,98.30964017196206
-1.0,3262160908000.0,194562099200000.0,0.0,652432.1816,38912419.839999996,0.0,-1.0453115966291647e-13,-6.234456984004601e-12,0.0,0.0008843731781818182,98.35098035689907
-0.95,3343500091000.0,204436464100000.0,0.0,668700.0181999999,40887292.82,0.0,-1.0713755443154146e-13,-6.550866518371996e-12,0.0,0.000929256655,98.39084576608815
-0.9,3431648980000.0,215039635600000.0,0.0,686329.796,43007927.12,0.0,-1.0996215623691865e-13,-6.890629590843891e-12,0.0,0.0009774528890909092,98.42924483801285
-0.85,3527406092000.0,226447700600000.0,0.0,705481.2184,45289540.12,0.0,-1.1303055238463308e-13,-7.2561842944869555e-12,0.0,0.00102930773,98.46617916924193
-0.8,3631697490000.0,238746842300000.0,0.0,726339.498,47749368.46,0.0,-1.1637241720468896e-13,-7.650292243486856e-12,0.0,0.0010852129195454547,98.50164230993943
-0.75,3745602562000.0,252034885600000.0,0.0,749120.5124,50406977.12,0.0,-1.2002233810173872e-13,-8.07608809322366e-12,0.0,0.0011456131163636364,98.53561833863273
-0.7,3870385946000.0,266423095000000.0,0.0,774077.1892,53284619.0,0.0,-1.240208385448637e-13,-8.537137151339245e-12,0.0,0.001211014068181818,98.56808017253911
-0.65,4007537264000.0,282038268900000.0,0.0,801507.4528,56407653.779999994,0.0,-1.2841565128530179e-13,-9.037502486507778e-12,0.0,0.0012819921313636364,98.59898758253343
-0.6,4158820776000.0,299025186900000.0,0.0,831764.1551999999,59805037.379999995,0.0,-1.3326330944601896e-13,-9.581823348573257e-12,0.0,0.001359205395,98.628284912559
-0.55,4326337706000.0,317549493900000.0,0.0,865267.5412,63509898.779999994,0.0,-1.386311436669272e-13,-1.017540758530211e-11,0.0,0.0014434067904545455,98.65589855429228
-0.5,4512604772000.0,337801193400000.0,0.0,902520.9543999999,67560238.67999999,0.0,-1.4459979848350593e-13,-1.08243435800559e-11,0.0,0.00153545997,98.68173447985507
-0.45,4720653515000.0,359999216000000.0,0.0,944130.703,71999843.2,0.0,-1.5126641517885935e-13,-1.1535646642670377e-11,0.0,0.0016363600727272727,98.70567690176094
-0.4,4954156357000.0,384398529000000.0,0.0,990831.2714,76879705.8,0.0,-1.5874867112735923e-13,-1.2317486826155426e-11,0.0,0.001747266040909091,98.72759157871032
-0.35,5217587118000.0,411304746800000.0,0.0,1043517.4236,82260949.36,0.0,-1.6718992332638e-13,-1.3179657095524925e-11,0.0,0.001869567030909091,98.74734517380593
-0.3,5516426073000.0,441113366600000.0,0.0,1103285.2146,88222673.32,0.0,-1.7676577914697955e-13,-1.4134830578231917e-11,0.0,0.002005060757272727,98.76487727341582
-0.25,5857423519000.0,474433192800000.0,0.0,1171484.7038,94886638.56,0.0,-1.876925419516771e-13,-1.5202515517963537e-11,0.0,0.0021565145127272725,98.78044181585476
-0.2,6248946014000.0,512501560900000.0,0.0,1249789.2027999999,102500312.17999999,0.0,-2.002383058151647e-13,-1.642236051525016e-11,0.0,0.0023295525495454546,98.79538507804563
-0.15,6701479208000.0,558615284300000.0,0.0,1340295.8416,111723056.86,0.0,-2.1473906800588848e-13,-1.7900007118014538e-11,0.0,0.0025391603831818182,98.814562093221
-0.1,7228678423000.0,623101043900000.0,0.0,1445735.6846,124620208.78,0.0,-2.316323932806113e-13,-1.996635866315176e-11,0.0,0.0028322774722727272,98.85319093055621
-0.05,7851516635000.0,740615269800000.0,0.0,1570303.3269999998,148123053.95999998,0.0,-2.515903298811861e-13,-2.3731929601143316e-11,0.0,0.0033664330445454544,98.95098663330175
0.0,8622937370000.0,1030313062000000.0,0.0,1724587.474,206062612.39999998,0.0,-2.7630937541318823e-13,-3.301487027282786e-11,0.0,0.004683241190909091,99.17002227517105
0.05,9792602768000.0,1904246739000000.0,0.0,1958520.5536,380849347.8,0.0,-3.137895868186664e-13,-6.101879261192993e-11,0.0,0.008655666995454546,99.48838027754672
0.1,12926624860000.0,4779823389000000.0,0.0,2585324.972,955964677.8,0.0,-4.1421472614351036e-13,-1.5316242697004983e-10,0.0,0.02172646995,99.73028793860273
0.15,28352162710000.0,1.441824105e+16,0.0,5670432.541999999,2883648210.0,0.0,-9.085034523465622e-13,-4.620113782737925e-10,0.0,0.06553745931818182,99.8037449916908
0.2,120566758100000.0,4.566349386e+16,0.0,24113351.619999997,9132698772.0,0.0,-3.863384853299004e-12,-1.4632196577858891e-09,0.0,0.20756133572727273,99.73666215605975
0.25,623122117900000.0,1.360939698e+17,0.0,124624423.58,27218793960.0,0.0,-1.996703394855946e-11,-4.3609315688372325e-09,0.0,0.6186089536363636,99.54422515198452
0.3,2684940383000000.0,3.44637815e+17,0.0,536988076.6,68927563000.0,0.0,-8.603497490651221e-11,-1.1043413087716293e-08,0.0,1.5665355227272728,99.22696099193408
0.35,8487959309000000.0,7.057144895e+17,0.0,1697591861.8,141142897900.0,0.0,-2.7198420150445167e-10,-2.2613585307042766e-08,0.0,3.207793134090909,98.81154715681045
0.4,2.032151638e+16,1.201245676e+18,0.0,4064303276.0,240249135200.0,0.0,-6.511731742296852e-10,-3.849215507561468e-08,0.0,5.460207618181818,98.33643891987577
0.45,3.987035877e+16,1.792779066e+18,0.0,7974071754.0,358555813200.0,0.0,-1.2775871442098195e-09,-5.744697458939087e-08,0.0,8.148995754545455,97.82444158543832
0.5,6.838703178e+16,2.448269528e+18,0.0,13677406356.0,489653905600.0,0.0,-2.1913620877306285e-09,-7.845120462991617e-08,0.0,11.128497854545456,97.28262358587467
0.55,1.070333595e+17,3.146043329e+18,0.0,21406671900.0,629208665800.0,0.0,-3.4297269529884383e-09,-1.0081034222550748e-07,0.0,14.30019695,96.70978062465066
0.6,1.570925792e+17,3.871797428e+18,0.0,31418515840.0,774359485600.0,0.0,-5.033801195380688e-09,-1.2406606741445793e-07,0.0,17.599079218181817,96.10084715841681
0.65,2.200843271e+17,4.615658723e+18,0.0,44016865420.0,923131744600.0,0.0,-7.052279327784659e-09,-1.4790201113017757e-07,0.0,20.980266922727274,95.44880021912145
0.7,2.97830339e+17,5.370270967e+18,0.0,59566067800.0,1074054193400.0,0.0,-9.543536200841978e-09,-1.7208245323151972e-07,0.0,24.41032257727273,94.74550077845768
0.75,3.924878388e+17,6.129644622e+18,0.0,78497567760.0,1225928924400.0,0.0,-1.2576696889090371e-08,-1.9641546776184325e-07,0.0,27.862021009090906,93.98221607489619
0.8,5.065488196e+17,6.888489789e+18,0.0,101309763920.0,1377697957799.9998,0.0,-1.6231613654868024e-08,-2.2073154766966776e-07,0.0,31.31131722272727,93.15015314442154
0.85,6.427974556e+17,7.641888428e+18,0.0,128559491120.0,1528377685600.0,0.0,-2.059750127513945e-08,-2.4487310157953176e-07,0.0,34.73585649090909,92.24113666309964
0.9,8.042255895e+17,8.385276992e+18,0.0,160845117900.0,1677055398400.0,0.0,-2.5770228959235512e-08,-2.6869389732400403e-07,0.0,38.11489541818182,91.24843175822116
0.95,9.939281878e+17,9.114754685e+18,0.0,198785637560.0,1822950936999.9998,0.0,-3.184897036734247e-08,-2.9206893961898056e-07,0.0,41.43070311363636,90.16757969058047
1.0,1.215008587e+18,9.827507126e+18,0.0,243001717400.0,1965501425200.0,0.0,-3.893316736401512e-08,-3.1490804575491383e-07,0.0,44.67048693636364,88.99699471951297
1.05,1.470457315e+18,1.052165005e+19,0.0,294091463000.0,2104330009999.9998,0.0,-4.711864702774755e-08,-3.3715083722469856e-07,0.0,47.82568204545454,87.7381241658021
1.1,1.762926226e+18,1.119528313e+19,0.0,352585245200.0,2239056625999.9995,0.0,-5.649038413526006e-08,-3.5873642083800763e-07,0.0,50.88765059090909,86.3952944610845
1.15,2.094467436e+18,1.184582942e+19,0.0,418893487200.0,2369165884000.0,0.0,-6.711413573266181e-08,-3.7958222214147544e-07,0.0,53.84467918181818,84.97544594899695
1.2,2.466389716e+18,1.247028206e+19,0.0,493277943200.0,2494056412000.0,0.0,-7.903183946626191e-08,-3.995918907184277e-07,0.0,56.68310027272727,83.4876888708035
1.25,2.879269226e+18,1.306583891e+19,0.0,575853845200.0,2613167782000.0,0.0,-9.22619575378493e-08,-4.186756361042006e-07,0.0,59.39017686363636,81.94261712468828
1.3,3.333061183e+18,1.363038149e+19,0.0,666612236600.0,2726076297999.9995,0.0,-1.0680305494189994e-07,-4.3676557471568196e-07,0.0,61.956279499999994,80.35150501433831
1.35,3.827254863e+18,1.416266711e+19,0.0,765450972600.0,2832533422000.0,0.0,-1.226387662772294e-07,-4.538218863752461e-07,0.0,64.37575959090908,78.72556162976082
1.4,4.361033003e+18,1.4662307e+19,0.0,872206600600.0,2932461400000.0,0.0,-1.3974290355018903e-07,-4.698321135186927e-07,0.0,66.64685,77.07535584018233
1.45,4.933411521e+18,1.512963042e+19,0.0,986682304199.9999,3025926084000.0,0.0,-1.5808393329705196e-07,-4.84806806799592e-07,0.0,68.77104736363637,75.41045103973848
1.5,5.543345597e+18,1.556550831e+19,0.0,1108669119399.9998,3113101662000.0,0.0,-1.776283757940036e-07,-4.987738742122966e-07,0.0,70.75231050000001,73.73923936646439
1.55,6.189795626e+18,1.597118004e+19,0.0,1237959125200.0,3194236008000.0,0.0,-1.9834291842425203e-07,-5.117730295499036e-07,0.0,72.59627290909091,72.06893902466325
1.6,6.871752988e+18,1.634810563e+19,0.0,1374350597600.0,3269621126000.0,0.0,-2.201952414398656e-07,-5.238510570109969e-07,0.0,74.30957104545455,70.40570702410295
1.65,7.588231607e+18,1.669785255e+19,0.0,1517646321400.0,3339570510000.0,0.0,-2.431537474823134e-07,-5.350581838717463e-07,0.0,75.89932977272728,68.75481630572858
1.7,8.338236505e+18,1.702201783e+19,0.0,1667647300999.9998,3404403566000.0,0.0,-2.671865539415364e-07,-5.454455846151477e-07,0.0,77.37280831818182,67.1208482578493
1.75,9.120723445e+18,1.732218097e+19,0.0,1824144688999.9998,3464436193999.9995,0.0,-2.922601997750996e-07,-5.55063872001069e-07,0.0,78.73718622727273,65.50786062734403
1.8,9.934563156e+18,1.759988022e+19,0.0,1986912631200.0,3519976044000.0,0.0,-3.1833849915080986e-07,-5.639623369936555e-07,0.0,79.99945554545454,63.919506124248294
1.85,1.077851962e+19,1.785660346e+19,0.0,2155703924000.0,3571320692000.0,0.0,-3.4538184568549117e-07,-5.72188656524311e-07,0.0,81.16637936363635,62.359094494243045
1.9,1.165124612e+19,1.809378628e+19,0.0,2330249224000.0,3618757256000.0,0.0,-3.7334708580894315e-07,-5.797888319681155e-07,0.0,82.24448309090909,60.82960689597366
1.95,1.255129758e+19,1.831281184e+19,0.0,2510259516000.0,3662562368000.0,0.0,-4.0218791418113485e-07,-5.868071846577309e-07,0.0,83.2400538181818,59.333679746914264
2.0,1.347715445e+19,1.851500998e+19,0.0,2695430889999.9995,3703001996000.0,0.0,-4.318556390519823e-07,-5.932863273646561e-07,0.0,84.15913627272728,57.873577202041155
2.05,1.442725261e+19,1.87016546e+19,0.0,2885450521999.9995,3740330920000.0,0.0,-4.623001404911502e-07,-5.992670803451723e-07,0.0,85.0075209090909,56.451166594335724
2.1,1.540001426e+19,1.887395997e+19,0.0,3080002852000.0,3774791993999.9995,0.0,-4.934708602127759e-07,-6.047883530997067e-07,0.0,85.79072713636363,55.06790617085668
2.15,1.639387652e+19,1.903307666e+19,0.0,3278775304000.0,3806615331999.9995,0.0,-5.253177180205046e-07,-6.098870139556551e-07,0.0,86.51398481818181,53.72484775446331
2.2,1.74073157e+19,1.918008807e+19,0.0,3481463140000.0,3836017614000.0,0.0,-5.57791889504027e-07,-6.14597778876323e-07,0.0,87.1822185,52.42265395646028
2.25,1.84388665e+19,1.931600796e+19,0.0,3687773300000.0,3863201592000.0,0.0,-5.908464212749072e-07,-6.189531323134001e-07,0.0,87.80003618181817,51.16162677342405
2.3,1.948713591e+19,1.944177927e+19,0.0,3897427182000.0,3888355854000.0,0.0,-6.244366763716865e-07,-6.229832893955915e-07,0.0,88.37172395454546,49.941744279553795
2.35,2.055081255e+19,1.955827442e+19,0.0,4110162510000.0,3911654883999.9995,0.0,-6.585206335464791e-07,-6.267162055416779e-07,0.0,88.90124736363636,48.76270166565699
2.4,2.162867182e+19,1.966629664e+19,0.0,4325734364000.0,3933259328000.0,0.0,-6.930590522891651e-07,-6.301776190784141e-07,0.0,89.39225745454544,47.62395365200383
2.45,2.271957777e+19,1.976658247e+19,0.0,4543915554000.0,3953316494000.0,0.0,-7.280155327487964e-07,-6.333911313493601e-07,0.0,89.84810213636364,46.524756199055375
2.5,2.382248235e+19,1.985980493e+19,0.0,4764496470000.0,3971960985999.9995,0.0,-7.633564917009481e-07,-6.3637830829288e-07,0.0,90.27184059090908,45.46420566922291
2.55,2.493642279e+19,1.994657728e+19,0.0,4987284558000.0,3989315456000.0,0.0,-7.990510785936618e-07,-6.391588009258254e-07,0.0,90.66626036363637,44.44127453354523
2.6,2.606051762e+19,2.002745703e+19,0.0,5212103523999.999,4005491406000.0,0.0,-8.350710480141856e-07,-6.417504738381007e-07,0.0,91.0338955909091,43.454843008598125
2.65,2.71939619e+19,2.010295018e+19,0.0,5438792380000.0,4020590035999.9995,0.0,-8.71390606841325e-07,-6.441695410572418e-07,0.0,91.37704627272726,42.503726556179856
2.7,2.833602193e+19,2.017351538e+19,0.0,5667204386000.0,4034703075999.9995,0.0,-9.079862447351515e-07,-6.464306993495124e-07,0.0,91.69779718181817,41.58669923211436
2.75,2.948602978e+19,2.023956808e+19,0.0,5897205955999.999,4047913616000.0,0.0,-9.448365588588829e-07,-6.485472612005648e-07,0.0,91.99803672727272,40.7025132950307
2.8,3.064337789e+19,2.030148433e+19,0.0,6128675578000.0,4060296865999.9995,0.0,-9.819220808438042e-07,-6.505312765808628e-07,0.0,92.27947422727271,39.84991507549905
2.85,3.180751383e+19,2.035960459e+19,0.0,6361502766000.0,4071920918000.0,0.0,-1.0192251088811569e-06,-6.523936550315429e-07,0.0,92.54365722727273,39.027658047131986
2.9,3.297793525e+19,2.041423706e+19,0.0,6595587049999.999,4082847411999.9995,0.0,-1.0567295459022988e-06,-6.54144272369377e-07,0.0,92.79198663636363,38.234512994663355
2.95,3.415418526e+19,2.046566087e+19,0.0,6830837052000.0,4093132174000.0,0.0,-1.0944207515375841e-06,-6.557920729056422e-07,0.0,93.02573122727273,37.46927595015544
3.0,3.533584809e+19,2.051412899e+19,0.0,7067169617999.999,4102825798000.0,0.0,-1.1322854030474305e-06,-6.573451626928004e-07,0.0,93.24604086363637,36.73077423221746
