energy_below_Ec_eV,tail_cm3_eV,gaussian_cm3_eV,total_cm3_eV
-4.440892e-16,5.5e+20,0.0,5.5e+20
0.007963446,4.507136e+20,0.0,4.507136e+20
0.01592689,3.693505e+20,0.0,3.693505e+20
0.02389034,3.026751e+20,0.0,3.026751e+20
0.03185379,2.480359e+20,0.0,2.480359e+20
0.03981723,2.032603e+20,0.0,2.032603e+20
0.04778068,1.665676e+20,0.0,1.665676e+20
0.05574413,1.364987e+20,0.0,1.364987e+20
0.06370757,1.118579e+20,0.0,1.118579e+20
0.07167102,9.16652e+19,0.0,9.16652e+19
0.07963446,7.511773e+19,0.0,7.511773e+19
0.08759791,6.155743e+19,0.0,6.155743e+19
0.09556136,5.044504e+19,0.0,5.044504e+19
0.1035248,4.133866e+19,0.0,4.133866e+19
0.1114883,3.387618e+19,0.0,3.387618e+19
0.1194517,2.776082e+19,0.0,2.776082e+19
0.1274151,2.274942e+19,0.0,2.274942e+19
0.1353786,1.864268e+19,0.0,1.864268e+19
0.143342,1.527729e+19,0.0,1.527729e+19
0.1513055,1.251942e+19,0.0,1.251942e+19
0.1592689,1.025941e+19,0.0,1.025941e+19
0.1672324,8.407371e+18,0.0,8.407371e+18
0.1751958,6.889667e+18,0.0,6.889667e+18
0.1831593,5.645939e+18,0.0,5.645939e+18
0.1911227,4.62673e+18,0.0,4.62673e+18
0.1990862,3.79151e+18,0.0,3.79151e+18
0.2070496,3.107064e+18,0.0,3.107064e+18
0.2150131,2.546174e+18,0.0,2.546174e+18
0.2229765,2.086537e+18,0.0,2.086537e+18
0.2309399,1.709874e+18,0.0,1.709874e+18
0.2389034,1.401206e+18,0.0,1.401206e+18
0.2468668,1.148259e+18,0.0,1.148259e+18
0.2548303,9.409748e+17,0.0,9.409748e+17
0.2627937,7.711094e+17,0.0,7.711094e+17
0.2707572,6.319082e+17,0.0,6.319082e+17
0.2787206,5.178356e+17,0.0,5.178356e+17
0.2866841,4.243556e+17,0.0,4.243556e+17
0.2946475,3.477506e+17,0.0,3.477506e+17
0.302611,2.849744e+17,0.0,2.849744e+17
0.3105744,2.335306e+17,0.0,2.335306e+17
0.3185379,1.913735e+17,0.0,1.913735e+17
0.3265013,1.568266e+17,0.0,1.568266e+17
0.3344648,1.285162e+17,0.0,1.285162e+17
0.3424282,1.053163e+17,0.0,1.053163e+17
0.3503916,8.630456e+16,0.0,8.630456e+16
0.3583551,7.07248e+16,0.0,7.07248e+16
0.3663185,5.795751e+16,0.0,5.795751e+16
0.374282,4.749498e+16,0.0,4.749498e+16
0.3822454,3.892115e+16,0.0,3.892115e+16
0.3902089,3.189508e+16,0.0,3.189508e+16
0.3981723,2.613735e+16,0.0,2.613735e+16
0.4061358,2.141902e+16,0.0,2.141902e+16
0.4140992,1.755244e+16,0.0,1.755244e+16
0.4220627,1.438386e+16,0.0,1.438386e+16
0.4300261,1.178728e+16,0.0,1.178728e+16
0.4379896,9659430000000000.0,0.0,9659430000000000.0
0.445953,7915703000000000.0,0.0,7915703000000000.0
0.4539164,6486755000000000.0,0.0,6486755000000000.0
0.4618799,5315761000000000.0,0.0,5315761000000000.0
0.4698433,4356156000000000.0,0.0,4356156000000000.0
0.4778068,3569780000000000.0,0.0,3569780000000000.0
0.4857702,2925360000000000.0,0.0,2925360000000000.0
0.4937337,2397272000000000.0,0.0,2397272000000000.0
0.5016971,1964515000000000.0,0.0,1964515000000000.0
0.5096606,1609879000000000.0,0.0,1609879000000000.0
0.517624,1319263000000000.0,0.0,1319263000000000.0
0.5255875,1081108000000000.0,0.0,1081108000000000.0
0.5335509,885946000000000.0,0.0,885946000000000.0
0.5415144,726014400000000.0,0.0,726014400000000.0
0.5494778,594953700000000.0,0.0,594953700000000.0
0.5574413,487552300000000.0,0.0,487552300000000.0
0.5654047,399539000000000.0,0.0,399539000000000.0
0.5733681,327413900000000.0,0.0,327413900000000.0
0.5813316,268308900000000.0,0.0,268308900000000.0
0.589295,219873600000000.0,0.0,219873600000000.0
0.5972585,180181900000000.0,0.0,180181900000000.0
0.6052219,147655300000000.0,0.0,147655300000000.0
0.6131854,121000500000000.0,0.0,121000500000000.0
0.6211488,99157370000000.0,0.0,99157370000000.0
0.6291123,81257410000000.0,0.0,81257410000000.0
0.6370757,66588770000000.0,0.0,66588770000000.0
0.6450392,54568110000000.0,0.0,54568110000000.0
0.6530026,44717440000000.0,0.0,44717440000000.0
0.6609661,36645010000000.0,0.0,36645010000000.0
0.6689295,30029830000000.0,0.0,30029830000000.0
0.676893,24608820000000.0,0.0,24608820000000.0
0.6848564,20166420000000.0,0.0,20166420000000.0
0.6928198,16525960000000.0,0.0,16525960000000.0
0.7007833,13542690000000.0,0.0,13542690000000.0
0.7087467,11097950000000.0,0.0,11097950000000.0
0.7167102,9094540000000.0,0.0,9094540000000.0
0.7246736,7452787000000.0,0.0,7452787000000.0
0.7326371,6107405000000.0,0.0,6107405000000.0
0.7406005,5004892000000.0,0.0,5004892000000.0
0.748564,4101405000000.0,0.0,4101405000000.0
0.7565274,3361016000000.0,0.0,3361016000000.0
0.7644909,2754283000000.0,0.0,2754283000000.0
0.7724543,2257078000000.0,0.0,2257078000000.0
0.7804178,1849629000000.0,0.0,1849629000000.0
0.7883812,1515732000000.0,0.0,1515732000000.0
0.7963446,1242111000000.0,0.0,1242111000000.0
0.8043081,1017885000000.0,0.0,1017885000000.0
0.8122715,834135300000.0,0.0,834135300000.0
0.820235,683556600000.0,0.0,683556600000.0
0.8281984,560160500000.0,0.0,560160500000.0
0.8361619,459039900000.0,0.0,459039900000.0
0.8441253,376173700000.0,0.0,376173700000.0
0.8520888,308266500000.0,0.0,308266500000.0
0.8600522,252618000000.0,0.0,252618000000.0
0.8680157,207015300000.0,0.0,207015300000.0
0.8759791,169644700000.0,0.0,169644700000.0
0.8839426,139020300000.0,0.0,139020300000.0
0.891906,113924300000.0,0.0,113924300000.0
0.8998695,93358580000.0,0.0,93358580000.0
0.9078329,76505430000.0,0.0,76505430000.0
0.9157963,62694610000.0,0.0,62694610000.0
0.9237598,51376940000.0,0.0,51376940000.0
0.9317232,42102330000.0,0.0,42102330000.0
0.9396867,34501990000.0,0.0,34501990000.0
0.9476501,28273670000.0,0.0,28273670000.0
0.9556136,23169680000.0,0.0,23169680000.0
0.963577,18987080000.0,0.0,18987080000.0
0.9715405,15559520000.0,0.0,15559520000.0
0.9795039,12750700000.0,0.0,12750700000.0
0.9874674,10448930000.0,0.0,10448930000.0
0.9954308,8562686000.0,0.0,8562686000.0
1.003394,7016943000.0,0.0,7016943000.0
1.011358,5750240000.0,0.0,5750240000.0
1.019321,4712202000.0,0.0,4712202000.0
1.027285,3861552000.0,0.0,3861552000.0
1.035248,3164462000.0,0.0,3164462000.0
1.043211,2593211000.0,0.0,2593211000.0
1.051175,2125083000.0,0.0,2125083000.0
1.059138,1741461000.0,0.0,1741461000.0
1.067102,1427091000.0,0.0,1427091000.0
1.075065,1169472000.0,0.0,1169472000.0
1.083029,958358000.0,0.0,958358000.0
1.090992,785354500.0,0.0,785354500.0
1.098956,643581700.0,0.0,643581700.0
1.106919,527401900.0,0.0,527401900.0
1.114883,432194900.0,0.0,432194900.0
1.122846,354174800.0,0.0,354174800.0
1.130809,290238900.0,0.0,290238900.0
1.138773,237844800.0,0.0,237844800.0
1.146736,194908900.0,0.0,194908900.0
1.1547,159723800.0,0.0,159723800.0
1.162663,130890300.0,0.0,130890300.0
1.170627,107261900.0,0.0,107261900.0
1.17859,87898910.0,0.0,87898910.0
1.186554,72031340.0,0.0,72031340.0
1.194517,59028190.0,0.0,59028190.0
1.20248,48372380.0,0.0,48372380.0
1.210444,39640160.0,0.0,39640160.0
1.218407,32484290.0,0.0,32484290.0
1.226371,26620200.0,0.0,26620200.0
1.234334,21814710.0,0.0,21814710.0
1.242298,17876700.0,0.0,17876700.0
1.250261,14649580.0,0.0,14649580.0
1.258225,12005030.0,0.0,12005030.0
1.266188,9837874.0,0.0,9837874.0
1.274151,8061934.0,0.0,8061934.0
1.282115,6606588.0,0.0,6606588.0
1.290078,5413962.0,0.0,5413962.0
1.298042,4436630.0,0.0,4436630.0
1.306005,3635726.0,0.0,3635726.0
1.313969,2979402.0,0.0,2979402.0
1.321932,2441558.0,0.0,2441558.0
1.329896,2000807.0,0.0,2000807.0
1.337859,1639619.0,0.0,1639619.0
1.345822,1343634.0,0.0,1343634.0
1.353786,1101080.0,0.0,1101080.0
1.361749,902312.6,0.0,902312.6
1.369713,739426.5,0.0,739426.5
1.377676,605944.7,0.0,605944.7
1.38564,496559.1,0.0,496559.1
1.393603,406919.9,0.0,406919.9
1.401567,333462.4,0.0,333462.4
1.40953,273265.5,0.0,273265.5
1.417493,223935.5,0.0,223935.5
1.425457,183510.5,0.0,183510.5
1.43342,150383.0,0.0,150383.0
1.441384,123235.8,0.0,123235.8
1.449347,100989.2,0.0,100989.2
1.457311,82758.53,0.0,82758.53
1.465274,67818.9,0.0,67818.9
1.473238,55576.18,0.0,55576.18
1.481201,45543.53,0.0,45543.53
1.489164,37321.98,0.0,37321.98
1.497128,30584.59,0.0,30584.59
1.505091,25063.44,0.0,25063.44
1.513055,20538.97,0.0,20538.97
1.521018,16831.26,0.0,16831.26
1.528982,13792.87,0.0,13792.87
1.536945,11302.97,0.0,11302.97
1.544909,9262.549,0.0,9262.549
1.552872,7590.467,0.0,7590.467
1.560836,6220.23,0.0,6220.23
1.568799,5097.35,0.0,5097.35
1.576762,4177.173,0.0,4177.173
1.584726,3423.106,0.0,3423.106
1.592689,2805.165,0.0,2805.165
1.600653,2298.774,0.0,2298.774
1.608616,1883.798,0.0,1883.798
1.61658,1543.733,0.0,1543.733
1.624543,1265.058,0.0,1265.058
1.632507,1036.688,0.0,1036.688
1.64047,849.5447,0.0,849.5447
1.648433,696.1843,0.0,696.1843
1.656397,570.5086,0.0,570.5086
1.66436,467.52,0.0,467.52
1.672324,383.123,0.0,383.123
1.680287,313.9613,0.0,313.9613
1.688251,257.2848,0.0,257.2848
1.696214,210.8396,0.0,210.8396
1.704178,172.7787,0.0,172.7787
1.712141,141.5885,0.0,141.5885
1.720104,116.0289,0.0,116.0289
1.728068,95.08325,0.0,95.08325
1.736031,77.91875,0.0,77.91875
1.743995,63.8528,0.0,63.8528
1.751958,52.32605,0.0,52.32605
1.759922,42.88011,0.0,42.88011
1.767885,35.13937,0.0,35.13937
1.775849,28.79598,0.0,28.79598
1.783812,23.59771,0.0,23.59771
1.791775,19.33783,0.0,19.33783
1.799739,15.84695,0.0,15.84695
1.807702,12.98625,0.0,12.98625
1.815666,10.64196,0.0,10.64196
1.823629,8.720869,0.0,8.720869
1.831593,7.146571,0.0,7.146571
1.839556,5.856467,0.0,5.856467
1.84752,4.799254,0.0,4.799254
1.855483,3.932889,0.0,3.932889
1.863446,3.222921,0.0,3.222921
1.87141,2.641117,0.0,2.641117
1.879373,2.164341,0.0,2.164341
1.887337,1.773632,0.0,1.773632
1.8953,1.453455,0.0,1.453455
1.903264,1.191076,0.0,1.191076
1.911227,0.9760623,0.0,0.9760623
1.919191,0.7998628,0.0,0.7998628
1.927154,0.655471,0.0,0.655471
1.935117,0.5371449,0.0,0.5371449
1.943081,0.4401791,0.0,0.4401791
1.951044,0.3607177,0.0,0.3607177
1.959008,0.2956007,0.0,0.2956007
1.966971,0.2422386,0.0,0.2422386
1.974935,0.1985095,0.0,0.1985095
1.982898,0.1626744,0.0,0.1626744
1.990862,0.1333083,0.0,0.1333083
1.998825,0.1092434,0.0,0.1092434
2.006789,0.08952272,0.0,0.08952272
2.014752,0.07336201,0.0,0.07336201
2.022715,0.06011865,0.0,0.06011865
2.030679,0.04926599,0.0,0.04926599
2.038642,0.04037246,0.0,0.04037246
2.046606,0.03308439,0.0,0.03308439
2.054569,0.02711197,0.0,0.02711197
2.062533,0.0222177,0.0,0.0222177
2.070496,0.01820695,0.0,0.01820695
2.07846,0.01492021,0.0,0.01492021
2.086423,0.01222681,0.0,0.01222681
2.094386,0.01001961,0.0,0.01001961
2.10235,0.008210867,0.0,0.008210867
2.110313,0.006728635,0.0,0.006728635
2.118277,0.005513977,0.0,0.005513977
2.12624,0.00451859,0.0,0.00451859
2.134204,0.003702891,0.0,0.003702891
2.142167,0.003034442,0.0,0.003034442
2.150131,0.002486663,0.0,0.002486663
2.158094,0.002037769,0.0,0.002037769
2.166057,0.001669909,0.0,0.001669909
2.174021,0.001368456,0.0,0.001368456
2.181984,0.001121421,0.0,0.001121421
2.189948,0.0009189815,0.0,0.0009189815
2.197911,0.0007530863,0.0,0.0007530863
2.205875,0.0006171386,0.0,0.0006171386
2.213838,0.0005057323,0.0,0.0005057323
2.221802,0.0004144372,0.0,0.0004144372
2.229765,0.0003396227,0.0,0.0003396227
2.237728,0.0002783137,0.0,0.0002783137
2.245692,0.0002280723,0.0,0.0002280723
2.253655,0.0001869006,0.0,0.0001869006
2.261619,0.0001531611,0.0,0.0001531611
2.269582,0.0001255124,0.0,0.0001255124
2.277546,0.0001028548,0.0,0.0001028548
2.285509,8.428737e-05,0.0,8.428737e-05
2.293473,6.907175e-05,0.0,6.907175e-05
2.301436,5.660287e-05,0.0,5.660287e-05
2.309399,4.638488e-05,0.0,4.638488e-05
2.317363,3.801145e-05,0.0,3.801145e-05
2.325326,3.114959e-05,0.0,3.114959e-05
2.33329,2.552645e-05,0.0,2.552645e-05
2.341253,2.09184e-05,0.0,2.09184e-05
2.349217,1.714219e-05,0.0,1.714219e-05
2.35718,1.404767e-05,0.0,1.404767e-05
2.365144,1.151178e-05,0.0,1.151178e-05
2.373107,9.433661e-06,0.0,9.433661e-06
2.38107,7.73069e-06,0.0,7.73069e-06
2.389034,6.33514e-06,0.0,6.33514e-06
2.396997,5.191516e-06,0.0,5.191516e-06
2.404961,4.25434e-06,0.0,4.25434e-06
2.412924,3.486343e-06,0.0,3.486343e-06
2.420888,2.856986e-06,0.0,2.856986e-06
2.428851,2.341241e-06,0.0,2.341241e-06
2.436815,1.918599e-06,0.0,1.918599e-06
2.444778,1.572252e-06,0.0,1.572252e-06
2.452742,1.288428e-06,0.0,1.288428e-06
2.460705,1.05584e-06,0.0,1.05584e-06
2.468668,8.652389e-07,0.0,8.652389e-07
2.476632,7.090453e-07,0.0,7.090453e-07
2.484595,5.810479e-07,0.0,5.810479e-07
2.492559,4.761568e-07,0.0,4.761568e-07
2.500522,3.902006e-07,0.0,3.902006e-07
2.508486,3.197613e-07,0.0,3.197613e-07
2.516449,2.620378e-07,0.0,2.620378e-07
2.524413,2.147345e-07,0.0,2.147345e-07
2.532376,1.759705e-07,0.0,1.759705e-07
2.540339,1.442042e-07,0.0,1.442042e-07
2.548303,1.181723e-07,0.0,1.181723e-07
2.556266,9.683978e-08,0.0,9.683978e-08
2.56423,7.935819e-08,0.0,7.935819e-08
2.572193,6.503239e-08,0.0,6.503239e-08
2.580157,5.32927e-08,0.0,5.32927e-08
2.58812,4.367226e-08,0.0,4.367226e-08
2.596084,3.578851e-08,0.0,3.578851e-08
2.604047,2.932795e-08,0.0,2.932795e-08
2.61201,2.403364e-08,0.0,2.403364e-08
2.619974,1.969507e-08,0.0,1.969507e-08
2.627937,1.61397e-08,0.0,1.61397e-08
2.635901,1.322615e-08,0.0,1.322615e-08
2.643864,1.083856e-08,0.0,1.083856e-08
2.651828,8.881974e-09,0.0,8.881974e-09
2.659791,7.278594e-09,0.0,7.278594e-09
2.667755,5.964657e-09,0.0,5.964657e-09
2.675718,4.887913e-09,0.0,4.887913e-09
2.683681,4.005543e-09,0.0,4.005543e-09
2.691645,3.28246e-09,0.0,3.28246e-09
2.699608,2.689908e-09,0.0,2.689908e-09
2.707572,2.204324e-09,0.0,2.204324e-09
2.715535,1.806398e-09,0.0,1.806398e-09
2.723499,1.480305e-09,0.0,1.480305e-09
2.731462,1.21308e-09,0.0,1.21308e-09
2.739426,9.940936e-10,0.0,9.940936e-10
2.747389,8.146391e-10,0.0,8.146391e-10
2.755352,6.675799e-10,0.0,6.675799e-10
2.763316,5.470679e-10,0.0,5.470679e-10
2.771279,4.483108e-10,0.0,4.483108e-10
2.779243,3.673814e-10,0.0,3.673814e-10
2.787206,3.010615e-10,0.0,3.010615e-10
2.79517,2.467136e-10,0.0,2.467136e-10
2.803133,2.021767e-10,0.0,2.021767e-10
2.811097,1.656796e-10,0.0,1.656796e-10
2.81906,1.35771e-10,0.0,1.35771e-10
2.827023,1.112615e-10,0.0,1.112615e-10
2.834987,9.117652e-11,0.0,9.117652e-11
2.84295,7.471727e-11,0.0,7.471727e-11
2.850914,6.122926e-11,0.0,6.122926e-11
2.858877,5.017611e-11,0.0,5.017611e-11
2.866841,4.111828e-11,0.0,4.111828e-11
2.874804,3.369558e-11,0.0,3.369558e-11
2.882768,2.761283e-11,0.0,2.761283e-11
2.890731,2.262814e-11,0.0,2.262814e-11
2.898695,1.854329e-11,0.0,1.854329e-11
2.906658,1.519584e-11,0.0,1.519584e-11
2.914621,1.245268e-11,0.0,1.245268e-11
2.922585,1.020471e-11,0.0,1.020471e-11
2.930548,8.362551e-12,0.0,8.362551e-12
2.938512,6.852937e-12,0.0,6.852937e-12
2.946475,5.61584e-12,0.0,5.61584e-12
2.954439,4.602065e-12,0.0,4.602065e-12
2.962402,3.771297e-12,0.0,3.771297e-12
2.970366,3.090499e-12,0.0,3.090499e-12
2.978329,2.5326e-12,0.0,2.5326e-12
2.986292,2.075413e-12,0.0,2.075413e-12
2.994256,1.700758e-12,0.0,1.700758e-12
3.002219,1.393736e-12,0.0,1.393736e-12
3.010183,1.142138e-12,0.0,1.142138e-12
3.018146,9.359584e-13,0.0,9.359584e-13
3.02611,7.669985e-13,0.0,7.669985e-13
3.034073,6.285394e-13,0.0,6.285394e-13
3.042037,5.15075e-13,0.0,5.15075e-13
3.05,4.220933e-13,0.0,4.220933e-13
