vg_V,vd_V,id_A_per_um,is_A_per_um,ig_A_per_um,kcl_pass
1.0,0.0,2.34324e-19,-2.24894e-18,0.0,1
1.0,0.05,1.85434e-09,-1.85434e-09,0.0,1
1.0,0.1,3.33987e-09,-3.33987e-09,0.0,1
1.0,0.15,4.51526e-09,-4.51526e-09,0.0,1
1.0,0.2,5.43322e-09,-5.43322e-09,0.0,1
1.0,0.25,6.13995e-09,-6.13995e-09,0.0,1
1.0,0.3,6.67505e-09,-6.67505e-09,0.0,1
1.0,0.35,7.07201e-09,-7.07201e-09,0.0,1
1.0,0.4,7.3589e-09,-7.3589e-09,0.0,1
1.0,0.45,7.55924e-09,-7.55924e-09,0.0,1
1.0,0.5,7.69282e-09,-7.69282e-09,0.0,1
1.0,0.6,7.8243e-09,-7.8243e-09,0.0,1
1.0,0.7,7.85979e-09,-7.8598e-09,0.0,1
1.0,0.8,7.86699e-09,-7.86699e-09,0.0,1
1.0,0.9,7.8698e-09,-7.8698e-09,0.0,1
1.0,1.0,7.87179e-09,-7.87179e-09,0.0,1
1.0,1.1,7.87341e-09,-7.87341e-09,0.0,1
1.0,1.2,7.87481e-09,-7.87481e-09,0.0,1
1.0,1.3,7.87603e-09,-7.87603e-09,0.0,1
1.0,1.4,7.87713e-09,-7.87713e-09,0.0,1
1.0,1.5,7.87813e-09,-7.87813e-09,0.0,1
1.0,1.6,7.87906e-09,-7.87906e-09,0.0,1
1.0,1.7,7.87991e-09,-7.87991e-09,0.0,1
1.0,1.8,7.88071e-09,-7.88071e-09,0.0,1
1.0,1.9,7.88147e-09,-7.88147e-09,0.0,1
1.0,2.0,7.88218e-09,-7.88218e-09,0.0,1
1.0,2.1,7.88286e-09,-7.88286e-09,0.0,1
1.0,2.2,7.8835e-09,-7.8835e-09,0.0,1
1.0,2.3,7.88412e-09,-7.88412e-09,0.0,1
1.0,2.4,7.88471e-09,-7.88471e-09,0.0,1
1.0,2.5,7.88528e-09,-7.88528e-09,0.0,1
1.0,2.6,7.88583e-09,-7.88583e-09,0.0,1
1.0,2.7,7.88635e-09,-7.88635e-09,0.0,1
1.0,2.8,7.88686e-09,-7.88686e-09,0.0,1
1.0,2.9,7.88736e-09,-7.88736e-09,0.0,1
1.0,3.0,7.88783e-09,-7.88783e-09,0.0,1
1.5,0.0,-2.041e-18,7.33247e-19,0.0,1
1.5,0.05,8.96872e-09,-8.96872e-09,0.0,1
1.5,0.1,1.69881e-08,-1.69881e-08,0.0,1
1.5,0.15,2.40994e-08,-2.40994e-08,0.0,1
1.5,0.2,3.03488e-08,-3.03488e-08,0.0,1
1.5,0.25,3.57876e-08,-3.57876e-08,0.0,1
1.5,0.3,4.04717e-08,-4.04717e-08,0.0,1
1.5,0.35,4.44616e-08,-4.44616e-08,0.0,1
1.5,0.4,4.78214e-08,-4.78214e-08,0.0,1
1.5,0.45,5.06173e-08,-5.06173e-08,0.0,1
1.5,0.5,5.29165e-08,-5.29165e-08,0.0,1
1.5,0.6,5.62848e-08,-5.62848e-08,0.0,1
1.5,0.7,5.84083e-08,-5.84083e-08,0.0,1
1.5,0.8,5.96795e-08,-5.96795e-08,0.0,1
1.5,0.9,6.03902e-08,-6.03902e-08,0.0,1
1.5,1.0,6.07478e-08,-6.07478e-08,0.0,1
1.5,1.1,6.09016e-08,-6.09016e-08,0.0,1
1.5,1.2,6.096e-08,-6.096e-08,0.0,1
1.5,1.3,6.09867e-08,-6.09867e-08,0.0,1
1.5,1.4,6.10041e-08,-6.10041e-08,0.0,1
1.5,1.5,6.10177e-08,-6.10177e-08,0.0,1
1.5,1.6,6.10289e-08,-6.10289e-08,0.0,1
1.5,1.7,6.10387e-08,-6.10387e-08,0.0,1
1.5,1.8,6.10472e-08,-6.10472e-08,0.0,1
1.5,1.9,6.1055e-08,-6.1055e-08,0.0,1
1.5,2.0,6.1062e-08,-6.1062e-08,0.0,1
1.5,2.1,6.10685e-08,-6.10685e-08,0.0,1
1.5,2.2,6.10745e-08,-6.10745e-08,0.0,1
1.5,2.3,6.10801e-08,-6.10801e-08,0.0,1
1.5,2.4,6.10854e-08,-6.10854e-08,0.0,1
1.5,2.5,6.10904e-08,-6.10904e-08,0.0,1
1.5,2.6,6.10952e-08,-6.10952e-08,0.0,1
1.5,2.7,6.10997e-08,-6.10997e-08,0.0,1
1.5,2.8,6.1104e-08,-6.1104e-08,0.0,1
1.5,2.9,6.11082e-08,-6.11082e-08,0.0,1
1.5,3.0,6.11122e-08,-6.11122e-08,0.0,1
2.0,0.0,-1.28509e-18,1.39091e-18,0.0,1
2.0,0.05,1.98808e-08,-1.98808e-08,0.0,1
2.0,0.1,3.8596e-08,-3.8596e-08,0.0,1
2.0,0.15,5.61576e-08,-5.61576e-08,0.0,1
2.0,0.2,7.2579e-08,-7.2579e-08,0.0,1
2.0,0.25,8.78755e-08,-8.78755e-08,0.0,1
2.0,0.3,1.02064e-07,-1.02064e-07,0.0,1
2.0,0.35,1.15164e-07,-1.15164e-07,0.0,1
2.0,0.4,1.27197e-07,-1.27197e-07,0.0,1
2.0,0.45,1.38188e-07,-1.38188e-07,0.0,1
2.0,0.5,1.48165e-07,-1.48165e-07,0.0,1
2.0,0.6,1.6521e-07,-1.6521e-07,0.0,1
2.0,0.7,1.7864e-07,-1.7864e-07,0.0,1
2.0,0.8,1.88841e-07,-1.88841e-07,0.0,1
2.0,0.9,1.96272e-07,-1.96272e-07,0.0,1
2.0,1.0,2.01449e-07,-2.01449e-07,0.0,1
2.0,1.1,2.04895e-07,-2.04895e-07,0.0,1
2.0,1.2,2.07091e-07,-2.07091e-07,0.0,1
2.0,1.3,2.08425e-07,-2.08425e-07,0.0,1
2.0,1.4,2.09192e-07,-2.09192e-07,0.0,1
2.0,1.5,2.09602e-07,-2.09602e-07,0.0,1
2.0,1.6,2.0981e-07,-2.0981e-07,0.0,1
2.0,1.7,2.09921e-07,-2.09921e-07,0.0,1
2.0,1.8,2.09991e-07,-2.09991e-07,0.0,1
2.0,1.9,2.10043e-07,-2.10043e-07,0.0,1
2.0,2.0,2.10085e-07,-2.10085e-07,0.0,1
2.0,2.1,2.10121e-07,-2.10121e-07,0.0,1
2.0,2.2,2.10152e-07,-2.10152e-07,0.0,1
2.0,2.3,2.10179e-07,-2.10179e-07,0.0,1
2.0,2.4,2.10204e-07,-2.10204e-07,0.0,1
2.0,2.5,2.10227e-07,-2.10227e-07,0.0,1
2.0,2.6,2.10248e-07,-2.10248e-07,0.0,1
2.0,2.7,2.10267e-07,-2.10267e-07,0.0,1
2.0,2.8,2.10286e-07,-2.10286e-07,0.0,1
2.0,2.9,2.10303e-07,-2.10303e-07,0.0,1
2.0,3.0,2.10319e-07,-2.10319e-07,0.0,1
2.5,0.0,9.14664e-19,5.74553e-19,0.0,1
2.5,0.05,3.19653e-08,-3.19653e-08,0.0,1
2.5,0.1,6.26981e-08,-6.26981e-08,0.0,1
2.5,0.15,9.22032e-08,-9.22032e-08,0.0,1
2.5,0.2,1.20486e-07,-1.20486e-07,0.0,1
2.5,0.25,1.47551e-07,-1.47551e-07,0.0,1
2.5,0.3,1.73406e-07,-1.73406e-07,0.0,1
2.5,0.35,1.98057e-07,-1.98057e-07,0.0,1
2.5,0.4,2.2151e-07,-2.2151e-07,0.0,1
2.5,0.45,2.43774e-07,-2.43774e-07,0.0,1
2.5,0.5,2.64858e-07,-2.64858e-07,0.0,1
2.5,0.6,3.03522e-07,-3.03522e-07,0.0,1
2.5,0.7,3.37593e-07,-3.37593e-07,0.0,1
2.5,0.8,3.67182e-07,-3.67182e-07,0.0,1
2.5,0.9,3.92433e-07,-3.92433e-07,0.0,1
2.5,1.0,4.13529e-07,-4.13529e-07,0.0,1
2.5,1.1,4.30709e-07,-4.30709e-07,0.0,1
2.5,1.2,4.44278e-07,-4.44278e-07,0.0,1
2.5,1.3,4.54617e-07,-4.54617e-07,0.0,1
2.5,1.4,4.62183e-07,-4.62183e-07,0.0,1
2.5,1.5,4.67487e-07,-4.67487e-07,0.0,1
2.5,1.6,4.71049e-07,-4.71049e-07,0.0,1
2.5,1.7,4.73346e-07,-4.73346e-07,0.0,1
2.5,1.8,4.74771e-07,-4.74771e-07,0.0,1
2.5,1.9,4.75623e-07,-4.75623e-07,0.0,1
2.5,2.0,4.7612e-07,-4.7612e-07,0.0,1
2.5,2.1,4.76414e-07,-4.76414e-07,0.0,1
2.5,2.2,4.76604e-07,-4.76604e-07,0.0,1
2.5,2.3,4.7674e-07,-4.7674e-07,0.0,1
2.5,2.4,4.76846e-07,-4.76846e-07,0.0,1
2.5,2.5,4.76934e-07,-4.76934e-07,0.0,1
2.5,2.6,4.77009e-07,-4.77009e-07,0.0,1
2.5,2.7,4.77075e-07,-4.77075e-07,0.0,1
2.5,2.8,4.77134e-07,-4.77134e-07,0.0,1
2.5,2.9,4.77188e-07,-4.77188e-07,0.0,1
2.5,3.0,4.77237e-07,-4.77237e-07,0.0,1
3.0,0.0,8.69219e-19,1.23217e-18,0.0,1
3.0,0.05,4.44712e-08,-4.44712e-08,0.0,1
3.0,0.1,8.76812e-08,-8.76812e-08,0.0,1
3.0,0.15,1.29633e-07,-1.29633e-07,0.0,1
3.0,0.2,1.70328e-07,-1.70328e-07,0.0,1
3.0,0.25,2.09772e-07,-2.09772e-07,0.0,1
3.0,0.3,2.47965e-07,-2.47965e-07,0.0,1
3.0,0.35,2.84913e-07,-2.84913e-07,0.0,1
3.0,0.4,3.20617e-07,-3.20617e-07,0.0,1
3.0,0.45,3.55082e-07,-3.55082e-07,0.0,1
3.0,0.5,3.88313e-07,-3.88313e-07,0.0,1
3.0,0.6,4.51084e-07,-4.51084e-07,0.0,1
3.0,0.7,5.08967e-07,-5.08967e-07,0.0,1
3.0,0.8,5.62003e-07,-5.62003e-07,0.0,1
3.0,0.9,6.10242e-07,-6.10242e-07,0.0,1
3.0,1.0,6.5374e-07,-6.5374e-07,0.0,1
3.0,1.1,6.92569e-07,-6.92569e-07,0.0,1
3.0,1.2,7.26816e-07,-7.26816e-07,0.0,1
3.0,1.3,7.56589e-07,-7.56589e-07,0.0,1
3.0,1.4,7.8203e-07,-7.8203e-07,0.0,1
3.0,1.5,8.03319e-07,-8.03319e-07,0.0,1
3.0,1.6,8.20692e-07,-8.20692e-07,0.0,1
3.0,1.7,8.34451e-07,-8.34451e-07,0.0,1
3.0,1.8,8.44973e-07,-8.44973e-07,0.0,1
3.0,1.9,8.52711e-07,-8.52711e-07,0.0,1
3.0,2.0,8.58172e-07,-8.58172e-07,0.0,1
3.0,2.1,8.61875e-07,-8.61875e-07,0.0,1
3.0,2.2,8.643e-07,-8.643e-07,0.0,1
3.0,2.3,8.65846e-07,-8.65846e-07,0.0,1
3.0,2.4,8.66817e-07,-8.66817e-07,0.0,1
3.0,2.5,8.67432e-07,-8.67432e-07,0.0,1
3.0,2.6,8.67838e-07,-8.67838e-07,0.0,1
3.0,2.7,8.68127e-07,-8.68127e-07,0.0,1
3.0,2.8,8.68347e-07,-8.68347e-07,0.0,1
3.0,2.9,8.68524e-07,-8.68524e-07,0.0,1
3.0,3.0,8.68673e-07,-8.68673e-07,0.0,1
