source_row,vg_V,id_A_per_um
2,-3.0,6.77931e-12
3,-2.95,6.4931e-12
4,-2.9,6.8e-12
5,-2.85,6.53448e-12
6,-2.8,6.57586e-12
7,-2.75,6.8e-12
8,-2.7,6.49655e-12
9,-2.65,6.82759e-12
10,-2.6,6.55172e-12
11,-2.55,6.53793e-12
12,-2.5,6.84138e-12
13,-2.45,6.55862e-12
14,-2.4,6.52069e-12
15,-2.35,6.7931e-12
16,-2.3,6.52759e-12
17,-2.25,6.51724e-12
18,-2.2,6.8e-12
19,-2.15,6.75517e-12
20,-2.1,6.46207e-12
21,-2.05,6.78276e-12
22,-2.0,6.51379e-12
23,-1.95,6.50345e-12
24,-1.9,6.77241e-12
25,-1.85,6.50345e-12
26,-1.8,6.5e-12
27,-1.75,6.80345e-12
28,-1.7,6.71379e-12
29,-1.65,6.44138e-12
30,-1.6,6.75172e-12
31,-1.55,6.74138e-12
32,-1.5,6.46207e-12
33,-1.45,6.76207e-12
34,-1.4,6.73103e-12
35,-1.35,6.45862e-12
36,-1.3,6.74138e-12
37,-1.25,6.72759e-12
38,-1.2,6.43103e-12
39,-1.15,6.50345e-12
40,-1.1,6.74828e-12
41,-1.05,6.46897e-12
42,-1.0,6.68966e-12
43,-0.95,6.59655e-12
44,-0.9,6.45172e-12
45,-0.85,6.75862e-12
46,-0.8,6.49655e-12
47,-0.75,6.43448e-12
48,-0.7,6.76207e-12
49,-0.65,6.71379e-12
50,-0.6,6.48276e-12
51,-0.55,6.76552e-12
52,-0.5,6.42069e-12
53,-0.45,6.65517e-12
54,-0.4,6.76552e-12
55,-0.35,6.46897e-12
56,-0.3,6.8931e-12
57,-0.25,6.94828e-12
58,-0.2,8.04483e-12
59,-0.15,1.24759e-11
60,-0.1,2.58828e-11
61,-0.05,7.87931e-11
62,0.0,2.34172e-10
63,0.05,5.84828e-10
64,0.1,1.33414e-09
65,0.15,2.66586e-09
66,0.2,4.55172e-09
67,0.25,7.58966e-09
68,0.3,1.18448e-08
69,0.35,1.76793e-08
70,0.4,2.51138e-08
71,0.45,3.49e-08
72,0.5,4.62069e-08
73,0.55,6.05172e-08
74,0.6,7.7931e-08
75,0.65,9.83103e-08
76,0.7,1.22e-07
77,0.75,1.49172e-07
78,0.8,1.79517e-07
79,0.85,2.13241e-07
80,0.9,2.47276e-07
81,0.95,2.87828e-07
82,1.0,3.3131e-07
83,1.05,3.77724e-07
84,1.1,4.23103e-07
85,1.15,4.73793e-07
86,1.2,5.27931e-07
87,1.25,5.84138e-07
88,1.3,6.42414e-07
89,1.35,7.01379e-07
90,1.4,7.63448e-07
91,1.45,8.25172e-07
92,1.5,8.88966e-07
93,1.55,9.53448e-07
94,1.6,1.01931e-06
95,1.65,1.08621e-06
96,1.7,1.14759e-06
97,1.75,1.2169e-06
98,1.8,1.28621e-06
99,1.85,1.35517e-06
100,1.9,1.42621e-06
101,1.95,1.49724e-06
102,2.0,1.5669e-06
103,2.05,1.63828e-06
104,2.1,1.70897e-06
105,2.15,1.7869e-06
106,2.2,1.85621e-06
107,2.25,1.93138e-06
108,2.3,2.00483e-06
109,2.35,2.08034e-06
110,2.4,2.15345e-06
111,2.45,2.22793e-06
112,2.5,2.3031e-06
113,2.55,2.37724e-06
114,2.6,2.45034e-06
115,2.65,2.53207e-06
116,2.7,2.60483e-06
117,2.75,2.68069e-06
118,2.8,2.76103e-06
119,2.85,2.83793e-06
120,2.9,2.91655e-06
121,2.95,2.99379e-06
122,3.0,3.07069e-06
