run_id,timestamp_utc,thickness_nm,label,deck_sha256,model_sha256,command,simulator,exit_code,converged,elapsed_s,output_dir,notes
run_0001,2026-09-20T21:59:32Z,2.0,v1_baseline_laws,46a25f65edd0adfb0dc28339d412c5ceacc6b1beb7c64d62d90b7acc7cf57a9a,95a9611687c072361389303b96c6ac6e356e977d74932bd4160e6bc02fb8e039,C:/sedatools/exe/deckbuild.exe -run device.in -outfile deckbuild.out,DeckBuild 5.0.10.R + ATLAS 5.28.1.R,,,,results/runs/run_0001_2p0_v1_baseline_laws,STARTED points=121 timeout=900s launch 1/30
run_0001,2026-09-20T22:05:30Z,2.0,v1_baseline_laws,46a25f65edd0adfb0dc28339d412c5ceacc6b1beb7c64d62d90b7acc7cf57a9a,95a9611687c072361389303b96c6ac6e356e977d74932bd4160e6bc02fb8e039,C:/sedatools/exe/deckbuild.exe -run device.in -outfile deckbuild.out,DeckBuild 5.0.10.R + ATLAS 5.28.1.R,0,yes,356.3,results/runs/run_0001_2p0_v1_baseline_laws,active RMSE 3.9278 dec; Id(3V) -27.06%; nonpos 37; maxKCL 1.0e-17
run_0002,2026-09-20T22:05:31Z,13.2,v1_baseline_laws,cb799758d575d48216e06497549b77c918dca76fc2712fd7ea632bebdf4f554e,95a9611687c072361389303b96c6ac6e356e977d74932bd4160e6bc02fb8e039,C:/sedatools/exe/deckbuild.exe -run device.in -outfile deckbuild.out,DeckBuild 5.0.10.R + ATLAS 5.28.1.R,,,,results/runs/run_0002_13p2_v1_baseline_laws,STARTED points=121 timeout=900s launch 2/30
run_0002,2026-09-20T22:11:07Z,13.2,v1_baseline_laws,cb799758d575d48216e06497549b77c918dca76fc2712fd7ea632bebdf4f554e,95a9611687c072361389303b96c6ac6e356e977d74932bd4160e6bc02fb8e039,C:/sedatools/exe/deckbuild.exe -run device.in -outfile deckbuild.out,DeckBuild 5.0.10.R + ATLAS 5.28.1.R,0,yes,332.1,results/runs/run_0002_13p2_v1_baseline_laws,active RMSE 1.0301 dec; Id(3V) -21.29%; nonpos 19; maxKCL 3.4e-17
run_0003,2026-09-20T22:13:11Z,2.0,v1_stage3_qf1p73e12,866c44a505f5f0fd4644894f7eedd2828a38aeadc0ceebfc9d53624267bbe48d,5aa0afbe47e1e78620d09ee8d61d539a97e96e24078270d70774adf07517ac5a,C:/sedatools/exe/deckbuild.exe -run device.in -outfile deckbuild.out,DeckBuild 5.0.10.R + ATLAS 5.28.1.R,,,,results/runs/run_0003_2p0_v1_stage3_qf1p73e12,STARTED points=121 timeout=900s launch 3/30
run_0003,2026-09-20T22:17:06Z,2.0,v1_stage3_qf1p73e12,866c44a505f5f0fd4644894f7eedd2828a38aeadc0ceebfc9d53624267bbe48d,5aa0afbe47e1e78620d09ee8d61d539a97e96e24078270d70774adf07517ac5a,C:/sedatools/exe/deckbuild.exe -run device.in -outfile deckbuild.out,DeckBuild 5.0.10.R + ATLAS 5.28.1.R,0,yes,233.8,results/runs/run_0003_2p0_v1_stage3_qf1p73e12,active RMSE 0.0558 dec; Id(3V) -7.32%; nonpos 29; maxKCL 6.9e-18
run_0004,2026-09-20T22:17:07Z,13.2,v1_stage3_qf1p73e12,8b1396c2e8ac13c41bf6c292aa5eac9281ed0dda20c129263405c044cda6bfee,5aa0afbe47e1e78620d09ee8d61d539a97e96e24078270d70774adf07517ac5a,C:/sedatools/exe/deckbuild.exe -run device.in -outfile deckbuild.out,DeckBuild 5.0.10.R + ATLAS 5.28.1.R,,,,results/runs/run_0004_13p2_v1_stage3_qf1p73e12,STARTED points=121 timeout=900s launch 4/30
run_0004,2026-09-20T22:24:34Z,13.2,v1_stage3_qf1p73e12,8b1396c2e8ac13c41bf6c292aa5eac9281ed0dda20c129263405c044cda6bfee,5aa0afbe47e1e78620d09ee8d61d539a97e96e24078270d70774adf07517ac5a,C:/sedatools/exe/deckbuild.exe -run device.in -outfile deckbuild.out,DeckBuild 5.0.10.R + ATLAS 5.28.1.R,0,yes,445.9,results/runs/run_0004_13p2_v1_stage3_qf1p73e12,active RMSE 0.0856 dec; Id(3V) -6.96%; nonpos 24; maxKCL 4.2e-17
run_0005,2026-09-20T22:25:24Z,6.3,v1_stage5_shared_qf_prediction,7a80cd96a858d0a80c3707424b71982624df662bee69d511fa43c010be2a02ef,5aa0afbe47e1e78620d09ee8d61d539a97e96e24078270d70774adf07517ac5a,C:/sedatools/exe/deckbuild.exe -run device.in -outfile deckbuild.out,DeckBuild 5.0.10.R + ATLAS 5.28.1.R,,,,results/runs/run_0005_6p3_v1_stage5_shared_qf_prediction,STARTED points=121 timeout=900s launch 5/30
run_0005,2026-09-20T22:31:29Z,6.3,v1_stage5_shared_qf_prediction,7a80cd96a858d0a80c3707424b71982624df662bee69d511fa43c010be2a02ef,5aa0afbe47e1e78620d09ee8d61d539a97e96e24078270d70774adf07517ac5a,C:/sedatools/exe/deckbuild.exe -run device.in -outfile deckbuild.out,DeckBuild 5.0.10.R + ATLAS 5.28.1.R,0,yes,364.3,results/runs/run_0005_6p3_v1_stage5_shared_qf_prediction,active RMSE 0.6780 dec; Id(3V) +26.76%; nonpos 25; maxKCL 3.6e-17
run_0006,2026-09-20T22:31:56Z,31.8,v1_stage5_shared_qf,831d1ace9839e2c26282b9cd0e7519039aa3f9d2833e1bacd839e0a2bf53ac67,5aa0afbe47e1e78620d09ee8d61d539a97e96e24078270d70774adf07517ac5a,C:/sedatools/exe/deckbuild.exe -run device.in -outfile deckbuild.out,DeckBuild 5.0.10.R + ATLAS 5.28.1.R,,,,results/runs/run_0006_31p8_v1_stage5_shared_qf,STARTED points=121 timeout=1500s launch 6/30
run_0006,2026-09-20T22:46:57Z,31.8,v1_stage5_shared_qf,831d1ace9839e2c26282b9cd0e7519039aa3f9d2833e1bacd839e0a2bf53ac67,5aa0afbe47e1e78620d09ee8d61d539a97e96e24078270d70774adf07517ac5a,C:/sedatools/exe/deckbuild.exe -run device.in -outfile deckbuild.out,DeckBuild 5.0.10.R + ATLAS 5.28.1.R,0,yes,900.5,results/runs/run_0006_31p8_v1_stage5_shared_qf,active RMSE 1.0497 dec; Id(3V) -5.80%; nonpos 0; maxKCL 6.0e-17
run_0007,2026-09-20T22:47:27Z,6.3,v1_stage5b_device_qf8p7e10,01dbf6436baf093dc59855735bf2ab6ee7d764e06e83c7d7fc370f1dcc24dd63,a498c28c9767dbeaa4daa4e719eef777d79fc28c970ca5a00490e697baeccd5f,C:/sedatools/exe/deckbuild.exe -run device.in -outfile deckbuild.out,DeckBuild 5.0.10.R + ATLAS 5.28.1.R,,,,results/runs/run_0007_6p3_v1_stage5b_device_qf8p7e10,STARTED points=121 timeout=900s launch 7/30
run_0007,2026-09-20T22:53:09Z,6.3,v1_stage5b_device_qf8p7e10,01dbf6436baf093dc59855735bf2ab6ee7d764e06e83c7d7fc370f1dcc24dd63,a498c28c9767dbeaa4daa4e719eef777d79fc28c970ca5a00490e697baeccd5f,C:/sedatools/exe/deckbuild.exe -run device.in -outfile deckbuild.out,DeckBuild 5.0.10.R + ATLAS 5.28.1.R,0,yes,340.6,results/runs/run_0007_6p3_v1_stage5b_device_qf8p7e10,active RMSE 0.0816 dec; Id(3V) +6.06%; nonpos 26; maxKCL 3.8e-17
run_0008,2026-09-20T22:53:09Z,2.0,v1_stage6_mu18p13,9e8e387a1f97ffd7ffd8711efbc87721ae26133b222d121deab96b1794bc9e6b,855147249dad4b8f368a4074102a3cb81c248bdd1685c4ae7b69d236b4295118,C:/sedatools/exe/deckbuild.exe -run device.in -outfile deckbuild.out,DeckBuild 5.0.10.R + ATLAS 5.28.1.R,,,,results/runs/run_0008_2p0_v1_stage6_mu18p13,STARTED points=121 timeout=900s launch 8/30
run_0008,2026-09-20T22:56:30Z,2.0,v1_stage6_mu18p13,9e8e387a1f97ffd7ffd8711efbc87721ae26133b222d121deab96b1794bc9e6b,855147249dad4b8f368a4074102a3cb81c248bdd1685c4ae7b69d236b4295118,C:/sedatools/exe/deckbuild.exe -run device.in -outfile deckbuild.out,DeckBuild 5.0.10.R + ATLAS 5.28.1.R,0,yes,200.1,results/runs/run_0008_2p0_v1_stage6_mu18p13,active RMSE 0.0373 dec; Id(3V) +0.01%; nonpos 31; maxKCL 5.4e-18
run_0009,2026-09-20T22:56:31Z,13.2,v1_stage6_mu61p9,010b31eca511f738c02160e9772e06dda7bd866c0388317639c043b3ecc04f91,ea43502a25a5ae21c9b526b8eaf06c8ff1e726436dd63ced8e6202bc43658ac9,C:/sedatools/exe/deckbuild.exe -run device.in -outfile deckbuild.out,DeckBuild 5.0.10.R + ATLAS 5.28.1.R,,,,results/runs/run_0009_13p2_v1_stage6_mu61p9,STARTED points=121 timeout=900s launch 9/30
run_0009,2026-09-20T23:01:22Z,13.2,v1_stage6_mu61p9,010b31eca511f738c02160e9772e06dda7bd866c0388317639c043b3ecc04f91,ea43502a25a5ae21c9b526b8eaf06c8ff1e726436dd63ced8e6202bc43658ac9,C:/sedatools/exe/deckbuild.exe -run device.in -outfile deckbuild.out,DeckBuild 5.0.10.R + ATLAS 5.28.1.R,0,yes,289.7,results/runs/run_0009_13p2_v1_stage6_mu61p9,active RMSE 0.0813 dec; Id(3V) -0.02%; nonpos 27; maxKCL 4.5e-17
run_0010,2026-09-20T23:02:07Z,31.8,v1_stage6_backsheet_hyp_A,361c1a455bcf2b66360d84949d02939158dabfb02baf38b3e5f2e6349467e453,c038785b5e55849a47c490ed089b93b1897f08b1637090e60fc739a819b36202,C:/sedatools/exe/deckbuild.exe -run device.in -outfile deckbuild.out,DeckBuild 5.0.10.R + ATLAS 5.28.1.R,,,,results/runs/run_0010_31p8_v1_stage6_backsheet_hyp_A,STARTED points=61 timeout=1500s launch 10/30
run_0010,2026-09-20T23:02:24Z,31.8,v1_stage6_backsheet_hyp_A,361c1a455bcf2b66360d84949d02939158dabfb02baf38b3e5f2e6349467e453,c038785b5e55849a47c490ed089b93b1897f08b1637090e60fc739a819b36202,C:/sedatools/exe/deckbuild.exe -run device.in -outfile deckbuild.out,DeckBuild 5.0.10.R + ATLAS 5.28.1.R,0,no,17.9,results/runs/run_0010_31p8_v1_stage6_backsheet_hyp_A,no idvg.dat
run_0011,2026-09-20T23:02:25Z,6.3,v1_stage6_mu11p69,a929f720207874e00e3db70f041436a812b5db9960879ed2ff002ba061738c7a,437350c38de4c22ae4b6845a1f5c5944703d576c54417e676e75b4024718addd,C:/sedatools/exe/deckbuild.exe -run device.in -outfile deckbuild.out,DeckBuild 5.0.10.R + ATLAS 5.28.1.R,,,,results/runs/run_0011_6p3_v1_stage6_mu11p69,STARTED points=121 timeout=900s launch 11/30
run_0012,2026-09-20T23:10:05Z,2.0,v2_full_stepped_final,baae40d5416c4c5cd9a7ab32a79c1eab5279331a11386cc0e5e11e4c23c8d63e,855147249dad4b8f368a4074102a3cb81c248bdd1685c4ae7b69d236b4295118,C:/sedatools/exe/deckbuild.exe -run device.in -outfile deckbuild.out,DeckBuild 5.0.10.R + ATLAS 5.28.1.R,,,,results/runs/run_0012_2p0_v2_full_stepped_final,STARTED points=76 timeout=900s launch 12/30
run_0012,2026-09-20T23:12:10Z,2.0,v2_full_stepped_final,baae40d5416c4c5cd9a7ab32a79c1eab5279331a11386cc0e5e11e4c23c8d63e,855147249dad4b8f368a4074102a3cb81c248bdd1685c4ae7b69d236b4295118,C:/sedatools/exe/deckbuild.exe -run device.in -outfile deckbuild.out,DeckBuild 5.0.10.R + ATLAS 5.28.1.R,0,yes,125.3,results/runs/run_0012_2p0_v2_full_stepped_final,KCL_FAILED: max KCL 1e-16 A
run_0013,2026-09-20T23:12:11Z,13.2,v2_full_stepped_final,95b2d19fa2c5389ffa86aebc7b1ada8d02376f47bd580654429557430502ef74,ea43502a25a5ae21c9b526b8eaf06c8ff1e726436dd63ced8e6202bc43658ac9,C:/sedatools/exe/deckbuild.exe -run device.in -outfile deckbuild.out,DeckBuild 5.0.10.R + ATLAS 5.28.1.R,,,,results/runs/run_0013_13p2_v2_full_stepped_final,STARTED points=76 timeout=900s launch 13/30
run_0012,2026-09-20T23:15:02Z,2.0,v2_full_stepped_final,baae40d5416c4c5cd9a7ab32a79c1eab5279331a11386cc0e5e11e4c23c8d63e,855147249dad4b8f368a4074102a3cb81c248bdd1685c4ae7b69d236b4295118,RESCORE (no simulator call),DeckBuild 5.0.10.R + ATLAS 5.28.1.R,0,yes,125.3,results/runs/run_0012_2p0_v2_full_stepped_final,RESCORED (KCL floor = 0.1 x measured off-band median (was 0.1 x single-point minimum)): active RMSE 0.0373 dec; Id(3V) +0.01%; nonpos 24; maxKCL 1.0e-16
run_0013,2026-09-20T23:16:18Z,13.2,v2_full_stepped_final,95b2d19fa2c5389ffa86aebc7b1ada8d02376f47bd580654429557430502ef74,ea43502a25a5ae21c9b526b8eaf06c8ff1e726436dd63ced8e6202bc43658ac9,C:/sedatools/exe/deckbuild.exe -run device.in -outfile deckbuild.out,DeckBuild 5.0.10.R + ATLAS 5.28.1.R,0,yes,246.1,results/runs/run_0013_13p2_v2_full_stepped_final,active RMSE 0.0814 dec; Id(3V) -0.02%; nonpos 37; maxKCL 1.2e-16
run_0014,2026-09-20T23:16:19Z,6.3,v2_full_stepped_validation_shared_params,fa6029e8fe7af1176237b6ca82998670dcccdc11c8ecee2fcff2320dc99319d5,a9dfc249ff09bc999d0a53a484c8e83500bfb1eeb7297dcb8cdc7992a8cb1f32,C:/sedatools/exe/deckbuild.exe -run device.in -outfile deckbuild.out,DeckBuild 5.0.10.R + ATLAS 5.28.1.R,,,,results/runs/run_0014_6p3_v2_full_stepped_validation_shared_params,STARTED points=76 timeout=900s launch 14/30
run_0014,2026-09-20T23:19:40Z,6.3,v2_full_stepped_validation_shared_params,fa6029e8fe7af1176237b6ca82998670dcccdc11c8ecee2fcff2320dc99319d5,a9dfc249ff09bc999d0a53a484c8e83500bfb1eeb7297dcb8cdc7992a8cb1f32,C:/sedatools/exe/deckbuild.exe -run device.in -outfile deckbuild.out,DeckBuild 5.0.10.R + ATLAS 5.28.1.R,0,yes,200.5,results/runs/run_0014_6p3_v2_full_stepped_validation_shared_params,active RMSE 0.6781 dec; Id(3V) +26.76%; nonpos 23; maxKCL 3.6e-17
run_0015,2026-09-20T23:43:33Z,6.3,v2_full_stepped_tuned_qf8p7e10_mu11p69,f126296e9e7ecd64fe928da703cbc9b95ee34cac3d2041a77cdbddf236c1148f,437350c38de4c22ae4b6845a1f5c5944703d576c54417e676e75b4024718addd,C:/sedatools/exe/deckbuild.exe -run device.in -outfile deckbuild.out,DeckBuild 5.0.10.R + ATLAS 5.28.1.R,,,,results/runs/run_0015_6p3_v2_full_stepped_tuned_qf8p7e10_mu11p69,STARTED points=76 timeout=900s launch 15/30
run_0015,2026-09-20T23:48:25Z,6.3,v2_full_stepped_tuned_qf8p7e10_mu11p69,f126296e9e7ecd64fe928da703cbc9b95ee34cac3d2041a77cdbddf236c1148f,437350c38de4c22ae4b6845a1f5c5944703d576c54417e676e75b4024718addd,C:/sedatools/exe/deckbuild.exe -run device.in -outfile deckbuild.out,DeckBuild 5.0.10.R + ATLAS 5.28.1.R,0,yes,289.7,results/runs/run_0015_6p3_v2_full_stepped_tuned_qf8p7e10_mu11p69,active RMSE 0.0626 dec; Id(3V) -0.01%; nonpos 25; maxKCL 3.6e-17
run_0016,2026-09-21T21:36:17Z,2.0,sens_no_confinement,aece96e86ee5715505027f2bc4ab22b6d8b53d999b256b8e4b8bf2f7ac7a9eab,e17c7d632e2fa0f73d990bbe9f72f20b9b930bd7302718cb2cbb7d720cdc8a24,C:/sedatools/exe/deckbuild.exe -run device.in -outfile deckbuild.out,DeckBuild 5.0.10.R + ATLAS 5.28.1.R,,,,results/runs/run_0016_2p0_sens_no_confinement,STARTED points=76 timeout=900s launch 16/30
run_0016,2026-09-21T21:40:18Z,2.0,sens_no_confinement,aece96e86ee5715505027f2bc4ab22b6d8b53d999b256b8e4b8bf2f7ac7a9eab,e17c7d632e2fa0f73d990bbe9f72f20b9b930bd7302718cb2cbb7d720cdc8a24,C:/sedatools/exe/deckbuild.exe -run device.in -outfile deckbuild.out,DeckBuild 5.0.10.R + ATLAS 5.28.1.R,0,yes,233.8,results/runs/run_0016_2p0_sens_no_confinement,active RMSE 0.8457 dec; Id(3V) +21.41%; nonpos 25; maxKCL 2.4e-17
run_0017,2026-09-21T21:40:19Z,13.2,sens_no_confinement,aa6537b997032eec775b92121d057d6ce9fb1ebdf29c9af06acb316d151587cd,f0821f5f9c4ed85fb06f56acb39cccb5cdc12021d3d4e42cfa1c8d963733f57f,C:/sedatools/exe/deckbuild.exe -run device.in -outfile deckbuild.out,DeckBuild 5.0.10.R + ATLAS 5.28.1.R,,,,results/runs/run_0017_13p2_sens_no_confinement,STARTED points=76 timeout=900s launch 17/30
run_0017,2026-09-21T21:47:52Z,13.2,sens_no_confinement,aa6537b997032eec775b92121d057d6ce9fb1ebdf29c9af06acb316d151587cd,f0821f5f9c4ed85fb06f56acb39cccb5cdc12021d3d4e42cfa1c8d963733f57f,C:/sedatools/exe/deckbuild.exe -run device.in -outfile deckbuild.out,DeckBuild 5.0.10.R + ATLAS 5.28.1.R,0,yes,451.9,results/runs/run_0017_13p2_sens_no_confinement,active RMSE 0.1145 dec; Id(3V) +0.91%; nonpos 35; maxKCL 1.7e-16
run_0018,2026-09-21T21:47:53Z,13.2,check_A_mesh0p7,911547a59de048c5986e137badadf4b70b6059a909b5f0c85c421fcf75865e31,ea43502a25a5ae21c9b526b8eaf06c8ff1e726436dd63ced8e6202bc43658ac9,C:/sedatools/exe/deckbuild.exe -run device.in -outfile deckbuild.out,DeckBuild 5.0.10.R + ATLAS 5.28.1.R,,,,results/runs/run_0018_13p2_check_A_mesh0p7,STARTED points=76 timeout=900s launch 18/30
run_0018,2026-09-21T22:02:54Z,13.2,check_A_mesh0p7,911547a59de048c5986e137badadf4b70b6059a909b5f0c85c421fcf75865e31,ea43502a25a5ae21c9b526b8eaf06c8ff1e726436dd63ced8e6202bc43658ac9,C:/sedatools/exe/deckbuild.exe -run device.in -outfile deckbuild.out,DeckBuild 5.0.10.R + ATLAS 5.28.1.R,timeout,no,900.4,results/runs/run_0018_13p2_check_A_mesh0p7,no idvg.dat
run_0019,2026-09-21T22:02:54Z,2.0,check_C_dos192_96,2189151b4fc1775374f0537d5ec297c50f158093bbed99826357185fb27e2688,855147249dad4b8f368a4074102a3cb81c248bdd1685c4ae7b69d236b4295118,C:/sedatools/exe/deckbuild.exe -run device.in -outfile deckbuild.out,DeckBuild 5.0.10.R + ATLAS 5.28.1.R,,,,results/runs/run_0019_2p0_check_C_dos192_96,STARTED points=76 timeout=900s launch 19/30
run_0019,2026-09-21T22:08:01Z,2.0,check_C_dos192_96,2189151b4fc1775374f0537d5ec297c50f158093bbed99826357185fb27e2688,855147249dad4b8f368a4074102a3cb81c248bdd1685c4ae7b69d236b4295118,C:/sedatools/exe/deckbuild.exe -run device.in -outfile deckbuild.out,DeckBuild 5.0.10.R + ATLAS 5.28.1.R,0,yes,304.8,results/runs/run_0019_2p0_check_C_dos192_96,active RMSE 0.0401 dec; Id(3V) +2.00%; nonpos 19; maxKCL 1.8e-17
run_0020,2026-09-21T22:08:01Z,2.0,sens_chi_m0p1,57f5fe1e672df91cb4d4210a18f3445dc3a93e59625505d3093cc896a7736907,d2ed82f47b00766062b31fb57f1954293b04d9f9b2460b04941edb96069a67a3,C:/sedatools/exe/deckbuild.exe -run device.in -outfile deckbuild.out,DeckBuild 5.0.10.R + ATLAS 5.28.1.R,,,,results/runs/run_0020_2p0_sens_chi_m0p1,STARTED points=76 timeout=900s launch 20/30
run_0020,2026-09-21T22:12:31Z,2.0,sens_chi_m0p1,57f5fe1e672df91cb4d4210a18f3445dc3a93e59625505d3093cc896a7736907,d2ed82f47b00766062b31fb57f1954293b04d9f9b2460b04941edb96069a67a3,C:/sedatools/exe/deckbuild.exe -run device.in -outfile deckbuild.out,DeckBuild 5.0.10.R + ATLAS 5.28.1.R,0,yes,267.7,results/runs/run_0020_2p0_sens_chi_m0p1,active RMSE 0.4634 dec; Id(3V) -6.93%; nonpos 39; maxKCL 1.0e-17
run_0021,2026-09-21T22:12:31Z,2.0,sens_chi_p0p1,b4569f194f543ff689e554f9d52845218dc1b33e61f65a2222e958291d28e0c4,57ad2bbca27eda3f6e277ace04f1d17188afb0c5aab79bd8afe6a5a77bb630e9,C:/sedatools/exe/deckbuild.exe -run device.in -outfile deckbuild.out,DeckBuild 5.0.10.R + ATLAS 5.28.1.R,,,,results/runs/run_0021_2p0_sens_chi_p0p1,STARTED points=76 timeout=900s launch 21/30
run_0021,2026-09-21T22:17:03Z,2.0,sens_chi_p0p1,b4569f194f543ff689e554f9d52845218dc1b33e61f65a2222e958291d28e0c4,57ad2bbca27eda3f6e277ace04f1d17188afb0c5aab79bd8afe6a5a77bb630e9,C:/sedatools/exe/deckbuild.exe -run device.in -outfile deckbuild.out,DeckBuild 5.0.10.R + ATLAS 5.28.1.R,0,yes,272.0,results/runs/run_0021_2p0_sens_chi_p0p1,active RMSE 0.3610 dec; Id(3V) +6.99%; nonpos 19; maxKCL 1.2e-17
run_0022,2026-09-21T22:17:03Z,2.0,sens_nd_x2,cbde18fe20594baacdc31c5e7a7257988549dd6a1144ff483a15ba8603fb260c,a0e89d40034edf753f73d916cb0db734763c5b6f1038d33d95c2f48d245cf86d,C:/sedatools/exe/deckbuild.exe -run device.in -outfile deckbuild.out,DeckBuild 5.0.10.R + ATLAS 5.28.1.R,,,,results/runs/run_0022_2p0_sens_nd_x2,STARTED points=76 timeout=900s launch 22/30
run_0022,2026-09-21T22:21:37Z,2.0,sens_nd_x2,cbde18fe20594baacdc31c5e7a7257988549dd6a1144ff483a15ba8603fb260c,a0e89d40034edf753f73d916cb0db734763c5b6f1038d33d95c2f48d245cf86d,C:/sedatools/exe/deckbuild.exe -run device.in -outfile deckbuild.out,DeckBuild 5.0.10.R + ATLAS 5.28.1.R,0,yes,273.4,results/runs/run_0022_2p0_sens_nd_x2,active RMSE 0.0539 dec; Id(3V) +0.70%; nonpos 33; maxKCL 5.0e-17
run_0023,2026-09-21T22:21:38Z,2.0,sens_nt_x1p5,b5ec53c3dd2e603d1e132a804f5d49240f217c6d248b8e7c01387b024cdd99bd,f9965abcae17dafe003189dff697270032c02e29a2f43b3337bb3054cc109d84,C:/sedatools/exe/deckbuild.exe -run device.in -outfile deckbuild.out,DeckBuild 5.0.10.R + ATLAS 5.28.1.R,,,,results/runs/run_0023_2p0_sens_nt_x1p5,STARTED points=76 timeout=900s launch 23/30
run_0023,2026-09-21T22:26:07Z,2.0,sens_nt_x1p5,b5ec53c3dd2e603d1e132a804f5d49240f217c6d248b8e7c01387b024cdd99bd,f9965abcae17dafe003189dff697270032c02e29a2f43b3337bb3054cc109d84,C:/sedatools/exe/deckbuild.exe -run device.in -outfile deckbuild.out,DeckBuild 5.0.10.R + ATLAS 5.28.1.R,0,yes,268.9,results/runs/run_0023_2p0_sens_nt_x1p5,active RMSE 0.2628 dec; Id(3V) -25.04%; nonpos 24; maxKCL 2.2e-17
run_0024,2026-09-21T22:26:07Z,2.0,sens_wta_p5meV,888145168ad6d283c6235be4bfb02e00d52bd82fac26637251c168523bfc092c,749352603b5d85293e52d05b18f59216d98e5362d4a9c0cc40a67bca24ef0469,C:/sedatools/exe/deckbuild.exe -run device.in -outfile deckbuild.out,DeckBuild 5.0.10.R + ATLAS 5.28.1.R,,,,results/runs/run_0024_2p0_sens_wta_p5meV,STARTED points=76 timeout=900s launch 24/30
run_0024,2026-09-21T22:30:17Z,2.0,sens_wta_p5meV,888145168ad6d283c6235be4bfb02e00d52bd82fac26637251c168523bfc092c,749352603b5d85293e52d05b18f59216d98e5362d4a9c0cc40a67bca24ef0469,C:/sedatools/exe/deckbuild.exe -run device.in -outfile deckbuild.out,DeckBuild 5.0.10.R + ATLAS 5.28.1.R,0,yes,248.9,results/runs/run_0024_2p0_sens_wta_p5meV,active RMSE 0.0631 dec; Id(3V) +0.45%; nonpos 29; maxKCL 1.3e-17
run_0025,2026-09-21T22:30:17Z,2.0,sens_dit_x3,9a1dcae7a45dd668e1a9e7bfc94adf95c79fcb1ea7d1fce13c377162d0ef18ae,941c545545911a492c6cbd147ef55ea1ff08c2f48c9fb02c0aaf73266967bb3f,C:/sedatools/exe/deckbuild.exe -run device.in -outfile deckbuild.out,DeckBuild 5.0.10.R + ATLAS 5.28.1.R,,,,results/runs/run_0025_2p0_sens_dit_x3,STARTED points=76 timeout=900s launch 25/30
run_0025,2026-09-21T22:34:25Z,2.0,sens_dit_x3,9a1dcae7a45dd668e1a9e7bfc94adf95c79fcb1ea7d1fce13c377162d0ef18ae,941c545545911a492c6cbd147ef55ea1ff08c2f48c9fb02c0aaf73266967bb3f,C:/sedatools/exe/deckbuild.exe -run device.in -outfile deckbuild.out,DeckBuild 5.0.10.R + ATLAS 5.28.1.R,0,yes,246.7,results/runs/run_0025_2p0_sens_dit_x3,active RMSE 0.0980 dec; Id(3V) -1.79%; nonpos 28; maxKCL 1.0e-17
run_0026,2026-09-21T22:34:25Z,2.0,sens_eps_10p55,da94d21fd0f587a5a851541459f300b7f28faa34f9896af7be2c9f74d1390d5e,457040104a33daae2fb1b686cd9e0a88a070750f25b8431d3c81e6501dcf7be2,C:/sedatools/exe/deckbuild.exe -run device.in -outfile deckbuild.out,DeckBuild 5.0.10.R + ATLAS 5.28.1.R,,,,results/runs/run_0026_2p0_sens_eps_10p55,STARTED points=76 timeout=900s launch 26/30
run_0026,2026-09-21T22:38:22Z,2.0,sens_eps_10p55,da94d21fd0f587a5a851541459f300b7f28faa34f9896af7be2c9f74d1390d5e,457040104a33daae2fb1b686cd9e0a88a070750f25b8431d3c81e6501dcf7be2,C:/sedatools/exe/deckbuild.exe -run device.in -outfile deckbuild.out,DeckBuild 5.0.10.R + ATLAS 5.28.1.R,0,yes,236.2,results/runs/run_0026_2p0_sens_eps_10p55,active RMSE 0.0373 dec; Id(3V) +0.70%; nonpos 26; maxKCL 2.6e-17
run_0027,2026-09-21T22:38:22Z,2.0,sens_overlap_4um,e69a0f91bd20bee3e47958c0bffb0649fe18a3f51fc8666664120a4f126fec26,855147249dad4b8f368a4074102a3cb81c248bdd1685c4ae7b69d236b4295118,C:/sedatools/exe/deckbuild.exe -run device.in -outfile deckbuild.out,DeckBuild 5.0.10.R + ATLAS 5.28.1.R,,,,results/runs/run_0027_2p0_sens_overlap_4um,STARTED points=76 timeout=900s launch 27/30
run_0027,2026-09-21T22:42:16Z,2.0,sens_overlap_4um,e69a0f91bd20bee3e47958c0bffb0649fe18a3f51fc8666664120a4f126fec26,855147249dad4b8f368a4074102a3cb81c248bdd1685c4ae7b69d236b4295118,C:/sedatools/exe/deckbuild.exe -run device.in -outfile deckbuild.out,DeckBuild 5.0.10.R + ATLAS 5.28.1.R,0,yes,233.2,results/runs/run_0027_2p0_sens_overlap_4um,active RMSE 0.0377 dec; Id(3V) -2.15%; nonpos 31; maxKCL 8.4e-17
run_0028,2026-09-21T22:46:40Z,13.2,check_A_mesh0p7_t1500,911547a59de048c5986e137badadf4b70b6059a909b5f0c85c421fcf75865e31,ea43502a25a5ae21c9b526b8eaf06c8ff1e726436dd63ced8e6202bc43658ac9,C:/sedatools/exe/deckbuild.exe -run device.in -outfile deckbuild.out,DeckBuild 5.0.10.R + ATLAS 5.28.1.R,,,,results/runs/run_0028_13p2_check_A_mesh0p7_t1500,STARTED points=76 timeout=1500s launch 28/30
run_0028,2026-09-21T23:04:28Z,13.2,check_A_mesh0p7_t1500,911547a59de048c5986e137badadf4b70b6059a909b5f0c85c421fcf75865e31,ea43502a25a5ae21c9b526b8eaf06c8ff1e726436dd63ced8e6202bc43658ac9,C:/sedatools/exe/deckbuild.exe -run device.in -outfile deckbuild.out,DeckBuild 5.0.10.R + ATLAS 5.28.1.R,0,yes,1067.9,results/runs/run_0028_13p2_check_A_mesh0p7_t1500,active RMSE 0.0818 dec; Id(3V) -0.03%; nonpos 11; maxKCL 9.2e-17
run_0029,2026-09-21T23:05:26Z,2.0,check_C_dos384_192,c3b2a8f21c5b37ce79b4aa743ae2a931b3543179339713848409fe55914f62bc,855147249dad4b8f368a4074102a3cb81c248bdd1685c4ae7b69d236b4295118,C:/sedatools/exe/deckbuild.exe -run device.in -outfile deckbuild.out,DeckBuild 5.0.10.R + ATLAS 5.28.1.R,,,,results/runs/run_0029_2p0_check_C_dos384_192,STARTED points=76 timeout=900s launch 29/30
run_0029,2026-09-21T23:09:22Z,2.0,check_C_dos384_192,c3b2a8f21c5b37ce79b4aa743ae2a931b3543179339713848409fe55914f62bc,855147249dad4b8f368a4074102a3cb81c248bdd1685c4ae7b69d236b4295118,C:/sedatools/exe/deckbuild.exe -run device.in -outfile deckbuild.out,DeckBuild 5.0.10.R + ATLAS 5.28.1.R,0,yes,233.4,results/runs/run_0029_2p0_check_C_dos384_192,active RMSE 0.0410 dec; Id(3V) +2.49%; nonpos 28; maxKCL 1.0e-16
run_0030,2026-09-24T18:29:19Z,6.3,hyp_H3_backQ_m1p64e12,366e9ceefc5010d51483779c85796ff90eb1bd2e03ea6ee54772f6d1a072caad,b8cb3fcc10f104400a3232e0e2183d879952d70a1bfc2e1196018f1ecff01ff7,C:/sedatools/exe/deckbuild.exe -run device.in -outfile deckbuild.out,DeckBuild 5.0.10.R + ATLAS 5.28.1.R,,,,results/runs/run_0030_6p3_hyp_H3_backQ_m1p64e12,STARTED points=76 timeout=900s launch 30/52
run_0030,2026-09-24T18:35:53Z,6.3,hyp_H3_backQ_m1p64e12,366e9ceefc5010d51483779c85796ff90eb1bd2e03ea6ee54772f6d1a072caad,b8cb3fcc10f104400a3232e0e2183d879952d70a1bfc2e1196018f1ecff01ff7,C:/sedatools/exe/deckbuild.exe -run device.in -outfile deckbuild.out,DeckBuild 5.0.10.R + ATLAS 5.28.1.R,0,yes,387.3,results/runs/run_0030_6p3_hyp_H3_backQ_m1p64e12,active RMSE 0.2372 dec; Id(3V) +14.37%; nonpos 24; maxKCL 3.6e-17
run_0031,2026-09-24T18:35:53Z,6.3,hyp_H1_tphys_5p3,12087cf087f05b3f953fa0c08b1178f24ae3d33600db7ce078d872f29ded7f1d,e9926304140638bb5daca3f9b7453946c6da6d7eb0d61a8d8a2c4b26d399efaf,C:/sedatools/exe/deckbuild.exe -run device.in -outfile deckbuild.out,DeckBuild 5.0.10.R + ATLAS 5.28.1.R,,,,results/runs/run_0031_6p3_hyp_H1_tphys_5p3,STARTED points=76 timeout=900s launch 31/52
run_0031,2026-09-24T18:41:34Z,6.3,hyp_H1_tphys_5p3,12087cf087f05b3f953fa0c08b1178f24ae3d33600db7ce078d872f29ded7f1d,e9926304140638bb5daca3f9b7453946c6da6d7eb0d61a8d8a2c4b26d399efaf,C:/sedatools/exe/deckbuild.exe -run device.in -outfile deckbuild.out,DeckBuild 5.0.10.R + ATLAS 5.28.1.R,0,yes,339.4,results/runs/run_0031_6p3_hyp_H1_tphys_5p3,active RMSE 0.6126 dec; Id(3V) +20.81%; nonpos 23; maxKCL 5.0e-17
run_0032,2026-09-24T18:41:34Z,6.3,hyp_H2_Nd0_1e16,ecf08a08cfbc2756512332dad01bbd569bc86b33fff403a47826b0dcb528e5ad,5e967bdd14d68154f7606254d9e5ffa61ce14788995de458fcd20f127665ef8a,C:/sedatools/exe/deckbuild.exe -run device.in -outfile deckbuild.out,DeckBuild 5.0.10.R + ATLAS 5.28.1.R,,,,results/runs/run_0032_6p3_hyp_H2_Nd0_1e16,STARTED points=76 timeout=900s launch 32/52
run_0032,2026-09-24T18:47:03Z,6.3,hyp_H2_Nd0_1e16,ecf08a08cfbc2756512332dad01bbd569bc86b33fff403a47826b0dcb528e5ad,5e967bdd14d68154f7606254d9e5ffa61ce14788995de458fcd20f127665ef8a,C:/sedatools/exe/deckbuild.exe -run device.in -outfile deckbuild.out,DeckBuild 5.0.10.R + ATLAS 5.28.1.R,0,yes,328.7,results/runs/run_0032_6p3_hyp_H2_Nd0_1e16,active RMSE 0.6341 dec; Id(3V) +24.43%; nonpos 13; maxKCL 5.2e-20
run_0033,2026-09-24T18:47:03Z,6.3,hyp_H4_front_Dit_x5,bd7693a951f88c1a7ced6c436c11ce61ebea0a9a3dd6956a5579e68d40632d79,d2cb572c35453d1b8ce8083cd8c504b0d5387b5f328d14ce0466894ef4b11a63,C:/sedatools/exe/deckbuild.exe -run device.in -outfile deckbuild.out,DeckBuild 5.0.10.R + ATLAS 5.28.1.R,,,,results/runs/run_0033_6p3_hyp_H4_front_Dit_x5,STARTED points=76 timeout=900s launch 33/52
run_0033,2026-09-24T18:52:14Z,6.3,hyp_H4_front_Dit_x5,bd7693a951f88c1a7ced6c436c11ce61ebea0a9a3dd6956a5579e68d40632d79,d2cb572c35453d1b8ce8083cd8c504b0d5387b5f328d14ce0466894ef4b11a63,C:/sedatools/exe/deckbuild.exe -run device.in -outfile deckbuild.out,DeckBuild 5.0.10.R + ATLAS 5.28.1.R,0,yes,309.8,results/runs/run_0033_6p3_hyp_H4_front_Dit_x5,active RMSE 0.5955 dec; Id(3V) +23.09%; nonpos 9; maxKCL 7.2e-18
run_0034,2026-09-24T18:52:14Z,6.3,hyp_H6_noQC_Qf_from_2nm,14c4d9371888744740d99a3c18821042f8af3b91dbe82c79e1e7f1a0ba90cd0e,427e73037d4fccf5f31ec90310c0c83888e6e164491c275f40bb2703f35adbb3,C:/sedatools/exe/deckbuild.exe -run device.in -outfile deckbuild.out,DeckBuild 5.0.10.R + ATLAS 5.28.1.R,,,,results/runs/run_0034_6p3_hyp_H6_noQC_Qf_from_2nm,STARTED points=76 timeout=900s launch 34/52
run_0034,2026-09-24T18:57:24Z,6.3,hyp_H6_noQC_Qf_from_2nm,14c4d9371888744740d99a3c18821042f8af3b91dbe82c79e1e7f1a0ba90cd0e,427e73037d4fccf5f31ec90310c0c83888e6e164491c275f40bb2703f35adbb3,C:/sedatools/exe/deckbuild.exe -run device.in -outfile deckbuild.out,DeckBuild 5.0.10.R + ATLAS 5.28.1.R,0,yes,309.0,results/runs/run_0034_6p3_hyp_H6_noQC_Qf_from_2nm,active RMSE 0.2109 dec; Id(3V) +9.18%; nonpos 18; maxKCL 5.3e-17
run_0035,2026-09-24T18:57:24Z,6.3,hyp_H5_combo_t5p8_Nd1e16_backQ_m1e12,510912f9100b49c15e46322a21012bdc6cb6c9bf6a0a614065a8b86b88cf5d13,44d3715a0f96fd4646a192e0d963f26dc1385382311c8a8982a52a51a88c14d1,C:/sedatools/exe/deckbuild.exe -run device.in -outfile deckbuild.out,DeckBuild 5.0.10.R + ATLAS 5.28.1.R,,,,results/runs/run_0035_6p3_hyp_H5_combo_t5p8_Nd1e16_backQ_m1e12,STARTED points=76 timeout=900s launch 35/52
run_0035,2026-09-24T19:03:03Z,6.3,hyp_H5_combo_t5p8_Nd1e16_backQ_m1e12,510912f9100b49c15e46322a21012bdc6cb6c9bf6a0a614065a8b86b88cf5d13,44d3715a0f96fd4646a192e0d963f26dc1385382311c8a8982a52a51a88c14d1,C:/sedatools/exe/deckbuild.exe -run device.in -outfile deckbuild.out,DeckBuild 5.0.10.R + ATLAS 5.28.1.R,0,yes,337.9,results/runs/run_0035_6p3_hyp_H5_combo_t5p8_Nd1e16_backQ_m1e12,active RMSE 0.2464 dec; Id(3V) +13.87%; nonpos 23; maxKCL 1.6e-19
run_0036,2026-09-24T19:03:03Z,6.3,check_L_mesh0p7_tuned,c23fbf5748b35ca8214fec1ea3f4fb700a968ec1782ec9309f646644d4fceba2,437350c38de4c22ae4b6845a1f5c5944703d576c54417e676e75b4024718addd,C:/sedatools/exe/deckbuild.exe -run device.in -outfile deckbuild.out,DeckBuild 5.0.10.R + ATLAS 5.28.1.R,,,,results/runs/run_0036_6p3_check_L_mesh0p7_tuned,STARTED points=76 timeout=1500s launch 36/52
run_0036,2026-09-24T19:16:11Z,6.3,check_L_mesh0p7_tuned,c23fbf5748b35ca8214fec1ea3f4fb700a968ec1782ec9309f646644d4fceba2,437350c38de4c22ae4b6845a1f5c5944703d576c54417e676e75b4024718addd,C:/sedatools/exe/deckbuild.exe -run device.in -outfile deckbuild.out,DeckBuild 5.0.10.R + ATLAS 5.28.1.R,0,yes,787.3,results/runs/run_0036_6p3_check_L_mesh0p7_tuned,active RMSE 0.0625 dec; Id(3V) -0.03%; nonpos 32; maxKCL 2.4e-17
run_0037,2026-09-24T19:16:21Z,6.3,hyp_S2_repartition_Nt2p66e19_mu19p6,cd706c071bcbb63c04683745054bb8827c43bf0c92930b297c2e904e9d2ebdcc,ef4b355b09d0f317f345cfc1d7dae5c2ea3a2c585bd0270306f2da00de30aff2,C:/sedatools/exe/deckbuild.exe -run device.in -outfile deckbuild.out,DeckBuild 5.0.10.R + ATLAS 5.28.1.R,,,,results/runs/run_0037_6p3_hyp_S2_repartition_Nt2p66e19_mu19p6,STARTED points=76 timeout=900s launch 37/52
run_0037,2026-09-24T19:21:30Z,6.3,hyp_S2_repartition_Nt2p66e19_mu19p6,cd706c071bcbb63c04683745054bb8827c43bf0c92930b297c2e904e9d2ebdcc,ef4b355b09d0f317f345cfc1d7dae5c2ea3a2c585bd0270306f2da00de30aff2,C:/sedatools/exe/deckbuild.exe -run device.in -outfile deckbuild.out,DeckBuild 5.0.10.R + ATLAS 5.28.1.R,0,yes,307.3,results/runs/run_0037_6p3_hyp_S2_repartition_Nt2p66e19_mu19p6,active RMSE 0.2699 dec; Id(3V) -7.63%; nonpos 26; maxKCL 8.2e-17
run_0038,2026-09-24T19:21:30Z,2.0,recal_dos384_2p0,59e8fa855bb5c4c1e48197ee71b5b793b8ca639cd73acc5b5d3f16f7b349a36c,1f9a1769945c5b7d50e41197efd67c8978d7ff5ac0e7e7ddeaf3d0e7352f4354,C:/sedatools/exe/deckbuild.exe -run device.in -outfile deckbuild.out,DeckBuild 5.0.10.R + ATLAS 5.28.1.R,,,,results/runs/run_0038_2p0_recal_dos384_2p0,STARTED points=76 timeout=900s launch 38/52
run_0038,2026-09-24T19:28:46Z,2.0,recal_dos384_2p0,59e8fa855bb5c4c1e48197ee71b5b793b8ca639cd73acc5b5d3f16f7b349a36c,1f9a1769945c5b7d50e41197efd67c8978d7ff5ac0e7e7ddeaf3d0e7352f4354,C:/sedatools/exe/deckbuild.exe -run device.in -outfile deckbuild.out,DeckBuild 5.0.10.R + ATLAS 5.28.1.R,0,yes,436.3,results/runs/run_0038_2p0_recal_dos384_2p0,active RMSE 0.0429 dec; Id(3V) +0.00%; nonpos 17; maxKCL 1.0e-16
run_0039,2026-09-24T19:28:47Z,6.3,recal_dos384_6p3_tuned,cb85ffe60e81b27eb138168564672e81cc6a78949187f4dd617989624fd23862,764f059127740c21c4bb05a20ad9e0ac1cadcce9684165eddfc098026ebc22e2,C:/sedatools/exe/deckbuild.exe -run device.in -outfile deckbuild.out,DeckBuild 5.0.10.R + ATLAS 5.28.1.R,,,,results/runs/run_0039_6p3_recal_dos384_6p3_tuned,STARTED points=76 timeout=900s launch 39/52
run_0039,2026-09-24T19:41:07Z,6.3,recal_dos384_6p3_tuned,cb85ffe60e81b27eb138168564672e81cc6a78949187f4dd617989624fd23862,764f059127740c21c4bb05a20ad9e0ac1cadcce9684165eddfc098026ebc22e2,C:/sedatools/exe/deckbuild.exe -run device.in -outfile deckbuild.out,DeckBuild 5.0.10.R + ATLAS 5.28.1.R,0,yes,739.1,results/runs/run_0039_6p3_recal_dos384_6p3_tuned,active RMSE 0.0592 dec; Id(3V) -1.48%; nonpos 39; maxKCL 1.0e-16
run_0040,2026-09-24T19:41:07Z,13.2,recal_dos384_13p2,50ec48626ae5de2f37616652f93c62c3b9ce1160f5d6b36d92cbd36ed49261ed,06eb0d76fee2861efa74860d29f125f648a07c0c076e31f0780bf6cbccb8774d,C:/sedatools/exe/deckbuild.exe -run device.in -outfile deckbuild.out,DeckBuild 5.0.10.R + ATLAS 5.28.1.R,,,,results/runs/run_0040_13p2_recal_dos384_13p2,STARTED points=76 timeout=1500s launch 40/52
run_0040,2026-09-24T19:59:49Z,13.2,recal_dos384_13p2,50ec48626ae5de2f37616652f93c62c3b9ce1160f5d6b36d92cbd36ed49261ed,06eb0d76fee2861efa74860d29f125f648a07c0c076e31f0780bf6cbccb8774d,C:/sedatools/exe/deckbuild.exe -run device.in -outfile deckbuild.out,DeckBuild 5.0.10.R + ATLAS 5.28.1.R,0,yes,1121.8,results/runs/run_0040_13p2_recal_dos384_13p2,active RMSE 0.0814 dec; Id(3V) -1.97%; nonpos 25; maxKCL 1.1e-16
run_0041,2026-09-24T19:59:50Z,2.0,pred_idvd_2p0,f9cf3da0b813b1030cba81e8d051b12148e8bf6ea31fdd526e2add5eb16e9b1d,1d11a64cf48f5331c68220fbbf7564863073d7f6fd791f8cf00451f9f22f77a1,C:/sedatools/exe/deckbuild.exe -run device.in -outfile deckbuild.out,DeckBuild 5.0.10.R + ATLAS 5.28.1.R,,,,results/runs/run_0041_2p0_pred_idvd_2p0,"STARTED output prediction Vg=[1.0, 1.5, 2.0, 2.5, 3.0] timeout=2000s launch 41/52"
run_0041,2026-09-24T20:20:56Z,2.0,pred_idvd_2p0,f9cf3da0b813b1030cba81e8d051b12148e8bf6ea31fdd526e2add5eb16e9b1d,1d11a64cf48f5331c68220fbbf7564863073d7f6fd791f8cf00451f9f22f77a1,C:/sedatools/exe/deckbuild.exe -run device.in -outfile deckbuild.out,DeckBuild 5.0.10.R + ATLAS 5.28.1.R,0,yes,1266.1,results/runs/run_0041_2p0_pred_idvd_2p0,"REAL_ATLAS_PREDICTION: ID-VD Vg=[1.0, 1.5, 2.0, 2.5, 3.0]; points 180; maxKCL 1.0e-14"
run_0042,2026-09-24T20:20:56Z,6.3,pred_idvd_6p3_tuned,9206274f36e86bca5596483f04572919c81aea3870fa338198fc840131e3b5e6,1d579d5451cc1af4aa543c0a4f71901ddedfcb76feca3e96a863cf63d37b97d6,C:/sedatools/exe/deckbuild.exe -run device.in -outfile deckbuild.out,DeckBuild 5.0.10.R + ATLAS 5.28.1.R,,,,results/runs/run_0042_6p3_pred_idvd_6p3_tuned,"STARTED output prediction Vg=[1.0, 1.5, 2.0, 2.5, 3.0] timeout=2000s launch 42/52"
run_0042,2026-09-24T20:45:14Z,6.3,pred_idvd_6p3_tuned,9206274f36e86bca5596483f04572919c81aea3870fa338198fc840131e3b5e6,1d579d5451cc1af4aa543c0a4f71901ddedfcb76feca3e96a863cf63d37b97d6,C:/sedatools/exe/deckbuild.exe -run device.in -outfile deckbuild.out,DeckBuild 5.0.10.R + ATLAS 5.28.1.R,0,yes,1457.6,results/runs/run_0042_6p3_pred_idvd_6p3_tuned,"REAL_ATLAS_PREDICTION: ID-VD Vg=[1.0, 1.5, 2.0, 2.5, 3.0]; points 180; maxKCL 1.0e-14"
run_0043,2026-09-24T20:45:14Z,13.2,pred_idvd_13p2,58bf8a8335ca5b77193922fd491b2a9ab8bbf02ede3884f8011d1f70f3cd46df,aea427f0a368d392f37a5d86b964c8602b31928f993022aa6c12cef399331eb7,C:/sedatools/exe/deckbuild.exe -run device.in -outfile deckbuild.out,DeckBuild 5.0.10.R + ATLAS 5.28.1.R,,,,results/runs/run_0043_13p2_pred_idvd_13p2,"STARTED output prediction Vg=[1.0, 1.5, 2.0, 2.5, 3.0] timeout=3000s launch 43/52"
run_0043,2026-09-24T21:17:20Z,13.2,pred_idvd_13p2,58bf8a8335ca5b77193922fd491b2a9ab8bbf02ede3884f8011d1f70f3cd46df,aea427f0a368d392f37a5d86b964c8602b31928f993022aa6c12cef399331eb7,C:/sedatools/exe/deckbuild.exe -run device.in -outfile deckbuild.out,DeckBuild 5.0.10.R + ATLAS 5.28.1.R,0,yes,1925.5,results/runs/run_0043_13p2_pred_idvd_13p2,"REAL_ATLAS_PREDICTION: ID-VD Vg=[1.0, 1.5, 2.0, 2.5, 3.0]; points 180; maxKCL 1.7e-18"
run_0044,2026-09-24T21:17:20Z,2.0,pred_T338K_2p0,69236d93cc2f0625fc862d44cbeec467d6424c385817c8b31b1e1339767b28be,3ba9a40b440373734e783a47d0b42646d1dd05205dc615f75e816b041b0fcc1f,C:/sedatools/exe/deckbuild.exe -run device.in -outfile deckbuild.out,DeckBuild 5.0.10.R + ATLAS 5.28.1.R,,,,results/runs/run_0044_2p0_pred_T338K_2p0,STARTED points=76 timeout=1500s launch 44/52
run_0044,2026-09-24T21:21:44Z,2.0,pred_T338K_2p0,69236d93cc2f0625fc862d44cbeec467d6424c385817c8b31b1e1339767b28be,3ba9a40b440373734e783a47d0b42646d1dd05205dc615f75e816b041b0fcc1f,C:/sedatools/exe/deckbuild.exe -run device.in -outfile deckbuild.out,DeckBuild 5.0.10.R + ATLAS 5.28.1.R,0,yes,263.3,results/runs/run_0044_2p0_pred_T338K_2p0,active RMSE 0.1306 dec; Id(3V) -15.91%; nonpos 20; maxKCL 1.7e-17
run_0045,2026-09-24T21:21:44Z,2.0,pred_T358K_2p0,61fab6208ea6d5ee66c1a48c78ba2090200fc65a5c8b043b11a5656222c1b1d2,3bf0977fd9ab2bdd5a66af3519f643f7e97007a3e68f66dcf78fbffad28901fc,C:/sedatools/exe/deckbuild.exe -run device.in -outfile deckbuild.out,DeckBuild 5.0.10.R + ATLAS 5.28.1.R,,,,results/runs/run_0045_2p0_pred_T358K_2p0,STARTED points=76 timeout=1500s launch 45/52
run_0045,2026-09-24T21:28:05Z,2.0,pred_T358K_2p0,61fab6208ea6d5ee66c1a48c78ba2090200fc65a5c8b043b11a5656222c1b1d2,3bf0977fd9ab2bdd5a66af3519f643f7e97007a3e68f66dcf78fbffad28901fc,C:/sedatools/exe/deckbuild.exe -run device.in -outfile deckbuild.out,DeckBuild 5.0.10.R + ATLAS 5.28.1.R,0,yes,379.8,results/runs/run_0045_2p0_pred_T358K_2p0,active RMSE 0.1857 dec; Id(3V) -22.58%; nonpos 31; maxKCL 1.2e-17
run_0046,2026-09-24T21:28:05Z,6.3,pred_T358K_6p3,f1ac1e3bb185c592a81b1f4c7ecb98163b0541719c4ae727dc79b5b933b0ef6c,3174a68cdccea5781955bc9a0a09003bf8ac602fdecd3bb6a55938b47a56adb1,C:/sedatools/exe/deckbuild.exe -run device.in -outfile deckbuild.out,DeckBuild 5.0.10.R + ATLAS 5.28.1.R,,,,results/runs/run_0046_6p3_pred_T358K_6p3,STARTED points=76 timeout=1500s launch 46/52
run_0046,2026-09-24T21:39:10Z,6.3,pred_T358K_6p3,f1ac1e3bb185c592a81b1f4c7ecb98163b0541719c4ae727dc79b5b933b0ef6c,3174a68cdccea5781955bc9a0a09003bf8ac602fdecd3bb6a55938b47a56adb1,C:/sedatools/exe/deckbuild.exe -run device.in -outfile deckbuild.out,DeckBuild 5.0.10.R + ATLAS 5.28.1.R,0,yes,664.1,results/runs/run_0046_6p3_pred_T358K_6p3,active RMSE 0.1331 dec; Id(3V) -21.63%; nonpos 23; maxKCL 2.7e-17
run_0047,2026-09-24T21:39:10Z,13.2,pred_T358K_13p2,c0ef11446032f491d899b8b7e8cc5a765ec93222e77826ce4f3a059e6b4d429f,8ca16b7f8c637d82407e8c740184e81224a1fa73179be4a613cf76e114c7ec78,C:/sedatools/exe/deckbuild.exe -run device.in -outfile deckbuild.out,DeckBuild 5.0.10.R + ATLAS 5.28.1.R,,,,results/runs/run_0047_13p2_pred_T358K_13p2,STARTED points=76 timeout=1500s launch 47/52
run_0047,2026-09-24T21:54:12Z,13.2,pred_T358K_13p2,c0ef11446032f491d899b8b7e8cc5a765ec93222e77826ce4f3a059e6b4d429f,8ca16b7f8c637d82407e8c740184e81224a1fa73179be4a613cf76e114c7ec78,C:/sedatools/exe/deckbuild.exe -run device.in -outfile deckbuild.out,DeckBuild 5.0.10.R + ATLAS 5.28.1.R,0,yes,901.7,results/runs/run_0047_13p2_pred_T358K_13p2,active RMSE 0.1818 dec; Id(3V) -22.17%; nonpos 14; maxKCL 2.3e-16
run_0048,2026-09-24T21:54:12Z,2.0,sens_wf_p0p1_2p0_dos384,edd2669c06bf5c0afa2655fff116b1ef0d932fd81c273d8fbf3d6fc29455bfd8,25dee36ba11dbfce358e0406f99fa89cc6b7bccb9fd7010cdc0a39f8b4d742cb,C:/sedatools/exe/deckbuild.exe -run device.in -outfile deckbuild.out,DeckBuild 5.0.10.R + ATLAS 5.28.1.R,,,,results/runs/run_0048_2p0_sens_wf_p0p1_2p0_dos384,STARTED points=76 timeout=900s launch 48/52
run_0048,2026-09-24T22:00:33Z,2.0,sens_wf_p0p1_2p0_dos384,edd2669c06bf5c0afa2655fff116b1ef0d932fd81c273d8fbf3d6fc29455bfd8,25dee36ba11dbfce358e0406f99fa89cc6b7bccb9fd7010cdc0a39f8b4d742cb,C:/sedatools/exe/deckbuild.exe -run device.in -outfile deckbuild.out,DeckBuild 5.0.10.R + ATLAS 5.28.1.R,0,yes,380.5,results/runs/run_0048_2p0_sens_wf_p0p1_2p0_dos384,active RMSE 0.4695 dec; Id(3V) -6.83%; nonpos 26; maxKCL 1.0e-16
run_0049,2026-09-24T22:00:33Z,13.2,sens_wf_p0p1_13p2_dos384,6f8203fbb592262dbd5b5bd9b34e5872ec0280c1fb2d0a8a8bc68ab0535eae54,dabed5dec43f202f671cb05802191b3d14c90601e84511645f43b107522a1c10,C:/sedatools/exe/deckbuild.exe -run device.in -outfile deckbuild.out,DeckBuild 5.0.10.R + ATLAS 5.28.1.R,,,,results/runs/run_0049_13p2_sens_wf_p0p1_13p2_dos384,STARTED points=76 timeout=1500s launch 49/52
run_0049,2026-09-24T22:16:50Z,13.2,sens_wf_p0p1_13p2_dos384,6f8203fbb592262dbd5b5bd9b34e5872ec0280c1fb2d0a8a8bc68ab0535eae54,dabed5dec43f202f671cb05802191b3d14c90601e84511645f43b107522a1c10,C:/sedatools/exe/deckbuild.exe -run device.in -outfile deckbuild.out,DeckBuild 5.0.10.R + ATLAS 5.28.1.R,0,yes,975.9,results/runs/run_0049_13p2_sens_wf_p0p1_13p2_dos384,active RMSE 0.2209 dec; Id(3V) -6.86%; nonpos 35; maxKCL 2.1e-16
run_0050,2026-09-24T22:16:50Z,2.0,sens_mstar_x1p3_2p0_dos384,d0b6da9a8d632e7144802f7bda0be0e2eb6f010d8fac4b3a95db9c8c65956c4f,40d9b1460109d538b506d2dbb118a349b430485a74ff5b33d7ccb0933bdd6059,C:/sedatools/exe/deckbuild.exe -run device.in -outfile deckbuild.out,DeckBuild 5.0.10.R + ATLAS 5.28.1.R,,,,results/runs/run_0050_2p0_sens_mstar_x1p3_2p0_dos384,STARTED points=76 timeout=900s launch 50/52
run_0050,2026-09-24T22:23:42Z,2.0,sens_mstar_x1p3_2p0_dos384,d0b6da9a8d632e7144802f7bda0be0e2eb6f010d8fac4b3a95db9c8c65956c4f,40d9b1460109d538b506d2dbb118a349b430485a74ff5b33d7ccb0933bdd6059,C:/sedatools/exe/deckbuild.exe -run device.in -outfile deckbuild.out,DeckBuild 5.0.10.R + ATLAS 5.28.1.R,0,yes,411.5,results/runs/run_0050_2p0_sens_mstar_x1p3_2p0_dos384,active RMSE 0.0866 dec; Id(3V) +4.14%; nonpos 40; maxKCL 7.0e-18
run_0051,2026-09-24T22:23:42Z,13.2,sens_mstar_x1p3_13p2_dos384,ae0ba114fc2186a350a58de48c77a0d5b3670c49b60f844242ec5c977dbaf3a7,2be1396d3fc0bfd6c90d22b7b9a7e28f163521dd1152b879da77c11335355ad7,C:/sedatools/exe/deckbuild.exe -run device.in -outfile deckbuild.out,DeckBuild 5.0.10.R + ATLAS 5.28.1.R,,,,results/runs/run_0051_13p2_sens_mstar_x1p3_13p2_dos384,STARTED points=76 timeout=1500s launch 51/52
run_0051,2026-09-24T22:37:05Z,13.2,sens_mstar_x1p3_13p2_dos384,ae0ba114fc2186a350a58de48c77a0d5b3670c49b60f844242ec5c977dbaf3a7,2be1396d3fc0bfd6c90d22b7b9a7e28f163521dd1152b879da77c11335355ad7,C:/sedatools/exe/deckbuild.exe -run device.in -outfile deckbuild.out,DeckBuild 5.0.10.R + ATLAS 5.28.1.R,0,yes,802.6,results/runs/run_0051_13p2_sens_mstar_x1p3_13p2_dos384,active RMSE 0.1223 dec; Id(3V) +3.71%; nonpos 16; maxKCL 2.5e-16
run_0052,2026-09-24T22:38:20Z,6.3,hyp_S4_nearEc_band_2e12_mu15p4,e7e6609a311a25b1f40ecce9fe6eba14ab2f3ed6a6741063393f3003f1f22174,b35a74f7a754d4efc03093c87d858e14ba8532c4234cad6e5dd1dafeb362bd09,C:/sedatools/exe/deckbuild.exe -run device.in -outfile deckbuild.out,DeckBuild 5.0.10.R + ATLAS 5.28.1.R,,,,results/runs/run_0052_6p3_hyp_S4_nearEc_band_2e12_mu15p4,STARTED points=76 timeout=900s launch 52/52
run_0052,2026-09-24T22:47:22Z,6.3,hyp_S4_nearEc_band_2e12_mu15p4,e7e6609a311a25b1f40ecce9fe6eba14ab2f3ed6a6741063393f3003f1f22174,b35a74f7a754d4efc03093c87d858e14ba8532c4234cad6e5dd1dafeb362bd09,C:/sedatools/exe/deckbuild.exe -run device.in -outfile deckbuild.out,DeckBuild 5.0.10.R + ATLAS 5.28.1.R,0,yes,537.6,results/runs/run_0052_6p3_hyp_S4_nearEc_band_2e12_mu15p4,active RMSE 0.0812 dec; Id(3V) +15.97%; nonpos 15; maxKCL 6.3e-17
run_0053,2026-09-26T18:47:09Z,2.0,check_overlap_4um_meshfixed_dos384,5e34cef3a014bb6415ec7fd24e0b6fca6415a8a532d77663568c02db4300b60e,1f9a1769945c5b7d50e41197efd67c8978d7ff5ac0e7e7ddeaf3d0e7352f4354,C:/sedatools/exe/deckbuild.exe -run device.in -outfile deckbuild.out,DeckBuild 5.0.10.R + ATLAS 5.28.1.R,,,,results/runs/run_0053_2p0_check_overlap_4um_meshfixed_dos384,STARTED points=76 timeout=900s launch 53/54
run_0053,2026-09-26T19:02:11Z,2.0,check_overlap_4um_meshfixed_dos384,5e34cef3a014bb6415ec7fd24e0b6fca6415a8a532d77663568c02db4300b60e,1f9a1769945c5b7d50e41197efd67c8978d7ff5ac0e7e7ddeaf3d0e7352f4354,C:/sedatools/exe/deckbuild.exe -run device.in -outfile deckbuild.out,DeckBuild 5.0.10.R + ATLAS 5.28.1.R,timeout,no,902.1,results/runs/run_0053_2p0_check_overlap_4um_meshfixed_dos384,no idvg.dat
run_0054,2026-09-26T19:02:12Z,2.0,check_T358K_tmun0_2p0,5ca6ab59892605bc561ca987468433176d7c988853074d754101308e3f0b62fe,3bf0977fd9ab2bdd5a66af3519f643f7e97007a3e68f66dcf78fbffad28901fc,C:/sedatools/exe/deckbuild.exe -run device.in -outfile deckbuild.out,DeckBuild 5.0.10.R + ATLAS 5.28.1.R,,,,results/runs/run_0054_2p0_check_T358K_tmun0_2p0,STARTED points=76 timeout=1500s launch 54/54
run_0054,2026-09-26T19:25:19Z,2.0,check_T358K_tmun0_2p0,5ca6ab59892605bc561ca987468433176d7c988853074d754101308e3f0b62fe,3bf0977fd9ab2bdd5a66af3519f643f7e97007a3e68f66dcf78fbffad28901fc,C:/sedatools/exe/deckbuild.exe -run device.in -outfile deckbuild.out,DeckBuild 5.0.10.R + ATLAS 5.28.1.R,0,yes,1377.8,results/runs/run_0054_2p0_check_T358K_tmun0_2p0,active RMSE 0.2214 dec; Id(3V) +0.99%; nonpos 19; maxKCL 1.9e-17
run_0055,2026-09-26T19:28:58Z,2.0,check_overlap_4um_meshfixed_dos384,5e34cef3a014bb6415ec7fd24e0b6fca6415a8a532d77663568c02db4300b60e,1f9a1769945c5b7d50e41197efd67c8978d7ff5ac0e7e7ddeaf3d0e7352f4354,C:/sedatools/exe/deckbuild.exe -run device.in -outfile deckbuild.out,DeckBuild 5.0.10.R + ATLAS 5.28.1.R,,,,results/runs/run_0055_2p0_check_overlap_4um_meshfixed_dos384,STARTED points=76 timeout=2000s launch 55/55
run_0055,2026-09-26T19:39:13Z,2.0,check_overlap_4um_meshfixed_dos384,5e34cef3a014bb6415ec7fd24e0b6fca6415a8a532d77663568c02db4300b60e,1f9a1769945c5b7d50e41197efd67c8978d7ff5ac0e7e7ddeaf3d0e7352f4354,C:/sedatools/exe/deckbuild.exe -run device.in -outfile deckbuild.out,DeckBuild 5.0.10.R + ATLAS 5.28.1.R,0,yes,612.1,results/runs/run_0055_2p0_check_overlap_4um_meshfixed_dos384,active RMSE 0.0429 dec; Id(3V) +0.00%; nonpos 38; maxKCL 1.0e-16
run_0056,2026-09-28T18:43:46Z,6.3,hyp_H1_tphys_5p3,12087cf087f05b3f953fa0c08b1178f24ae3d33600db7ce078d872f29ded7f1d,e9926304140638bb5daca3f9b7453946c6da6d7eb0d61a8d8a2c4b26d399efaf,C:/sedatools/exe/deckbuild.exe -run device.in -outfile deckbuild.out,DeckBuild 5.0.10.R + ATLAS 5.28.1.R,,,,results/runs/run_0056_6p3_hyp_H1_tphys_5p3,STARTED points=76 timeout=900s launch 56/57
run_0057,2026-09-28T18:43:46Z,6.3,hyp_H2_Nd0_1e16,ecf08a08cfbc2756512332dad01bbd569bc86b33fff403a47826b0dcb528e5ad,5e967bdd14d68154f7606254d9e5ffa61ce14788995de458fcd20f127665ef8a,C:/sedatools/exe/deckbuild.exe -run device.in -outfile deckbuild.out,DeckBuild 5.0.10.R + ATLAS 5.28.1.R,,,,results/runs/run_0057_6p3_hyp_H2_Nd0_1e16,STARTED points=76 timeout=900s launch 56/57
run_0057,2026-09-28T18:44:00Z,6.3,hyp_H2_Nd0_1e16,ecf08a08cfbc2756512332dad01bbd569bc86b33fff403a47826b0dcb528e5ad,5e967bdd14d68154f7606254d9e5ffa61ce14788995de458fcd20f127665ef8a,C:/sedatools/exe/deckbuild.exe -run device.in -outfile deckbuild.out,DeckBuild 5.0.10.R + ATLAS 5.28.1.R,0,no,13.6,results/runs/run_0057_6p3_hyp_H2_Nd0_1e16,no idvg.dat
run_0056,2026-09-28T18:47:10Z,6.3,hyp_H1_tphys_5p3,12087cf087f05b3f953fa0c08b1178f24ae3d33600db7ce078d872f29ded7f1d,e9926304140638bb5daca3f9b7453946c6da6d7eb0d61a8d8a2c4b26d399efaf,C:/sedatools/exe/deckbuild.exe -run device.in -outfile deckbuild.out,DeckBuild 5.0.10.R + ATLAS 5.28.1.R,0,no,204.0,results/runs/run_0056_6p3_hyp_H1_tphys_5p3,no idvg.dat
