measurement_index,original_source_row,vg_V,native_vg_V,native_vd_V,native_vs_V,native_vd_internal_V,native_vs_internal_V,measured_A_per_um,simulation_width_um,native_id_signed_A,native_is_signed_A,native_ig_signed_A,native_id_signed_A_per_um,native_is_signed_A_per_um,native_ig_signed_A_per_um,native_channel_electrons_cm3,native_channel_mobility_cm2_Vs,linear_residual_A_per_um,positive_log10_residual,positive_log_valid,kcl_residual_A_per_um,kcl_bound_A_per_um,kcl_pass,all,active,low_current,subthreshold,on,native_bulk_free_electrons_cm3,native_bulk_ionized_acceptors_cm3,native_bulk_ionized_donors_cm3
0,2,-3.0,-3.0,0.7,0.0,0.7,0.0,1.86897e-16,1.0,0.0,0.0,0.0,0.0,0.0,0.0,3.054815852e-33,13.3,-1.86897e-16,,False,0.0,1e-18,True,True,False,True,False,False,2150422358000.0,42236927180000.0,0.0
1,3,-2.95,-2.95,0.7,0.0,0.7,0.0,1.07931e-16,1.0,0.0,0.0,0.0,0.0,0.0,0.0,3.426292757e-33,13.3,-1.07931e-16,,False,0.0,1e-18,True,True,False,True,False,False,2158057028000.0,43597338660000.0,0.0
2,4,-2.9,-2.9,0.7,0.0,0.7,0.0,4.11724e-16,1.0,0.0,0.0,0.0,0.0,0.0,0.0,3.90063535e-33,13.3,-4.11724e-16,,False,0.0,1e-18,True,True,False,True,False,False,2166069312000.0,45009040970000.0,0.0
3,5,-2.85,-2.85,0.7,0.0,0.7,0.0,4.40345e-16,1.0,0.0,0.0,0.0,0.0,0.0,0.0,4.527790762e-33,13.3,-4.40345e-16,,False,0.0,1e-18,True,True,False,True,False,False,2174483588000.0,46475085270000.0,0.0
4,6,-2.8,-2.8,0.7,0.0,0.7,0.0,1.00897e-15,1.0,0.0,0.0,0.0,0.0,0.0,0.0,5.394953107e-33,13.3,-1.00897e-15,,False,0.0,1e-18,True,True,False,True,False,False,2183329251000.0,47999282670000.0,0.0
5,7,-2.75,-2.75,0.7,0.0,0.7,0.0,1.62931e-15,1.0,0.0,0.0,0.0,0.0,0.0,0.0,6.667273775e-33,13.3,-1.62931e-15,,False,0.0,1e-18,True,True,False,True,False,False,2192644967000.0,49586895800000.0,0.0
6,8,-2.7,-2.7,0.7,0.0,0.7,0.0,1.66621e-15,1.0,0.0,0.0,0.0,0.0,0.0,0.0,8.693212462e-33,13.3,-1.66621e-15,,False,0.0,1e-18,True,True,False,True,False,False,2202486120000.0,51245805580000.0,0.0
7,9,-2.65,-2.65,0.7,0.0,0.7,0.0,1.94379e-15,1.0,0.0,0.0,0.0,0.0,0.0,0.0,1.23256345e-32,13.3,-1.94379e-15,,False,0.0,1e-18,True,True,False,True,False,False,2212921576000.0,52985676110000.0,0.0
8,10,-2.6,-2.6,0.7,0.0,0.7,0.0,2.04069e-15,1.0,0.0,0.0,0.0,0.0,0.0,0.0,2.014495551e-32,13.3,-2.04069e-15,,False,0.0,1e-18,True,True,False,True,False,False,2223988208000.0,54810327700000.0,0.0
9,11,-2.55,-2.55,0.7,0.0,0.7,0.0,2.15172e-15,1.0,0.0,0.0,0.0,0.0,0.0,0.0,4.273710394e-32,13.3,-2.15172e-15,,False,0.0,1e-18,True,True,False,True,False,False,2235676988000.0,56716324220000.0,0.0
10,12,-2.5,-2.5,0.7,0.0,0.7,0.0,2.39276e-15,1.0,0.0,0.0,0.0,0.0,0.0,0.0,1.425144274e-31,13.3,-2.39276e-15,,False,0.0,1e-18,True,True,False,True,False,False,2247994185000.0,58702997940000.0,0.0
11,13,-2.45,-2.45,0.7,0.0,0.7,0.0,2.56276e-15,1.0,0.0,0.0,0.0,0.0,0.0,0.0,7.654401393e-31,13.3,-2.56276e-15,,False,0.0,1e-18,True,True,False,True,False,False,2260967708000.0,60773095910000.0,0.0
12,14,-2.4,-2.4,0.7,0.0,0.7,0.0,2.59828e-15,1.0,0.0,0.0,0.0,0.0,0.0,0.0,5.040734495e-30,13.3,-2.59828e-15,,False,0.0,1e-18,True,True,False,True,False,False,2274632040000.0,62930299420000.0,0.0
13,15,-2.35,-2.35,0.7,0.0,0.7,0.0,2.87724e-15,1.0,0.0,0.0,0.0,0.0,0.0,0.0,3.461635031e-29,13.3,-2.87724e-15,,False,0.0,1e-18,True,True,False,True,False,False,2289027172000.0,65179041120000.0,0.0
14,16,-2.3,-2.3,0.7,0.0,0.7,0.0,3.19138e-15,1.0,0.0,0.0,0.0,0.0,0.0,0.0,2.392040162e-28,13.3,-3.19138e-15,,False,0.0,1e-18,True,True,False,True,False,False,2304197371000.0,67524286590000.0,0.0
15,17,-2.25,-2.25,0.7,0.0,0.7,0.0,3.15552e-15,1.0,0.0,0.0,0.0,0.0,0.0,0.0,1.654478868e-27,13.3,-3.15552e-15,,False,0.0,1e-18,True,True,False,True,False,False,2320190460000.0,69971405950000.0,0.0
16,18,-2.2,-2.2,0.7,0.0,0.7,0.0,3.41034e-15,1.0,0.0,0.0,0.0,0.0,0.0,0.0,1.14448544e-26,13.3,-3.41034e-15,,False,0.0,1e-18,True,True,False,True,False,False,2337057919000.0,72526173590000.0,0.0
17,19,-2.15,-2.15,0.7,0.0,0.7,0.0,3.36448e-15,1.0,0.0,0.0,0.0,0.0,0.0,0.0,7.90697224e-26,13.3,-3.36448e-15,,False,0.0,1e-18,True,True,False,True,False,False,2354855184000.0,75194800280000.0,0.0
18,20,-2.1,-2.1,0.7,0.0,0.7,0.0,3.36552e-15,1.0,0.0,0.0,0.0,0.0,0.0,0.0,5.358833727e-25,13.3,-3.36552e-15,,False,0.0,1e-18,True,True,False,True,False,False,2373642032000.0,77983974230000.0,0.0
19,21,-2.05,-2.05,0.7,0.0,0.7,0.0,3.54207e-15,1.0,0.0,0.0,0.0,0.0,0.0,0.0,3.478544927e-24,13.3,-3.54207e-15,,False,0.0,1e-18,True,True,False,True,False,False,2393483006000.0,80900907820000.0,0.0
20,22,-2.0,-2.0,0.7,0.0,0.7,0.0,3.63517e-15,1.0,0.0,0.0,0.0,0.0,0.0,0.0,2.254468083e-23,13.3,-3.63517e-15,,False,0.0,1e-18,True,True,False,True,False,False,2414447895000.0,83953389990000.0,0.0
21,23,-1.95,-1.95,0.7,0.0,0.7,0.0,3.80379e-15,1.0,0.0,0.0,0.0,0.0,0.0,0.0,1.509738102e-22,13.3,-3.80379e-15,,False,0.0,1e-18,True,True,False,True,False,False,2436612282000.0,87149844960000.0,0.0
22,24,-1.9,-1.9,0.7,0.0,0.7,0.0,3.74103e-15,1.0,0.0,0.0,0.0,0.0,0.0,0.0,1.032680191e-21,13.3,-3.74103e-15,,False,0.0,1e-18,True,True,False,True,False,False,2460058153000.0,90499398260000.0,0.0
23,25,-1.85,-1.85,0.7,0.0,0.7,0.0,3.76655e-15,1.0,0.0,0.0,0.0,0.0,0.0,0.0,7.119414182e-21,13.3,-3.76655e-15,,False,0.0,1e-18,True,True,False,True,False,False,2484874592000.0,94011950910000.0,0.0
24,26,-1.8,-1.8,0.7,0.0,0.7,0.0,3.91483e-15,1.0,0.0,0.0,0.0,0.0,0.0,0.0,4.920164528e-20,13.3,-3.91483e-15,,False,0.0,1e-18,True,True,False,True,False,False,2511158566000.0,97698263130000.0,0.0
25,27,-1.75,-1.75,0.7,0.0,0.7,0.0,4.13931e-15,1.0,0.0,0.0,0.0,0.0,0.0,0.0,3.402708912e-19,13.3,-4.13931e-15,,False,0.0,1e-18,True,True,False,True,False,False,2539015822000.0,101570048800000.0,0.0
26,28,-1.7,-1.7,0.7,0.0,0.7,0.0,4.06276e-15,1.0,0.0,0.0,0.0,0.0,0.0,0.0,2.353744978e-18,13.3,-4.06276e-15,,False,0.0,1e-18,True,True,False,True,False,False,2568561906000.0,105640082600000.0,0.0
27,29,-1.65,-1.65,0.7,0.0,0.7,0.0,4.26966e-15,1.0,0.0,0.0,0.0,0.0,0.0,0.0,1.628245127e-17,13.3,-4.26966e-15,,False,0.0,1e-18,True,True,False,True,False,False,2599923337000.0,109922320700000.0,0.0
28,30,-1.6,-1.6,0.7,0.0,0.7,0.0,4.22793e-15,1.0,0.0,0.0,0.0,0.0,0.0,0.0,1.126387083e-16,13.3,-4.22793e-15,,False,0.0,1e-18,True,True,False,True,False,False,2633238945000.0,114432039000000.0,0.0
29,31,-1.55,-1.55,0.7,0.0,0.7,0.0,4.33483e-15,1.0,0.0,0.0,0.0,0.0,0.0,0.0,7.792158781e-16,13.3,-4.33483e-15,,False,0.0,1e-18,True,True,False,True,False,False,2668661420000.0,119185989500000.0,0.0
30,32,-1.5,-1.5,0.7,0.0,0.7,0.0,4.33207e-15,1.0,0.0,0.0,0.0,0.0,0.0,0.0,5.390495448e-15,13.3,-4.33207e-15,,False,0.0,1e-18,True,True,False,True,False,False,2706359103000.0,124202579000000.0,0.0
31,33,-1.45,-1.45,0.7,0.0,0.7,0.0,4.18345e-15,1.0,0.0,0.0,0.0,0.0,0.0,0.0,3.729064394e-14,13.3,-4.18345e-15,,False,0.0,1e-18,True,True,False,True,False,False,2746518057000.0,129502073100000.0,0.0
32,34,-1.4,-1.4,0.7,0.0,0.7,0.0,4.13483e-15,1.0,0.0,0.0,0.0,0.0,0.0,0.0,2.579711273e-13,13.3,-4.13483e-15,,False,0.0,1e-18,True,True,False,True,False,False,2789344490000.0,135106829400000.0,0.0
33,35,-1.35,-1.35,0.7,0.0,0.7,0.0,4.73793e-15,1.0,0.0,0.0,0.0,0.0,0.0,0.0,1.784600915e-12,13.3,-4.73793e-15,,False,0.0,1e-18,True,True,False,True,False,False,2835067574000.0,141041565700000.0,0.0
34,36,-1.3,-1.3,0.7,0.0,0.7,0.0,4.74931e-15,1.0,0.0,0.0,0.0,0.0,0.0,0.0,1.234529886e-11,13.3,-4.74931e-15,,False,0.0,1e-18,True,True,False,True,False,False,2883942765000.0,147333666700000.0,0.0
35,37,-1.25,-1.25,0.7,0.0,0.7,0.0,4.75655e-15,1.0,0.0,0.0,0.0,0.0,0.0,0.0,8.538767397e-11,13.3,-4.75655e-15,,False,0.0,1e-18,True,True,False,True,False,False,2936255711000.0,154013538100000.0,0.0
36,38,-1.2,-1.2,0.7,0.0,0.7,0.0,4.65069e-15,1.0,0.0,0.0,0.0,0.0,0.0,0.0,5.899638548e-10,13.3,-4.65069e-15,,False,0.0,1e-18,True,True,False,True,False,False,2992326873000.0,161115013600000.0,0.0
37,39,-1.15,-1.15,0.7,0.0,0.7,0.0,4.38448e-15,1.0,0.0,0.0,0.0,0.0,0.0,0.0,4.04654374e-09,13.3,-4.38448e-15,,False,0.0,1e-18,True,True,False,True,False,False,3052517019000.0,168675825200000.0,0.0
38,40,-1.1,-1.1,0.7,0.0,0.7,0.0,4.72207e-15,1.0,0.0,0.0,0.0,0.0,0.0,0.0,2.649651267e-08,13.3,-4.72207e-15,,False,0.0,1e-18,True,True,False,True,False,False,3117233791000.0,176738146900000.0,0.0
39,41,-1.05,-1.05,0.7,0.0,0.7,0.0,4.71103e-15,1.0,0.0,0.0,0.0,0.0,0.0,0.0,1.473050213e-07,13.3,-4.71103e-15,,False,0.0,1e-18,True,True,False,True,False,False,3186939560000.0,185349223400000.0,0.0
40,42,-1.0,-1.0,0.7,0.0,0.7,0.0,4.60552e-15,1.0,0.0,0.0,0.0,0.0,0.0,0.0,8.42740263e-07,13.3,-4.60552e-15,,False,0.0,1e-18,True,True,False,True,False,False,3262160908000.0,194562099200000.0,0.0
41,43,-0.95,-0.95,0.7,0.0,0.7,0.0,4.95862e-15,1.0,0.0,0.0,0.0,0.0,0.0,0.0,5.689731204e-06,13.3,-4.95862e-15,,False,0.0,1e-18,True,True,False,True,False,False,3343500091000.0,204436464100000.0,0.0
42,44,-0.9,-0.9,0.7,0.0,0.7,0.0,4.77966e-15,1.0,0.0,0.0,0.0,0.0,0.0,0.0,3.932320855e-05,13.3,-4.77966e-15,,False,0.0,1e-18,True,True,False,True,False,False,3431648980000.0,215039635600000.0,0.0
43,45,-0.85,-0.85,0.7,0.0,0.7,0.0,2.41379e-15,1.0,0.0,0.0,0.0,0.0,0.0,0.0,0.0002720139715,13.3,-2.41379e-15,,False,0.0,1e-18,True,True,False,True,False,False,3527406092000.0,226447700600000.0,0.0
44,46,-0.8,-0.8,0.7,0.0,0.7,0.0,5.51414e-15,1.0,0.0,0.0,0.0,0.0,0.0,0.0,0.00188166506,13.3,-5.51414e-15,,False,0.0,1e-18,True,True,False,True,False,False,3631697490000.0,238746842300000.0,0.0
45,47,-0.75,-0.75,0.7,0.0,0.7,0.0,5.08517e-15,1.0,0.0,0.0,0.0,0.0,0.0,0.0,0.01301646357,13.3,-5.08517e-15,,False,0.0,1e-18,True,True,False,True,False,False,3745602562000.0,252034885600000.0,0.0
46,48,-0.7,-0.7,0.7,0.0,0.7,0.0,5.06931e-15,1.0,0.0,0.0,0.0,0.0,0.0,0.0,0.09004149426,13.3,-5.06931e-15,,False,0.0,1e-18,True,True,False,True,False,False,3870385946000.0,266423095000000.0,0.0
47,49,-0.65,-0.65,0.7,0.0,0.7,0.0,5.15483e-15,1.0,0.0,0.0,0.0,0.0,0.0,0.0,0.6228451121,13.3,-5.15483e-15,,False,0.0,1e-18,True,True,False,True,False,False,4007537264000.0,282038268900000.0,0.0
48,50,-0.6,-0.6,0.7,0.0,0.7,0.0,5.18e-15,1.0,0.0,0.0,0.0,0.0,0.0,0.0,4.30821967,13.3,-5.18e-15,,False,0.0,1e-18,True,True,False,True,False,False,4158820776000.0,299025186900000.0,0.0
49,51,-0.55,-0.55,0.7,0.0,0.7,0.0,4.75e-15,1.0,0.0,0.0,0.0,0.0,0.0,0.0,29.80184343,13.3,-4.75e-15,,False,0.0,1e-18,True,True,False,True,False,False,4326337706000.0,317549493900000.0,0.0
50,52,-0.5,-0.5,0.7,0.0,0.7,0.0,5.02793e-15,1.0,0.0,0.0,0.0,0.0,0.0,0.0,206.1530678,13.3,-5.02793e-15,,False,0.0,1e-18,True,True,False,True,False,False,4512604772000.0,337801193400000.0,0.0
51,53,-0.45,-0.45,0.7,0.0,0.7,0.0,5.09172e-15,1.0,0.0,0.0,0.0,0.0,0.0,0.0,1426.052432,13.3,-5.09172e-15,,False,0.0,1e-18,True,True,False,True,False,False,4720653515000.0,359999216000000.0,0.0
52,54,-0.4,-0.4,0.7,0.0,0.7,0.0,5.11276e-15,1.0,0.0,0.0,0.0,0.0,0.0,0.0,9864.612703,13.3,-5.11276e-15,,False,0.0,1e-18,True,True,False,True,False,False,4954156357000.0,384398529000000.0,0.0
53,55,-0.35,-0.35,0.7,0.0,0.7,0.0,5.17e-15,1.0,0.0,0.0,0.0,0.0,0.0,0.0,68237.52878,13.3,-5.17e-15,,False,0.0,1e-18,True,True,False,True,False,False,5217587118000.0,411304746800000.0,0.0
54,56,-0.3,-0.3,0.7,0.0,0.7,0.0,5.16379e-15,1.0,1.032319692e-21,-1.032319692e-21,0.0,1.032319692e-21,-1.032319692e-21,0.0,472025.0313,13.3,-5.163788967680308e-15,-6.699154360352617,True,0.0,1.0000206463938402e-18,True,True,False,True,False,False,5516426073000.0,441113366600000.0,0.0
55,57,-0.25,-0.25,0.7,0.0,0.7,0.0,5.17621e-15,1.0,4.129278768e-21,-4.129278768e-21,0.0,4.129278768e-21,-4.129278768e-21,0.0,3265162.866,13.3,-5.1762058707212316e-15,-6.098137684316596,True,0.0,1.00008258557536e-18,True,True,False,True,False,False,5857423519000.0,474433192800000.0,0.0
56,58,-0.2,-0.2,0.7,0.0,0.7,0.0,5.28552e-15,1.0,2.477567261e-20,-2.477567261e-20,0.0,2.477567261e-20,-2.477567261e-20,0.0,22586126.66,13.3,-5.28549522432739e-15,-5.329062266958067,True,0.0,1.0004955134522001e-18,True,True,False,True,False,False,6248946014000.0,512501560900000.0,0.0
57,59,-0.15,-0.15,0.7,0.0,0.7,0.0,5.18069e-15,1.0,1.744620279e-19,-1.744620279e-19,0.0,1.744620279e-19,-1.744620279e-19,0.0,156233031.3,13.3,-5.1805155379721005e-15,-4.472686689637619,True,0.0,1.0034892405580001e-18,True,True,False,True,False,False,6701479208000.0,558615284300000.0,0.0
58,60,-0.1,-0.1,0.7,0.0,0.7,0.0,5.42793e-15,1.0,1.203684761e-18,-1.203684761e-18,0.0,1.203684761e-18,-1.203684761e-18,0.0,1080659157.0,13.3,-5.426726315239e-15,-3.6541214759818157,True,0.0,1.02407369522e-18,True,True,False,True,False,False,7228678423000.0,623101043900000.0,0.0
59,61,-0.05,-0.05,0.7,0.0,0.7,0.0,5.23e-15,1.0,8.330303755e-18,-8.329787595e-18,0.0,8.330303755e-18,-8.329787595e-18,0.0,7474076397.0,13.3,-5.221669696245e-15,-2.797840851120128,True,5.161599999989722e-22,1.1666009135000002e-18,True,True,False,True,False,False,7851516635000.0,740615269800000.0,0.0
60,62,0.0,0.0,0.7,0.0,0.7,0.0,5.36552e-15,1.0,5.758537322e-17,-5.75869217e-17,0.0,5.758537322e-17,-5.75869217e-17,0.0,51673703070.0,13.3,-5.307934626779999e-15,-1.9692996321282088,True,-1.5484799999969166e-21,2.1517229492000003e-18,True,True,False,True,False,False,8622937370000.0,1030313062000000.0,0.0
61,63,0.05,0.05,0.7,0.0,0.7,0.0,5.27759e-15,1.0,3.977811661e-16,-3.977801338e-16,0.0,3.977811661e-16,-3.977801338e-16,0.0,356817259000.0,13.3,-4.8798088339e-15,-1.1227914316051493,True,1.0323000000074143e-21,8.955612998999999e-18,True,True,False,True,False,False,9792602768000.0,1904246739000000.0,0.0
62,64,0.1,0.1,0.7,0.0,0.7,0.0,4.54483e-15,1.0,2.73947038e-15,-2.739467799e-15,0.0,2.73947038e-15,-2.739467799e-15,0.0,2453480969000.0,13.3,-1.8053596200000003e-15,-0.21985103394611727,True,2.580999999850858e-21,5.578938179000001e-17,True,True,False,True,False,False,12926624860000.0,4779823389000000.0,0.0
63,65,0.15,0.15,0.7,0.0,0.7,0.0,1.92169e-14,1.0,1.867557735e-14,-1.867557554e-14,0.0,1.867557735e-14,-1.867557554e-14,0.0,16630211200000.0,13.3,-5.413226500000002e-16,-0.012409293404257227,True,1.8099999980964035e-21,3.745115289e-16,True,True,False,True,False,False,28352162710000.0,1.441824105e+16,0.0
64,66,0.2,0.2,0.7,0.0,0.7,0.0,1.36897e-13,1.0,1.232160342e-13,-1.232160352e-13,0.0,1.232160342e-13,-1.232160352e-13,0.0,107670017200000.0,13.3,-1.368096580000002e-14,-0.0457267043944416,True,-1.0000000187526205e-21,2.465320694e-15,True,True,True,False,True,False,120566758100000.0,4.566349386e+16,0.0
65,67,0.25,0.25,0.7,0.0,0.7,0.0,7.18586e-13,1.0,7.417182293e-13,-7.417182268e-13,0.0,7.417182293e-13,-7.417182268e-13,0.0,614502366700000.0,13.3,2.313222930000006e-14,0.0137602011325626,True,2.5000000216380022e-21,1.4835364561000002e-14,True,True,True,False,True,False,623122117900000.0,1.360939698e+17,0.0
66,68,0.3,0.3,0.7,0.0,0.7,0.0,3.10103e-12,1.0,3.684354036e-12,-3.684354034e-12,0.0,3.684354036e-12,-3.684354034e-12,0.0,2723869826000000.0,13.3,5.833240359999995e-13,0.07485538793209479,True,1.999999936531045e-21,7.36880807e-14,True,True,True,False,True,False,2684940383000000.0,3.44637815e+17,0.0
67,69,0.35,0.35,0.7,0.0,0.7,0.0,1.11255e-11,1.0,1.398735668e-11,-1.398735668e-11,0.0,1.398735668e-11,-1.398735668e-11,0.0,8709907137000000.0,13.3,2.86185668e-12,0.09941611153834806,True,0.0,2.797481336e-13,True,True,True,False,True,False,8487959309000000.0,7.057144895e+17,0.0
68,70,0.4,0.4,0.7,0.0,0.7,0.0,3.19559e-11,1.0,4.085516723e-11,-4.085516723e-11,0.0,4.085516723e-11,-4.085516723e-11,0.0,2.090348157e+16,13.3,8.899267230000005e-12,0.10669593906446018,True,0.0,8.171043446000001e-13,True,True,True,False,True,False,2.032151638e+16,1.201245676e+18,0.0
69,71,0.45,0.45,0.7,0.0,0.7,0.0,7.71552e-11,1.0,9.694726422e-11,-9.694726422e-11,0.0,9.694726422e-11,-9.694726422e-11,0.0,4.086840676e+16,13.3,1.979206422e-11,0.09917035675154828,True,0.0,1.9389462844000003e-12,True,True,True,False,True,False,3.987035877e+16,1.792779066e+18,0.0
70,72,0.5,0.5,0.7,0.0,0.7,0.0,1.65197e-10,1.0,1.974872936e-10,-1.974872936e-10,0.0,1.974872936e-10,-1.974872936e-10,0.0,6.957796861e+16,13.3,3.229029359999999e-11,0.0775370019968058,True,0.0,3.949746872e-12,True,True,True,False,True,False,6.838703178e+16,2.448269528e+18,0.0
71,73,0.55,0.55,0.7,0.0,0.7,0.0,3.15345e-10,1.0,3.59984856e-10,-3.59984856e-10,0.0,3.59984856e-10,-3.59984856e-10,0.0,1.077817855e+17,13.3,4.463985599999998e-11,0.057498281699247755,True,0.0,7.1996981199999996e-12,True,True,True,False,True,False,1.070333595e+17,3.146043329e+18,0.0
72,74,0.6,0.6,0.7,0.0,0.7,0.0,5.53034e-10,1.0,6.044323314e-10,-6.044323314e-10,0.0,6.044323314e-10,-6.044323314e-10,0.0,1.562236216e+17,13.3,5.1398331399999933e-11,0.038595854792427886,True,0.0,1.2088647628e-11,True,True,True,False,True,False,1.570925792e+17,3.871797428e+18,0.0
73,75,0.65,0.65,0.7,0.0,0.7,0.0,9.01207e-10,1.0,9.537591841e-10,-9.537591841e-10,0.0,9.537591841e-10,-9.537591841e-10,0.0,2.157515267e+17,13.3,5.255218409999999e-11,0.024614176578428015,True,0.0,1.9075184682e-11,True,True,True,False,True,False,2.200843271e+17,4.615658723e+18,0.0
74,76,0.7,0.7,0.7,0.0,0.7,0.0,1.39931e-09,1.0,1.434418552e-09,-1.434418552e-09,0.0,1.434418552e-09,-1.434418552e-09,0.0,2.873783534e+17,13.3,3.5108551999999935e-11,0.010761955745730134,True,0.0,2.868837204e-11,True,True,True,False,True,False,2.97830339e+17,5.370270967e+18,0.0
75,77,0.75,0.75,0.7,0.0,0.7,0.0,2.08328e-09,1.0,2.077018388e-09,-2.077018388e-09,0.0,2.077018388e-09,-2.077018388e-09,0.0,3.723176087e+17,13.3,-6.261611999999754e-12,-0.0013073031495345333,True,0.0,4.154036876e-11,True,True,True,False,True,False,3.924878388e+17,6.129644622e+18,0.0
76,78,0.8,0.8,0.7,0.0,0.7,0.0,3.00317e-09,1.0,2.916896878e-09,-2.916896878e-09,0.0,2.916896878e-09,-2.916896878e-09,0.0,4.720009319e+17,13.3,-8.627312200000009e-11,-0.012658841298662793,True,0.0,5.833793856e-11,True,True,True,False,True,False,5.065488196e+17,6.888489789e+18,0.0
77,79,0.85,0.85,0.7,0.0,0.7,0.0,4.14655e-09,1.0,3.994498367e-09,-3.994498367e-09,0.0,3.994498367e-09,-3.994498367e-09,0.0,5.880764032e+17,13.3,-1.5205163300000017e-10,-0.016224658617309373,True,0.0,7.988996834e-11,True,True,True,False,True,False,6.427974556e+17,7.641888428e+18,0.0
78,80,0.9,0.9,0.7,0.0,0.7,0.0,5.59276e-09,1.0,5.355333614e-09,-5.355333614e-09,0.0,5.355333614e-09,-5.355333614e-09,0.0,7.223883556e+17,13.3,-2.3742638599999974e-10,-0.01883965234426732,True,0.0,1.0710667328e-10,True,True,True,False,False,True,8.042255895e+17,8.385276992e+18,0.0
79,81,0.95,0.95,0.7,0.0,0.7,0.0,7.43448e-09,1.0,7.049207413e-09,-7.049207413e-09,0.0,7.049207413e-09,-7.049207413e-09,0.0,8.769482904e+17,13.3,-3.8527258699999957e-10,-0.023110308208144303,True,0.0,1.4098414926e-10,True,True,True,False,False,True,9.939281878e+17,9.114754685e+18,0.0
80,82,1.0,1.0,0.7,0.0,0.7,0.0,9.67207e-09,1.0,9.12844459e-09,-9.12844459e-09,0.0,9.12844459e-09,-9.12844459e-09,0.0,1.05390642e+18,13.3,-5.436254099999993e-10,-0.025122647278539745,True,0.0,1.825688928e-10,True,True,True,False,False,True,1.215008587e+18,9.827507126e+18,0.0
81,83,1.05,1.05,0.7,0.0,0.7,0.0,1.23459e-08,1.0,1.164553134e-08,-1.164553134e-08,0.0,1.164553134e-08,-1.164553134e-08,0.0,1.255491051e+18,13.3,-7.003686600000004e-10,-0.02536344644340094,True,0.0,2.329106278e-10,True,True,True,False,False,True,1.470457315e+18,1.052165005e+19,0.0
82,84,1.1,1.1,0.7,0.0,0.7,0.0,1.5501e-08,1.0,1.465133881e-08,-1.465133881e-08,0.0,1.465133881e-08,-1.465133881e-08,0.0,1.483861017e+18,13.3,-8.496611900000007e-10,-0.024482404801871915,True,0.0,2.930267772e-10,True,True,True,False,False,True,1.762926226e+18,1.119528313e+19,0.0
83,85,1.15,1.15,0.7,0.0,0.7,0.0,1.89248e-08,1.0,1.819425047e-08,-1.819425047e-08,0.0,1.819425047e-08,-1.819425047e-08,0.0,1.740912467e+18,13.3,-7.305495299999999e-10,-0.017097129406542955,True,0.0,3.638850104e-10,True,True,True,False,False,True,2.094467436e+18,1.184582942e+19,0.0
84,86,1.2,1.2,0.7,0.0,0.7,0.0,2.31034e-08,1.0,2.231944601e-08,-2.231944601e-08,0.0,2.231944601e-08,-2.231944601e-08,0.0,2.028138413e+18,13.3,-7.839539899999993e-10,-0.014992486525068571,True,0.0,4.463889212e-10,True,True,True,False,False,True,2.466389716e+18,1.247028206e+19,0.0
85,87,1.25,1.25,0.7,0.0,0.7,0.0,2.78614e-08,1.0,2.706792846e-08,-2.706792846e-08,0.0,2.706792846e-08,-2.706792846e-08,0.0,2.346574701e+18,13.3,-7.934715399999983e-10,-0.012547915401722065,True,0.0,5.413585702000001e-10,True,True,True,False,False,True,2.879269226e+18,1.306583891e+19,0.0
86,88,1.3,1.3,0.7,0.0,0.7,0.0,3.30679e-08,1.0,3.247541336e-08,-3.247541336e-08,0.0,3.247541336e-08,-3.247541336e-08,0.0,2.696812129e+18,13.3,-5.924866400000019e-10,-0.007851927962692962,True,0.0,6.495082682000001e-10,True,True,True,False,False,True,3.333061183e+18,1.363038149e+19,0.0
87,89,1.35,1.35,0.7,0.0,0.7,0.0,3.89934e-08,1.0,3.857126108e-08,-3.857126108e-08,0.0,3.857126108e-08,-3.857126108e-08,0.0,3.079048204e+18,13.3,-4.2213891999999803e-10,-0.004727266544515274,True,0.0,7.714252226000001e-10,True,True,True,False,False,True,3.827254863e+18,1.416266711e+19,0.0
88,90,1.4,1.4,0.7,0.0,0.7,0.0,4.51207e-08,1.0,4.537754383e-08,-4.537754383e-08,0.0,4.537754383e-08,-4.537754383e-08,0.0,3.493158645e+18,13.3,2.5684383000000126e-10,0.0024651562915689595,True,0.0,9.075508776000001e-10,True,True,True,False,False,True,4.361033003e+18,1.4662307e+19,0.0
89,91,1.45,1.45,0.7,0.0,0.7,0.0,5.23069e-08,1.0,5.29082892e-08,-5.29082892e-08,0.0,5.29082892e-08,-5.29082892e-08,0.0,3.938774014e+18,13.3,6.013891999999982e-10,0.004964736695574956,True,0.0,1.058165785e-09,True,True,True,False,False,True,4.933411521e+18,1.512963042e+19,0.0
90,92,1.5,1.5,0.7,0.0,0.7,0.0,6.00793e-08,1.0,6.116894145e-08,-6.116894145e-08,0.0,6.116894145e-08,-6.116894145e-08,0.0,4.415350543e+18,13.3,1.0896414500000042e-09,0.007806101000024768,True,0.0,1.22337883e-09,True,True,True,False,False,True,5.543345597e+18,1.556550831e+19,0.0
91,93,1.55,1.55,0.7,0.0,0.7,0.0,6.85103e-08,1.0,7.015610242e-08,-7.015610242e-08,0.0,7.015610242e-08,-7.015610242e-08,0.0,4.92222737e+18,13.3,1.6458024199999999e-09,0.010309584183636922,True,0.0,1.4031220494e-09,True,True,True,False,False,True,6.189795626e+18,1.597118004e+19,0.0
92,94,1.6,1.6,0.7,0.0,0.7,0.0,7.75138e-08,1.0,7.985762872e-08,-7.985762872e-08,0.0,7.985762872e-08,-7.985762872e-08,0.0,5.458665587e+18,13.3,2.3438287199999974e-09,0.012937382118193064,True,0.0,1.5971525754e-09,True,True,True,False,False,True,6.871752988e+18,1.634810563e+19,0.0
93,95,1.65,1.65,0.7,0.0,0.7,0.0,8.71862e-08,1.0,9.025314801e-08,-9.025314801e-08,0.0,9.025314801e-08,-9.025314801e-08,0.0,6.023868212e+18,13.3,3.0669480100000117e-09,0.01501460953465994,True,0.0,1.8050629612000001e-09,True,True,True,False,False,True,7.588231607e+18,1.669785255e+19,0.0
94,96,1.7,1.7,0.7,0.0,0.7,0.0,9.74069e-08,1.0,1.013150057e-07,-1.013150057e-07,0.0,1.013150057e-07,-1.013150057e-07,0.0,6.61698392e+18,13.3,3.9081057e-09,0.017084051168715142,True,0.0,2.026300115e-09,True,True,True,False,False,True,8.338236505e+18,1.702201783e+19,0.0
95,97,1.75,1.75,0.7,0.0,0.7,0.0,1.08228e-07,1.0,1.130095787e-07,-1.130095787e-07,0.0,1.130095787e-07,-1.130095787e-07,0.0,7.23710046e+18,13.3,4.781578700000006e-09,0.0187756229015843,True,0.0,2.2601915750000003e-09,True,True,True,False,False,True,9.120723445e+18,1.732218097e+19,0.0
96,98,1.8,1.8,0.7,0.0,0.7,0.0,1.1961e-07,1.0,1.252988215e-07,-1.252988215e-07,0.0,1.252988215e-07,-1.252988215e-07,0.0,7.883234886e+18,13.3,5.6888215000000065e-09,0.02017949586784873,True,0.0,2.5059764310000002e-09,True,True,True,False,False,True,9.934563156e+18,1.759988022e+19,0.0
97,99,1.85,1.85,0.7,0.0,0.7,0.0,1.30845e-07,1.0,1.381418785e-07,-1.381418785e-07,0.0,1.381418785e-07,-1.381418785e-07,0.0,8.554326896e+18,13.3,7.2968784999999984e-09,0.02356822586206775,True,0.0,2.7628375710000002e-09,True,True,True,False,False,True,1.077851962e+19,1.785660346e+19,0.0
98,100,1.9,1.9,0.7,0.0,0.7,0.0,1.43272e-07,1.0,1.514966024e-07,-1.514966024e-07,0.0,1.514966024e-07,-1.514966024e-07,0.0,9.249239081e+18,13.3,8.224602400000002e-09,0.02424156961699442,True,0.0,3.029932049e-09,True,True,True,False,False,True,1.165124612e+19,1.809378628e+19,0.0
99,101,1.95,1.95,0.7,0.0,0.7,0.0,1.563e-07,1.0,1.653208678e-07,-1.653208678e-07,0.0,1.653208678e-07,-1.653208678e-07,0.0,9.966765062e+18,13.3,9.02086780000002e-09,0.024368698289021218,True,0.0,3.3064173570000005e-09,True,True,True,False,False,True,1.255129758e+19,1.831281184e+19,0.0
100,102,2.0,2.0,0.7,0.0,0.7,0.0,1.69772e-07,1.0,1.795736216e-07,-1.795736216e-07,0.0,1.795736216e-07,-1.795736216e-07,0.0,1.070564423e+19,13.3,9.801621599999996e-09,0.024376476597194774,True,0.0,3.591472433e-09,True,True,True,False,False,True,1.347715445e+19,1.851500998e+19,0.0
101,103,2.05,2.05,0.7,0.0,0.7,0.0,1.83776e-07,1.0,1.942156617e-07,-1.942156617e-07,0.0,1.942156617e-07,-1.942156617e-07,0.0,1.146458072e+19,13.3,1.0439661700000012e-08,0.02399545422338001,True,0.0,3.884313235e-09,True,True,True,False,False,True,1.442725261e+19,1.87016546e+19,0.0
102,104,2.1,2.1,0.7,0.0,0.7,0.0,1.982e-07,1.0,2.092101663e-07,-2.092101663e-07,0.0,2.092101663e-07,-2.092101663e-07,0.0,1.224226394e+19,13.3,1.1010166300000022e-08,0.023479134542705893,True,0.0,4.184203327000001e-09,True,True,True,False,False,True,1.540001426e+19,1.887395997e+19,0.0
103,105,2.15,2.15,0.7,0.0,0.7,0.0,2.13045e-07,1.0,2.245230096e-07,-2.245230096e-07,0.0,2.245230096e-07,-2.245230096e-07,0.0,1.303738869e+19,13.3,1.1478009599999995e-08,0.022789508947613335,True,0.0,4.490460193e-09,True,True,True,False,False,True,1.639387652e+19,1.903307666e+19,0.0
104,106,2.2,2.2,0.7,0.0,0.7,0.0,2.28297e-07,1.0,2.401229075e-07,-2.401229075e-07,0.0,2.401229075e-07,-2.401229075e-07,0.0,1.384867317e+19,13.3,1.1825907500000025e-08,0.021933388758628602,True,0.0,4.802458151e-09,True,True,True,False,False,True,1.74073157e+19,1.918008807e+19,0.0
105,107,2.25,2.25,0.7,0.0,0.7,0.0,2.43897e-07,1.0,2.559814301e-07,-2.559814301e-07,0.0,2.559814301e-07,-2.559814301e-07,0.0,1.467487422e+19,13.3,1.2084430100000037e-08,0.021002002618945248,True,0.0,5.119628603000001e-09,True,True,True,False,False,True,1.84388665e+19,1.931600796e+19,0.0
106,108,2.3,2.3,0.7,0.0,0.7,0.0,2.59966e-07,1.0,2.720729192e-07,-2.720729192e-07,0.0,2.720729192e-07,-2.720729192e-07,0.0,1.551479933e+19,13.3,1.2106919200000005e-08,0.019768764492767765,True,0.0,5.4414583850000005e-09,True,True,True,False,False,True,1.948713591e+19,1.944177927e+19,0.0
107,109,2.35,2.35,0.7,0.0,0.7,0.0,2.76097e-07,1.0,2.88374341e-07,-2.88374341e-07,0.0,2.88374341e-07,-2.88374341e-07,0.0,1.636731541e+19,13.3,1.2277340999999991e-08,0.01889492733888609,True,0.0,5.767486821000001e-09,True,True,True,False,False,True,2.055081255e+19,1.955827442e+19,0.0
108,110,2.4,2.4,0.7,0.0,0.7,0.0,2.91893e-07,1.0,3.048650984e-07,-3.048650984e-07,0.0,3.048650984e-07,-3.048650984e-07,0.0,1.723135462e+19,13.3,1.297209840000001e-08,0.018884028134737108,True,0.0,6.097301969e-09,True,True,True,False,False,True,2.162867182e+19,1.966629664e+19,0.0
109,111,2.45,2.45,0.7,0.0,0.7,0.0,3.09021e-07,1.0,3.215268236e-07,-3.215268236e-07,0.0,3.215268236e-07,-3.215268236e-07,0.0,1.810591762e+19,13.3,1.2505823599999957e-08,0.01722921651145093,True,0.0,6.430536473e-09,True,True,True,False,False,True,2.271957777e+19,1.976658247e+19,0.0
110,112,2.5,2.5,0.7,0.0,0.7,0.0,3.26279e-07,1.0,3.38343166e-07,-3.38343166e-07,0.0,3.38343166e-07,-3.38343166e-07,0.0,1.899007462e+19,13.3,1.2064165999999988e-08,0.015768286257698882,True,0.0,6.766863321e-09,True,True,True,False,False,True,2.382248235e+19,1.985980493e+19,0.0
111,113,2.55,2.55,0.7,0.0,0.7,0.0,3.43986e-07,1.0,3.552995832e-07,-3.552995832e-07,0.0,3.552995832e-07,-3.552995832e-07,0.0,1.988296476e+19,13.3,1.131358320000003e-08,0.014053930584709384,True,0.0,7.1059916650000005e-09,True,True,True,False,False,True,2.493642279e+19,1.994657728e+19,0.0
112,114,2.6,2.6,0.7,0.0,0.7,0.0,3.61334e-07,1.0,3.723831445e-07,-3.723831445e-07,0.0,3.723831445e-07,-3.723831445e-07,0.0,2.078379421e+19,13.3,1.104914449999995e-08,0.013081186144533241,True,0.0,7.4476628909999995e-09,True,True,True,False,False,True,2.606051762e+19,2.002745703e+19,0.0
113,115,2.65,2.65,0.7,0.0,0.7,0.0,3.79462e-07,1.0,3.895823483e-07,-3.895823483e-07,0.0,3.895823483e-07,-3.895823483e-07,0.0,2.169183331e+19,13.3,1.0120348299999991e-08,0.011430979690612908,True,0.0,7.791646967e-09,True,True,True,False,False,True,2.71939619e+19,2.010295018e+19,0.0
114,116,2.7,2.7,0.7,0.0,0.7,0.0,3.96379e-07,1.0,4.068869565e-07,-4.068869565e-07,0.0,4.068869565e-07,-4.068869565e-07,0.0,2.260641317e+19,13.3,1.0507956500000005e-08,0.01136313030271996,True,0.0,8.137739131e-09,True,True,True,False,False,True,2.833602193e+19,2.017351538e+19,0.0
115,117,2.75,2.75,0.7,0.0,0.7,0.0,4.14379e-07,1.0,4.242878452e-07,-4.242878452e-07,0.0,4.242878452e-07,-4.242878452e-07,0.0,2.352692181e+19,13.3,9.908845199999997e-09,0.010262852466161654,True,0.0,8.485756905e-09,True,True,True,False,False,True,2.948602978e+19,2.023956808e+19,0.0
116,118,2.8,2.8,0.7,0.0,0.7,0.0,4.3331e-07,1.0,4.41776873e-07,-4.41776873e-07,0.0,4.41776873e-07,-4.41776873e-07,0.0,2.44528002e+19,13.3,8.466873000000008e-09,0.00840426496327229,True,0.0,8.835537461000001e-09,True,True,True,False,False,True,3.064337789e+19,2.030148433e+19,0.0
117,119,2.85,2.85,0.7,0.0,0.7,0.0,4.51931e-07,1.0,4.593467629e-07,-4.593467629e-07,0.0,4.593467629e-07,-4.593467629e-07,0.0,2.538353828e+19,13.3,7.4157628999999575e-09,0.007068527585936124,True,0.0,9.186935259e-09,True,True,True,False,False,True,3.180751383e+19,2.035960459e+19,0.0
118,120,2.9,2.9,0.7,0.0,0.7,0.0,4.71241e-07,1.0,4.769909999e-07,-4.769909999e-07,0.0,4.769909999e-07,-4.769909999e-07,0.0,2.631867103e+19,13.3,5.74999990000004e-09,0.005267115719828297,True,0.0,9.539819999000002e-09,True,True,True,False,False,True,3.297793525e+19,2.041423706e+19,0.0
119,121,2.95,2.95,0.7,0.0,0.7,0.0,4.89931e-07,1.0,4.947037404e-07,-4.947037404e-07,0.0,4.947037404e-07,-4.947037404e-07,0.0,2.725777468e+19,13.3,4.772740400000029e-09,0.004210274060234553,True,0.0,9.894074809e-09,True,True,True,False,False,True,3.415418526e+19,2.046566087e+19,0.0
120,122,3.0,3.0,0.7,0.0,0.7,0.0,5.08966e-07,1.0,5.124797328e-07,-5.124797328e-07,0.0,5.124797328e-07,-5.124797328e-07,0.0,2.820046319e+19,13.3,3.5137327999999554e-09,0.0029879233642304825,True,0.0,1.0249594657000001e-08,True,True,True,False,False,True,3.533584809e+19,2.051412899e+19,0.0
