measurement_index,vg_V,measured_A_per_um,native_id_A_per_um,native_is_A_per_um,native_ig_A_per_um,native_source_external_V,native_source_internal_V,native_drain_external_V,native_drain_internal_V,channel_electrons_cm3,channel_mobility_cm2_Vs,free_sheet_equivalent_cm2,acceptor_sheet_equivalent_cm2,donor_sheet_equivalent_cm2,free_charge_equivalent_C_cm2,acceptor_charge_equivalent_C_cm2,donor_charge_equivalent_C_cm2,front_to_back_electron_ratio,acceptor_capacity_occupied_percent,trapped_share_of_free_plus_acceptors_percent,signed_linear_residual_A_per_um,positive_log10_residual,original_measurement_active_mask,bulk_free_electrons_cm3,bulk_ionized_acceptors_cm3,bulk_ionized_donors_cm3,bulk_front_electrons_cm3,bulk_back_electrons_cm3
0,-3.0,1.86207e-13,0.0,0.0,0.0,0.0,0.0,0.7,0.7,1.396781039e-32,12.0,494505.867051,10930784.0922,0.0,-7.922857455650225e-14,-1.751304686382174e-12,0.0,0.15115610879749727,0.00011678188132692307,95.67183092232507,-1.86207e-13,,False,784929947700.0,17350450940000.0,0.0,3.671779545e-33,2.429130767e-32
1,-2.95,1.80345e-13,0.0,0.0,0.0,0.0,0.0,0.7,0.7,1.506631271e-32,12.0,497348.230995,11228478.471,0.0,-7.968397146614236e-14,-1.7990005841608246e-12,0.0,0.1695721394672233,0.00011996237682692306,95.75852309918257,-1.80345e-13,,False,789441636500.0,17822981700000.0,0.0,4.325052911e-33,2.550568109e-32
2,-2.9,1.86207e-13,0.0,0.0,0.0,0.0,0.0,0.7,0.7,1.644539796e-32,12.0,500311.464408,11536673.5197,0.0,-8.015873379968201e-14,-1.8483788747349876e-12,0.0,0.19195844261345024,0.00012325505897115385,95.84354832153946,-1.86207e-13,,False,794145181600.0,18312180190000.0,0.0,5.186935213e-33,2.702113615e-32
3,-2.85,1.50345e-13,0.0,0.0,0.0,0.0,0.0,0.7,0.7,1.823486624e-32,12.0,503404.325802,11856113.2683,0.0,-8.065426482544877e-14,-1.899558764852763e-12,0.0,0.2196395201194473,0.00012666787679807692,95.92699049967592,-1.50345e-13,,False,799054485400.0,18819227410000.0,0.0,6.364140678e-33,2.897538965e-32
4,-2.8,1.38621e-13,0.0,0.0,0.0,0.0,0.0,0.7,0.7,2.065594653e-32,12.0,506638.453356,12187818.1404,0.0,-8.117242918528821e-14,-1.952703744399021e-12,0.0,0.25451998800429576,0.00013021173226923077,96.00897880414038,-1.38621e-13,,False,804188021200.0,19345743080000.0,0.0,8.043428819e-33,3.160234637e-32
5,-2.75,1.53448e-13,0.0,0.0,0.0,0.0,0.0,0.7,0.7,2.411354975e-32,12.0,510031.039581,12533348.3562,0.0,-8.171598142314074e-14,-2.008063788208595e-12,0.0,0.29935612933505823,0.00013390329440384616,96.08973239139257,-1.53448e-13,,False,809573078700.0,19894203740000.0,0.0,1.057579986e-32,3.532848946e-32
6,-2.7,1.31034e-13,0.0,0.0,0.0,0.0,0.0,0.7,0.7,2.941992365e-32,12.0,513608.44745700003,12895142.3874,0.0,-8.228914535406221e-14,-2.0660295825195253e-12,0.0,0.35808267174677044,0.00013776861524999998,96.16960256937702,-1.31034e-13,,False,815251503900.0,20468479980000.0,0.0,1.468351444e-32,4.10059341e-32
7,-2.65,2.00345e-13,0.0,0.0,0.0,0.0,0.0,0.7,0.7,3.841693823e-32,12.0,517399.949493,13275810.5823,0.0,-8.289661095104646e-14,-2.1270193512370995e-12,0.0,0.4359588140325384,0.00014183558314423078,96.24887948820613,-2.00345e-13,,False,821269761100.0,21072715210000.0,0.0,2.20418897e-32,5.055956891e-32
8,-2.6,8.62069e-14,0.0,0.0,0.0,0.0,0.0,0.7,0.7,5.606260637e-32,12.0,521412.473358,13675638.0159,0.0,-8.35394881490335e-14,-2.19107876841171e-12,0.0,0.5384883286102199,0.0001461072437596154,96.32731831338826,-8.62069e-14,,False,827638846600.0,21707361930000.0,0.0,3.723910545e-32,6.915489802e-32
9,-2.55,6.10345e-14,0.0,0.0,0.0,0.0,0.0,0.7,0.7,9.947412665e-32,12.0,525632.123457,14092942.9788,0.0,-8.421555062826087e-14,-2.2579383944927715e-12,0.0,0.6654862145012224,0.0001505656301153846,96.40435459830934,-6.10345e-14,,False,834336703900.0,22369750760000.0,0.0,7.6261816e-32,1.14595636e-31
10,-2.5,1.0931e-13,0.0,0.0,0.0,0.0,0.0,0.7,0.7,2.519763971e-31,12.0,530055.761256,14527159.1514,0.0,-8.492429554014456e-14,-2.3275074950772347e-12,0.0,0.793345257347751,0.00015520469178846154,96.47972241659065,-1.0931e-13,,False,841358351200.0,23058982780000.0,0.0,2.170055692e-31,2.735323205e-31
11,-2.45,1.83793e-13,0.0,0.0,0.0,0.0,0.0,0.7,0.7,1.070566332e-30,12.0,534691.510857,14978803.1085,0.0,-8.566702450932425e-14,-2.3998688345725263e-12,0.0,0.8697850767231446,0.0001600299477403846,96.55337804939296,-1.83793e-13,,False,848716683900.0,23775877950000.0,0.0,9.788931721e-31,1.125442593e-30
12,-2.4,1.73793e-13,0.0,0.0,0.0,0.0,0.0,0.7,0.7,6.539764931e-30,12.0,539548.904475,15448504.8375,0.0,-8.644526476501429e-14,-2.4751233480878468e-12,0.0,0.891114890773593,0.00016504812860576923,96.62529965696531,-1.73793e-13,,False,856426832500.0,24521436250000.0,0.0,6.074140999e-30,6.816338793e-30
13,-2.35,1.58621e-13,0.0,0.0,0.0,0.0,0.0,0.7,0.7,4.431145637e-29,12.0,544639.048443,15937025.8572,0.0,-8.726079573793687e-14,-2.5533930443859656e-12,0.0,0.8947459233209821,0.00017026737026923076,96.69548524641752,-1.58621e-13,,False,864506426100.0,25296866440000.0,0.0,4.126465673e-29,4.611885414e-29
14,-2.3,1.13448e-13,0.0,0.0,0.0,0.0,0.0,0.7,0.7,3.056005969e-28,12.0,549975.207033,16445310.0777,0.0,-8.81157425987585e-14,-2.6348291545375666e-12,0.0,0.8952847744007959,0.0001756977572403846,96.76395425072948,-1.13448e-13,,False,872976519100.0,26103666790000.0,0.0,2.846984316e-28,3.179976246e-28
15,-2.25,1.82414e-13,0.0,0.0,0.0,0.0,0.0,0.7,0.7,2.113111939e-27,12.0,555572.013759,16974403.5384,0.0,-8.901244989489962e-14,-2.7195992725311403e-12,0.0,0.8953630346225482,0.00018135046515384615,96.83073138290501,-1.82414e-13,,False,881860339300.0,26943497680000.0,0.0,1.968692405e-27,2.198764444e-27
16,-2.2,1.96207e-13,0.0,0.0,0.0,0.0,0.0,0.7,0.7,1.461607044e-26,12.0,561445.267509,17525431.9926,0.0,-8.995344888727991e-14,-2.8078837639299777e-12,0.0,0.8953743494316796,0.00018723752128846154,96.89584188892971,-1.96207e-13,,False,891182964300.0,27818146020000.0,0.0,1.361725324e-26,1.520844689e-26
17,-2.15,1.27241e-13,0.0,0.0,0.0,0.0,0.0,0.7,0.7,1.006777277e-25,12.0,567611.981622,18099602.6274,0.0,-9.094146541332056e-14,-2.8998760414305285e-12,0.0,0.8953757878069531,0.0001933718229423077,96.95931078358274,-1.27241e-13,,False,900971399400.0,28729527980000.0,0.0,9.379769915e-26,1.047579133e-25
18,-2.1,1.37931e-13,0.0,0.0,0.0,0.0,0.0,0.7,0.7,6.731009058e-25,12.0,574090.487082,18698210.8614,0.0,-9.197943642044591e-14,-2.995783653974009e-12,0.0,0.895375171193665,0.0001997672100576923,97.02116277292842,-1.37931e-13,,False,911254741400.0,29679699780000.0,0.0,6.270993622e-25,7.003760908e-25
19,-2.05,1.47931e-13,0.0,0.0,0.0,0.0,0.0,0.7,0.7,4.359331654e-24,12.0,580900.55625,19322648.7174,0.0,-9.307052979013525e-14,-3.0958296282008347e-12,0.0,0.8953741885198382,0.00020643855467307692,97.08142227165963,-1.47931e-13,,False,922064375000.0,30670870980000.0,0.0,4.061373444e-24,4.535950998e-24
20,-2.0,1.74483e-13,0.0,0.0,0.0,0.0,0.0,0.7,0.7,2.873095269e-23,12.0,588063.541275,19974414.3921,0.0,-9.421816651380995e-14,-3.200254001685593e-12,0.0,0.8953736188191947,0.00021340186316346155,97.14011344751154,-1.74483e-13,,False,933434192500.0,31705419670000.0,0.0,2.676709536e-23,2.989488946e-23
21,-1.95,1e-13,0.0,0.0,0.0,0.0,0.0,0.7,0.7,1.947994171e-22,12.0,595602.529137,20655123.0039,0.0,-9.542604553346056e-14,-3.309315544924447e-12,0.0,0.8953734035615609,0.00022067439106730768,97.19726026195643,-1e-13,,False,945400839900.0,32785909530000.0,0.0,1.814839392e-22,2.026907863e-22
22,-1.9,1.88966e-13,0.0,0.0,0.0,0.0,0.0,0.7,0.7,1.338854343e-21,12.0,603542.515338,21366518.8149,0.0,-9.669817157001301e-14,-3.423293719515415e-12,0.0,0.8953733360667846,0.00022827477366346155,97.25288652468473,-1.88966e-13,,False,958003992600.0,33915109230000.0,0.0,1.247336597e-21,1.393091068e-21
23,-1.85,1.3931e-13,0.0,0.0,0.0,0.0,0.0,0.7,0.7,9.244098547e-21,12.0,611910.59895,22110489.0468,0.0,-9.803888637346349e-14,-3.542490891709589e-12,0.0,0.8953733164543559,0.00023622317357692305,97.30701594686346,-1.3931e-13,,False,971286665000.0,35096014360000.0,0.0,8.61221451e-21,9.618574009e-21
24,-1.8,1.39655e-13,0.0,0.0,0.0,0.0,0.0,0.7,0.7,6.391343658e-20,12.0,620736.202044,22889079.6372,0.0,-9.945290387927997e-14,-3.6672348568487036e-12,0.0,0.8953733110384339,0.0002445414491153846,97.35967220548011,-1.39655e-13,,False,985295558800.0,36331872440000.0,0.0,5.954460587e-20,6.650254719e-20
25,-1.75,2.12759e-13,0.0,0.0,0.0,0.0,0.0,0.7,0.7,4.420720585e-19,12.0,630051.31791,23704513.1946,0.0,-1.0094534997763078e-13,-3.797881716073281e-12,0.0,0.895373309941711,0.00025325334609615385,97.41087900880207,-2.12759e-13,,False,1000081457000.0,37626211420000.0,0.0,4.118540274e-19,4.599802371e-19
26,-1.7,1.38276e-13,0.0,0.0,0.0,0.0,0.0,0.7,0.7,3.058045196e-18,12.0,639890.79273,24559209.5931,0.0,-1.025218076423743e-13,-3.934819175957346e-12,0.0,0.8953733098344048,0.000262384717875,97.46066017067092,-1.38276e-13,,False,1015699671000.0,38982872370000.0,0.0,2.849011163e-18,3.181925496e-18
27,-1.65,1.90345e-13,0.0,0.0,0.0,0.0,0.0,0.7,0.7,2.11548113e-17,12.0,650292.64398,25455809.5848,0.0,-1.0418836794468366e-13,-4.07847033163198e-12,0.0,0.895373310082649,0.00027196377761538464,97.5090396939337,-1.90345e-13,,False,1032210546000.0,40406046960000.0,0.0,1.970876485e-17,2.201178506e-17
28,-1.6,1.45172e-13,0.0,0.0,0.0,0.0,0.0,0.7,0.7,1.463452558e-16,12.0,661298.4283500001,26397202.0851,0.0,-1.0595168900032931e-13,-4.229298038372329e-12,0.0,0.8953733102779896,0.00028202138979807693,97.5560418507992,-1.45172e-13,,False,1049680045000.0,41900320770000.0,0.0,1.363417618e-16,1.522736497e-16
29,-1.55,8.44828e-14,0.0,0.0,0.0,0.0,0.0,0.7,0.7,1.012393763e-15,12.0,672953.65893,27386555.6916,0.0,-1.0781906281024514e-13,-4.387809961482123e-12,0.0,0.8953733112079878,0.00029259140696153845,97.60169128218456,-8.44828e-14,,False,1068180411000.0,43470723320000.0,0.0,9.431911473e-16,1.053405474e-15
30,-1.5,1.42759e-13,0.0,0.0,0.0,0.0,0.0,0.7,0.7,7.003590729e-15,12.0,685308.28779,28427355.3501,0.0,-1.0979849257836855e-13,-4.554564450834511e-12,0.0,0.8953733113632485,0.0003037110614326923,97.64601310167279,-1.42759e-13,,False,1087790933000.0,45122786270000.0,0.0,6.52485726e-15,7.287303717e-15
31,-1.45,1.64138e-13,0.0,0.0,0.0,0.0,0.0,0.7,0.7,4.844983232e-14,12.0,698417.26353,29523445.0434,0.0,-1.1189878204099863e-13,-4.7301773803718596e-12,0.0,0.8953733117898192,0.00031542142140384615,97.68903300386671,-1.64138e-13,,False,1108598831000.0,46862611180000.0,0.0,4.513802326e-14,5.041251807e-14
32,-1.4,8.2069e-14,0.0,0.0,0.0,0.0,0.0,0.7,0.7,3.351689231e-13,12.0,712341.1827,30679077.8574,0.0,-1.141296398357865e-13,-4.915330169579306e-12,0.0,0.8953733121035976,0.00032776792582692307,97.7307773764861,-8.2069e-14,,False,1130700290000.0,48696948980000.0,0.0,3.122583087e-13,3.487464999e-13
33,-1.35,7.10345e-14,0.0,0.0,0.0,0.0,0.0,0.7,0.7,2.318641859e-12,12.0,727147.04454,31898974.779,0.0,-1.1650180042441453e-13,-5.110779203946911e-12,0.0,0.8953733129786788,0.00034080101259615383,97.77127343399007,-7.10345e-14,,False,1154201658000.0,50633293300000.0,0.0,2.160150115e-12,2.412569242e-12
34,-1.3,1.48621e-13,0.0,0.0,0.0,0.0,0.0,0.7,0.7,1.603953906e-11,12.0,742909.14243,33188394.2103,0.0,-1.190271669186324e-13,-5.317366972372354e-12,0.0,0.8953733132103826,0.00035457686122115385,97.81054934817224,-1.48621e-13,,False,1179220861000.0,52679990810000.0,0.0,1.494314961e-11,1.668929528e-11
35,-1.25,1.57241e-13,0.0,0.0,0.0,0.0,0.0,0.7,0.7,1.109348467e-10,12.0,759710.11473,34553214.4482,0.0,-1.217189794433865e-13,-5.536035281849724e-12,0.0,0.8953733114977619,0.0003691582740192307,97.84863439057236,-1.57241e-13,,False,1205889071000.0,54846372140000.0,0.0,1.033518472e-10,1.15428778e-10
36,-1.2,1.57241e-13,0.0,0.0,0.0,0.0,0.0,0.7,0.7,7.662597095e-10,12.0,777642.19533,36000032.052600004,0.0,-1.2459201549701897e-13,-5.767841017792677e-12,0.0,0.895373295887484,0.00038461572705769225,97.88555907562923,-1.57241e-13,,False,1234352691000.0,57142908020000.0,0.0,7.138816167e-10,7.973005449e-10
37,-1.15,2.01034e-13,0.0,0.0,0.0,0.0,0.0,0.7,0.7,5.245641013e-09,12.0,796808.70549,37536279.8202,0.0,-1.2766282897038654e-13,-6.013975045521016e-12,0.0,0.8953732080880814,0.00040102863055769227,97.92135531955377,-2.01034e-13,,False,1264775723000.0,59581396540000.0,0.0,4.887068702e-09,5.458135957e-09
38,-1.1,1.8069e-13,0.0,0.0,0.0,0.0,0.0,0.7,0.7,3.394660357e-08,12.0,817325.84997,39170368.9692,0.0,-1.3095003791861234e-13,-6.2757849907610895e-12,0.0,0.8953725611453633,0.0004184868479615385,97.95605659774573,-1.8069e-13,,False,1297342619000.0,62175188840000.0,0.0,3.162599818e-08,3.532160751e-08
39,-1.05,1.52759e-13,0.0,0.0,0.0,0.0,0.0,0.7,0.7,1.8417736e-07,12.0,839324.89746,40911861.6522,0.0,-1.344746739044858e-13,-6.5548028792595475e-12,0.0,0.8953705041388164,0.00043709253901923076,97.98969809765362,-1.52759e-13,,False,1332261742000.0,64939462940000.0,0.0,1.715843673e-07,1.916350455e-07
40,-1.0,1.24138e-13,0.0,0.0,0.0,0.0,0.0,0.7,0.7,1.069981532e-06,12.0,862954.83225,42771681.3258,0.0,-1.3826060684283397e-13,-6.8527788417090895e-12,0.0,0.8953688466796916,0.0004569624073269231,98.02231688348616,-1.24138e-13,,False,1369769575000.0,67891557660000.0,0.0,9.968104266e-07,1.113295856e-06
41,-0.95,1.64483e-13,0.0,0.0,0.0,0.0,0.0,0.7,0.7,7.26468017e-06,12.0,888385.62393,44762371.1829,0.0,-1.423350688642157e-13,-7.1717225191677316e-12,0.0,0.8953686338166695,0.0004782304613557692,98.0539520348169,-1.64483e-13,,False,1410135911000.0,71051382830000.0,0.0,6.76787181e-06,7.558754634e-06
42,-0.9,1.19655e-13,0.0,0.0,0.0,0.0,0.0,0.7,0.7,5.022131131e-05,12.0,915812.2726200001,46898413.6635,0.0,-1.4672930243222018e-13,-7.513954254332604e-12,0.0,0.8953686265259666,0.0005010514280288461,98.08464477947729,-1.19655e-13,,False,1453670274000.0,74441926450000.0,0.0,4.678683319e-05,5.225426914e-05
43,-0.85,1.28276e-13,0.0,0.0,0.0,0.0,0.0,0.7,0.7,0.0003474021265,12.0,945459.86598,49196628.2997,0.0,-1.5147937056579275e-13,-7.882168833336249e-12,0.0,0.8953686270975582,0.000525605003201923,98.11443858728819,-1.28276e-13,,False,1500729946000.0,78089886190000.0,0.0,0.0003236443848,0.0003614649598
44,-0.8,1.65517e-13,0.0,0.0,0.0,0.0,0.0,0.7,0.7,0.002403160144,12.0,977589.95922,51676670.9907,0.0,-1.5662717902952967e-13,-8.279515478420516e-12,0.0,0.8953686274467866,0.0005521011857980768,98.14337920315738,-1.65517e-13,,False,1551730094000.0,82026461890000.0,0.0,0.002238815572,0.002500440046
45,-0.75,1.79655e-13,0.0,0.0,0.0,0.0,0.0,0.7,0.7,0.01662387651,12.0,1012508.69328,54361665.3447,0.0,-1.6222177700950888e-13,-8.709699000060588e-12,0.0,0.8953686319050032,0.0005807870229134615,98.17151458984193,-1.79655e-13,,False,1607156656000.0,86288357690000.0,0.0,0.01548702227,0.0172968113
46,-0.7,2.05172e-13,0.0,0.0,0.0,0.0,0.0,0.7,0.7,0.1149952949,12.0,1050577.23015,57279007.989,0.0,-1.68321029035877e-13,-9.177108821867512e-12,0.0,0.8953687791894559,0.0006119552135576923,98.19889473548822,-2.05172e-13,,False,1667582905000.0,90919060300000.0,0.0,0.1071312495,0.1196504189
47,-0.65,1.5931e-13,0.0,0.0,0.0,0.0,0.0,0.7,0.7,0.7954223823,12.0,1092225.32937,60461405.2035,0.0,-1.749937901779568e-13,-9.68698506758537e-12,0.0,0.8953705318752654,0.0006459551837980769,98.2255712296503,-1.5931e-13,,False,1733690999000.0,95970484450000.0,0.0,0.7410498865,0.8276460528
48,-0.6,9.58621e-14,0.0,0.0,0.0,0.0,0.0,0.7,0.7,5.501684978,12.0,1137969.19026,63948222.324,0.0,-1.823227646846472e-13,-1.0245634759334999e-11,0.0,0.8953620613914286,0.0006832075034615384,98.25159659248048,-9.58621e-14,,False,1806300302000.0,101505114800000.0,0.0,5.125827292,5.724865407
49,-0.55,7.89655e-14,0.0,0.0,0.0,0.0,0.0,0.7,0.7,38.057368,12.0,1188435.22245,67787267.373,0.0,-1.904083144431982e-13,-1.0860717586773116e-11,0.0,0.8953611569512164,0.0007242229420192307,98.27702338978655,-7.89655e-14,,False,1886405115000.0,107598837100000.0,0.0,35.45748234,39.60131849
50,-0.5,1.7069e-13,0.0,0.0,0.0,0.0,0.0,0.7,0.7,263.2589933,12.0,1244392.13808,72037211.526,0.0,-1.9937360071650777e-13,-1.1541633708547268e-11,0.0,0.8953611374954962,0.0007696283282692308,98.30190378504237,-1.7069e-13,,False,1975225616000.0,114344780200000.0,0.0,245.2744899,273.9391734
51,-0.45,1.80345e-13,0.0,0.0,0.0,0.0,0.0,0.7,0.7,1821.068892,12.0,1306794.90501,76771045.512,0.0,-2.0937162622372713e-13,-1.2300077528707697e-11,0.0,0.8953611396085068,0.0008202034776923076,98.32629220015504,-1.80345e-13,,False,2074277627000.0,121858802400000.0,0.0,1696.662816,1894.948017
52,-0.4,1.34483e-13,0.0,0.0,0.0,0.0,0.0,0.7,0.7,12597.02526,12.0,1376845.92297,82081546.722,0.0,-2.2059503664006977e-13,-1.3150913624056768e-11,0.0,0.8953611486686637,0.0008769396017307692,98.35026067560746,-1.34483e-13,,False,2185469719000.0,130288169400000.0,0.0,11736.46125,13108.07518
53,-0.35,1.72069e-13,0.0,0.0,0.0,0.0,0.0,0.7,0.7,87138.05304,12.0,1456081.60761,88091565.597,0.0,-2.3328999289098985e-13,-1.4113824805199164e-11,0.0,0.8953611795049937,0.0009411492050961539,98.37395883301885,-1.72069e-13,,False,2311240647000.0,139827881900000.0,0.0,81185.23097,90673.16389
54,-0.3,1.64138e-13,2.064639384e-21,-2.064639384e-21,0.0,0.0,0.0,0.7,0.7,602761.5359,12.0,1546497.22941,94978126.341,0.0,-2.4777617255064393e-13,-1.5217173476465012e-11,0.0,0.8953612874968294,0.0010147235720192307,98.39782101995776,-1.6413799793536063e-13,-7.900364929836202,False,2454757507000.0,150758930700000.0,0.0,561584.0217,627214.9908
55,-0.25,1.59655e-13,1.3420156e-20,-1.3420156e-20,0.0,0.0,0.0,0.7,0.7,4169463.247,12.0,1650730.98015,103040596.701,0.0,-2.6447626054162477e-13,-1.6508923638775967e-11,0.0,0.89536166434273,0.0011008610758653846,98.42323999827617,-1.59654986579844e-13,-7.075424959883954,False,2620207905000.0,163556502700000.0,0.0,3884628.378,4338613.694
56,-0.2,2.20345e-13,9.08441329e-20,-9.08441329e-20,0.0,0.0,0.0,0.7,0.7,28840928.66,12.0,1772345.47203,112916927.781,0.0,-2.8396105026621663e-13,-1.8091286327378368e-11,0.0,0.8953629789668265,0.0012063774335576921,98.45465454461481,-2.2034490915586712e-13,-6.38480631611557,False,2813246781000.0,179233218700000.0,0.0,26870699.7,30010956.82
57,-0.15,8.82759e-14,6.286826924e-19,-6.286826924e-19,0.0,0.0,0.0,0.7,0.7,199491762.7,12.0,1916300.68686,126308551.32000001,0.0,-3.0702521842052425e-13,-2.0236860959929384e-11,0.0,0.895367567173537,0.0013494503346153845,98.50551538421158,-8.82752713173076e-14,-5.147410649612242,False,3041747122000.0,200489764000000.0,0.0,185864360.7,207584424.0
58,-0.1,1.83448e-13,4.350711342e-18,-4.351743662e-18,0.0,0.0,0.0,0.7,0.7,1379751947.0,12.0,2089993.78917,148467816.0,0.0,-3.348539214213296e-13,-2.3787166569621135e-11,0.0,0.8953835770699797,0.0015861946153846154,98.61183302805966,-1.83443649288658e-13,-4.624952711343852,False,3317450459000.0,235663200000000.0,0.0,1285514925.0,1435714210.0
59,-0.05,5.86207e-15,3.008489278e-17,-3.008489278e-17,0.0,0.0,0.0,0.7,0.7,9539969759.0,12.0,2307013.57593,196806498.399,0.0,-3.69624324567583e-13,-3.153187731542362e-11,0.0,0.8954394177484034,0.002102633529903846,98.84135759896573,-5.83198510722e-15,-2.2897025320776905,False,3661926311000.0,312391267300000.0,0.0,8888743637.0,9926683437.0
60,0.0,1.83793e-13,2.078591185e-16,-2.078570538e-16,0.0,0.0,0.0,0.7,0.7,65894675430.0,12.0,2607685.46262,330705643.779,0.0,-4.177972717031244e-13,-5.298488551946413e-11,0.0,0.8956339725498809,0.003533179954903846,99.21764741045513,-1.835851408815e-13,-2.946559885509105,False,4139183274000.0,524929593300000.0,0.0,61405021280.0,68560397620.0
61,0.05,1.38621e-13,1.43254281e-15,-1.432543068e-15,0.0,0.0,0.0,0.7,0.7,453557715900.0,12.0,3191433.06825,753873991.29,0.0,-5.113239490925077e-13,-1.2078392938251575e-10,0.0,0.8963095925044267,0.008054209308653845,99.57844685999821,-1.3718845719e-13,-1.9857214182289997,False,5065766775000.0,1196625383000000.0,0.0,422858450500.0,471777223000.0
62,0.1,1.12759e-13,9.790196585e-15,-9.790196069e-15,0.0,0.0,0.0,0.7,0.7,3084873335000.0,12.0,5290528.66902,2154991475.07,0.0,-8.476361415010964e-13,-3.452676987826347e-10,0.0,0.8986317306931898,0.023023413195192306,99.75510009064264,-1.0296880341499999e-13,-1.0613598032596947,False,8397664554000.0,3420621389000000.0,0.0,2880823525000.0,3205788786000.0
63,0.15,4.10345e-14,6.509024008e-14,-6.509024034e-14,0.0,0.0,0.0,0.7,0.7,20182599930000.0,12.0,16590812.6223,6729599557.8,0.0,-2.6581412322521325e-12,-1.0782007167683891e-09,0.0,0.9063622828525878,0.07189743117307691,99.75407138382812,2.4055740079999998e-14,0.20036672743412431,False,26334623210000.0,1.068190406e+16,0.0,18950934920000.0,20908785900000.0
64,0.2,6.45172e-13,3.994876368e-13,-3.994876379e-13,0.0,0.0,0.0,0.7,0.7,118156238900000.0,12.0,78280695.86400001,20355117470.1,0.0,-1.2541950180656124e-11,-3.2612493592919414e-09,0.0,0.9299050800235585,0.21746920374038464,99.61689829940087,-2.456843632e-13,-0.20817216759004076,False,124255072800000.0,3.230971027e+16,0.0,112778665300000.0,121279760400000.0
65,0.25,2.28379e-12,2.051947542e-12,-2.051947544e-12,0.0,0.0,0.0,0.7,0.7,545125844700000.0,12.0,342181086.219,53353054622.7,0.0,-5.4823454093682115e-11,-8.548101746901562e-09,0.0,0.9892443487424039,0.5700112673365385,99.36273473483949,-2.318424579999999e-13,-0.046489913132909066,True,543144581300000.0,8.468738829e+16,0.0,541364986100000.0,547251027300000.0
66,0.3,8.4e-12,8.080825545e-12,-8.080825545e-12,0.0,0.0,0.0,0.7,0.7,1806063128000000.0,12.0,1118466127.8,113481573471.0,0.0,-1.7919802958816176e-10,-1.8181752540479045e-08,0.0,1.104694457895481,1.2124099729807691,99.02402640372935,-3.1917445500000013e-13,-0.016823555073981922,True,1775343060000000.0,1.801294817e+17,0.0,1925985149000000.0,1743455066000000.0
67,0.35,2.09586e-11,2.429202484e-11,-2.429202484e-11,0.0,0.0,0.0,0.7,0.7,4407022627000000.0,12.0,2745108969.12,199241563122.0,0.0,-4.398149448107891e-10,-3.192201769557045e-08,0.0,1.2848591411189403,2.128649178653846,98.64094549372959,3.333424839999998e-12,0.06410144741832369,True,4357315824000000.0,3.162564494e+17,0.0,5185500223000000.0,4035851135000000.0
68,0.4,6.04138e-11,5.878507844e-11,-5.878507844e-11,0.0,0.0,0.0,0.7,0.7,8600647931000000.0,12.0,5467396074.84,304432498503.0,0.0,-8.759734239931964e-10,-4.877546357317465e-08,0.0,1.5308978481259556,3.2524839583653846,98.23575413528684,-1.6287215599999985e-12,-0.011869051474121761,True,8678406468000000.0,4.832261881e+17,0.0,1.135761714e+16,7418925537000000.0
69,0.45,1.2669e-10,1.213454129e-10,-1.213454129e-10,0.0,0.0,0.0,0.7,0.7,1.441656376e+16,12.0,9465940934.1,423480368682.0,0.0,-1.5166109383439152e-09,-6.784903516600057e-08,0.0,1.8437550620523722,4.524362913269231,97.81359934849806,-5.344587100000006e-12,-0.01871897236883946,True,1.502530307e+16,6.721910614e+17,0.0,2.154993915e+16,1.16880705e+16
70,0.5,2.42966e-10,2.23312019e-10,-2.23312019e-10,0.0,0.0,0.0,0.7,0.7,2.176853684e+16,12.0,14915896543.8,552528828180.0,0.0,-2.3897900917637716e-09,-8.852487781213967e-08,0.0,2.2259218807960934,5.903085771153846,97.37139215611525,-1.9653980999999996e-11,-0.036633405759157966,True,2.367602626e+16,8.77029886e+17,0.0,3.694844471e+16,1.659916506e+16
71,0.55,4.15172e-10,3.777943164e-10,-3.777943164e-10,0.0,0.0,0.0,0.7,0.7,3.052361584e+16,12.0,22021173864.9,688988501460.0,0.0,-3.528181021959425e-09,-1.1038812781338869e-07,0.0,2.6810645758634797,7.360988263461538,96.90283063239086,-3.737768359999997e-11,-0.04097263613383895,True,3.495424423e+16,1.093632542e+18,0.0,5.882005638e+16,2.193906738e+16
72,0.6,6.82414e-10,6.000571303e-10,-6.000571303e-10,0.0,0.0,0.0,0.7,0.7,4.053841308e+16,12.0,31030995441.6,831028122540.0,0.0,-4.971713582629203e-09,-1.3314538401304765e-07,0.0,3.2135556546320188,8.878505582692307,96.40036340961684,-8.235686969999992e-11,-0.055855327273198085,True,4.925554832e+16,1.319092258e+18,0.0,8.851093743e+16,2.754299192e+16
73,0.65,1.05345e-09,9.079893835e-10,-9.079893835e-10,0.0,0.0,0.0,0.7,0.7,5.16780725e+16,12.0,42249104704.8,977243282190.0,0.0,-6.769052836545003e-09,-1.565716352458286e-07,0.0,3.8282332059104376,10.44063335673077,95.85586854321849,-1.454606164999999e-10,-0.06453315683009109,True,6.706207096e+16,1.551179813e+18,0.0,1.274489678e+17,3.329185056e+16
74,0.7,1.57e-09,1.322614904e-09,-1.322614904e-09,0.0,0.0,0.0,0.7,0.7,6.382572414e+16,12.0,56039589345.6,1126460250090.0,0.0,-8.978532062847567e-09,-1.8047882918239944e-07,0.0,4.530315574880161,12.034831731730769,95.26092203341462,-2.47385096e-10,-0.07446624012890979,True,8.895172912e+16,1.788032143e+18,0.0,1.771527078e+17,3.910383391e+16
75,0.75,2.2631e-09,1.868599183e-09,-1.868599183e-09,0.0,0.0,0.0,0.7,0.7,7.688592254e+16,12.0,72829268442.0,1277621101260.0,0.0,-1.1668535216908598e-08,-2.0469746755441197e-07,0.0,5.325360704371939,13.649798090384616,94.6070385053787,-3.9450081700000014e-10,-0.08318758999894449,True,1.156020134e+17,2.027970002e+18,0.0,2.39243658e+17,4.492534333e+16
76,0.8,3.10414e-09,2.574672108e-09,-2.574672108e-09,0.0,0.0,0.0,0.7,0.7,9.078395691e+16,12.0,93104590320.0,1429721022240.0,0.0,-1.4916999912884657e-08,-2.2906656149715222e-07,0.0,6.219179041834838,15.274797246153845,93.88606354187311,-5.29467892e-10,-0.08121937193852169,True,1.47785064e+17,2.269398448e+18,0.0,3.154548715e+17,5.072291204e+16
77,0.85,4.08276e-09,3.47382997e-09,-3.47382997e-09,0.0,0.0,0.0,0.7,0.7,1.054625674e+17,12.0,117400805676.0,1581791063580.0,0.0,-1.8809682766686177e-08,-2.534308681937884e-07,0.0,7.2176495411910695,16.899477175,93.09078581411737,-6.089300299999998e-10,-0.0701452935452398,True,1.863504852e+17,2.510779466e+18,0.0,4.076283854e+17,5.647661099e+16
78,0.9,5.43103e-09,4.603099424e-09,-4.603099424e-09,0.0,0.0,0.0,0.7,0.7,1.208779021e+17,12.0,146283618348.0,1732935446550.0,0.0,-2.3437219525413925e-08,-2.7764686806927657e-07,0.0,8.326462662163015,18.514267591346155,92.21572295213278,-8.27930576e-10,-0.07183184628323502,True,2.321962196e+17,2.750691185e+18,0.0,5.176993147e+17,6.217517999e+16
79,0.95,7.07586e-09,6.002602739e-09,-6.002602739e-09,0.0,0.0,0.0,0.7,0.7,1.369963862e+17,12.0,180327207753.0,1882416404610.0,0.0,-2.8891603873632023e-08,-3.015963578924432e-07,0.0,9.550869554338032,20.11128637403846,91.25789522884892,-1.073257261e-09,-0.07143962948911664,True,2.862336631e+17,2.987962547e+18,0.0,6.476721195e+17,6.781289555e+16
80,1.0,9.02414e-09,7.713974775e-09,-7.713974775e-09,0.0,0.0,0.0,0.7,0.7,1.537911592e+17,12.0,220088304954.0,2029686982470.0,0.0,-3.526203396139652e-08,-3.2519170576474016e-07,0.0,10.895338324781918,21.684689983653847,90.21732053933253,-1.310165225e-09,-0.06812760993931732,True,3.493465158e+17,3.221725369e+18,0.0,7.995780769e+17,7.338717285e+16
81,1.05,1.11034e-08,9.778843891e-09,-9.778843891e-09,0.0,0.0,0.0,0.7,0.7,1.71234646e+17,12.0,266066309376.0,2174263545510.0,0.0,-4.262852239768422e-08,-3.483554248774118e-07,0.0,12.362808492777672,23.229311383653844,89.09711698017851,-1.3245561090000007e-09,-0.05516847242862166,True,4.223274752e+17,3.451211977e+18,0.0,9.753714526e+17,7.889562094e+16
82,1.1,1.37517e-08,1.223783842e-08,-1.223783842e-08,0.0,0.0,0.0,0.7,0.7,1.892909873e+17,12.0,318655990296.0,2315582451630.0,0.0,-5.1054318193638194e-08,-3.7099720981020206e-07,0.0,13.953782972889536,24.739128756730768,87.90329739235688,-1.5138615800000004e-09,-0.05065167466484333,True,5.058031592e+17,3.675527701e+18,0.0,1.176775983e+18,8.433383157e+16
83,1.15,1.67517e-08,1.512972553e-08,-1.512972553e-08,0.0,0.0,0.0,0.7,0.7,2.079150601e+17,12.0,378118701324.0,2453015312370.0,0.0,-6.058129481397375e-08,-3.930163816323425e-07,0.0,15.665922221306355,26.207428550961538,86.64426694409146,-1.6219744700000019e-09,-0.04422783727403434,True,6.001884148e+17,3.893675099e+18,0.0,1.405163944e+18,8.969557771e+16
84,1.2,2.01276e-08,1.849039748e-08,-1.849039748e-08,0.0,0.0,0.0,0.7,0.7,2.270572289e+17,12.0,444581987094.0,2585978053470.0,0.0,-7.122988716192963e-08,-4.143193613306437e-07,0.0,17.49428050691397,27.627970656730767,85.33003863499562,-1.637202520000003e-09,-0.03684574592761791,True,7.056856938e+17,4.104727069e+18,0.0,1.661510403e+18,9.497449194e+16
85,1.25,2.39e-08,2.235182659e-08,-2.235182659e-08,0.0,0.0,0.0,0.7,0.7,2.466693954e+17,12.0,518059265850.0,2714019967260.0,0.0,-8.300224507720641e-08,-4.3483393757534165e-07,0.0,19.43190262499113,28.995939821153843,83.97133150255391,-1.5481734099999989e-09,-0.029084881509556126,True,8.22316295e+17,4.307968202e+18,0.0,1.946409505e+18,1.001656679e+17
86,1.3,2.78655e-08,2.674114298e-08,-2.674114298e-08,0.0,0.0,0.0,0.7,0.7,2.667097253e+17,12.0,598478770764.0,2836858960530.0,0.0,-9.58868702463123e-08,-4.5451491405146937e-07,0.0,21.470516331279068,30.308322227884616,82.5787501091321,-1.1243570199999983e-09,-0.01788687405256617,True,9.499663028e+17,4.502950731e+18,0.0,2.260127372e+18,1.052665589e+17
87,1.35,3.22621e-08,3.167988058e-08,-3.167988058e-08,0.0,0.0,0.0,0.7,0.7,2.871454287e+17,12.0,685714096620.0,2954376089909.9995,0.0,-1.0986351032089823e-07,-4.7334323393020846e-07,0.0,23.60117421322462,31.563847114423073,81.16216737822991,-5.822194200000016e-10,-0.007909097196727721,True,1.088435074e+18,4.689485857e+18,0.0,2.602671678e+18,1.102772114e+17
88,1.4,3.71207e-08,3.718337542e-08,-3.718337542e-08,0.0,0.0,0.0,0.7,0.7,3.079538494e+17,12.0,779611604310.0,3066589232909.9995,0.0,-1.2490754960207356e-07,-4.913217615044385e-07,0.0,25.814778618943123,32.762705479807686,79.73034593603032,6.267542000000073e-11,0.0007326541743122306,True,1.237478737e+18,4.867601957e+18,0.0,2.9738641e+18,1.152000621e+17
89,1.45,4.2e-08,4.326030037e-08,-4.326030037e-08,0.0,0.0,0.0,0.7,0.7,3.291223245e+17,12.0,880011908370.0,3173619794940.0,0.0,-1.409934517232163e-07,-5.084699480652739e-07,0.0,28.102466745556473,33.90619439038461,78.2907779300368,1.2603003700000013e-09,0.012840240160111094,True,1.396844299e+18,5.037491738e+18,0.0,3.373406248e+18,1.200395068e+17
90,1.5,4.76897e-08,4.991235403e-08,-4.991235403e-08,0.0,0.0,0.0,0.7,0.7,3.506472129e+17,12.0,986763999690.0,3275660082240.0,0.0,-1.580970223575701e-07,-5.248186044691446e-07,0.0,30.455853959896217,34.9963684,76.84969912136947,2.2226540299999962e-09,0.0197834626578528,True,1.566292063e+18,5.199460448e+18,0.0,3.800932585e+18,1.248013794e+17
91,1.55,5.3689699999999997e-08,5.713416407e-08,-5.713416407e-08,0.0,0.0,0.0,0.7,0.7,3.725323566e+17,12.0,1099731510360.0,3372944871869.9995,0.0,-1.7619641295723208e-07,-5.404053461480237e-07,0.0,32.86714495013698,36.03573581057692,75.4122271235798,3.4444640700000038e-09,0.027004900321793812,True,1.745605572e+18,5.353880749e+18,0.0,4.256045862e+18,1.294924116e+17
92,1.6,6.00345e-08,6.491349165e-08,-6.491349165e-08,0.0,0.0,0.0,0.7,0.7,3.947871511e+17,12.0,1218791543130.0,3465728546490.0005,0.0,-1.952719332119689e-07,-5.552709296973061e-07,0.0,35.3291293940388,37.027014385576926,73.98257409909269,4.878991650000002e-09,0.03393407220311051,True,1.934589751e+18,5.501156423e+18,0.0,4.738332709e+18,1.341197134e+17
93,1.65,6.68276e-08,7.323181009e-08,-7.323181009e-08,0.0,0.0,0.0,0.7,0.7,4.174243864e+17,12.0,1343827586430.0,3554268183269.9995,0.0,-2.1530491591027612e-07,-5.694565434204822e-07,0.0,37.835091171280844,37.97295067596153,72.56428519133861,6.4042100900000066e-09,0.03974390438753517,True,2.133059661e+18,5.641695529e+18,0.0,5.247360024e+18,1.386902968e+17
94,1.7,7.32759e-08,8.206526913e-08,-8.206526913e-08,0.0,0.0,0.0,0.7,0.7,4.404580681e+17,12.0,1474719084090.0,3638812467780.0,0.0,-2.3627604582428788e-07,-5.830020311384993e-07,0.0,40.37867021620468,38.87620157884616,71.16045791189651,8.789369130000011e-09,0.049198236789520955,True,2.340823943e+18,5.775892806e+18,0.0,5.782656589e+18,1.432106743e+17
95,1.75,8.07931e-08,9.138596571e-08,-9.138596571e-08,0.0,0.0,0.0,0.7,0.7,4.63901465e+17,12.0,1611330820470.0,3719595798450.0005,0.0,-2.5816365902010826e-07,-5.959449476201163e-07,0.0,42.95372177248802,39.739271350961545,69.77390732126713,1.0592865709999991e-08,0.05350523338903823,True,2.557667969e+18,5.904120315e+18,0.0,6.343687571e+18,1.476865638e+17
96,1.8,8.88621e-08,1.011633659e-07,-1.011633659e-07,0.0,0.0,0.0,0.7,0.7,4.877656055e+17,12.0,1753504961670.0,3796836429330.0005,0.0,-2.8094246771907393e-07,-6.083202610192519e-07,0.0,45.554212156973634,40.56449176634616,68.4072593351943,1.2301265900000002e-08,0.05630669840015656,True,2.783341209e+18,6.026724491e+18,0.0,6.929830597e+18,1.521227186e+17
97,1.85,9.69655e-08,1.113656964e-07,-1.113656964e-07,0.0,0.0,0.0,0.7,0.7,5.120583445e+17,12.0,1901057385780.0,3870737199629.9995,0.0,-3.04582972338984e-07,-6.201604697601778e-07,0.0,48.17417175247302,41.35402991057692,67.06297568895623,1.44001964e-08,0.060134195944245405,True,3.017551406e+18,6.144027301e+18,0.0,7.54036035e+18,1.565228851e+17
98,1.9,1.05552e-07,1.219611561e-07,-1.219611561e-07,0.0,0.0,0.0,0.7,0.7,5.367839954e+17,12.0,2053778481090.0,3941487433800.0,0.0,-3.290515893814409e-07,-6.314959069638982e-07,0.0,50.80770730399978,42.109908480769235,65.74332964966271,1.640915609999999e-08,0.06275506576141598,True,3.259965843e+18,6.25632926e+18,0.0,8.174445037e+18,1.608898624e+17
99,1.95,1.14621e-07,1.329188619e-07,-1.329188619e-07,0.0,0.0,0.0,0.7,0.7,5.619434195e+17,12.0,2211437421270.0,4009264977690.0005,0.0,-3.543113363912008e-07,-6.423550666769449e-07,0.0,53.44905805973573,42.83402753942308,64.45035818399356,1.8297861900000003e-08,0.06432242093499241,True,3.510218129e+18,6.363912663e+18,0.0,8.831154371e+18,1.652256315e+17
100,2.0,1.24345e-07,1.442095081e-07,-1.442095081e-07,0.0,0.0,0.0,0.7,0.7,5.875344164e+17,12.0,2373788441430.0,4074237813869.9995,0.0,-3.8032283749184236e-07,-6.527648626741754e-07,0.0,56.09267554767029,43.52818177211538,63.185813031098505,1.986450810000001e-08,0.0643655687980873,True,3.767918161e+18,6.467044149e+18,0.0,9.509476266e+18,1.69531515e+17
101,2.05,1.33966e-07,1.558057676e-07,-1.558057676e-07,0.0,0.0,0.0,0.7,0.7,6.135522661e+17,12.0,2540577694410.0,4136565114360.0,0.0,-4.0704542188452945e-07,-6.627507971247129e-07,0.0,58.73330682010607,44.19407173461538,61.95112539643283,2.1839767600000014e-08,0.06558894003702065,True,4.032663007e+18,6.565976372e+18,0.0,1.020833852e+19,1.738083393e+17
102,2.1,1.44448e-07,1.676824852e-07,-1.676824852e-07,0.0,0.0,0.0,0.7,0.7,6.399903076e+17,12.0,2711549662290.0,4196397803850.0005,0.0,-4.344381510851629e-07,-6.723370508297386e-07,0.0,61.36606676958388,44.83330987019231,60.7473902258097,2.323448520000001e-08,0.0647761689109263,True,4.304047083e+18,6.660948895e+18,0.0,1.092663202e+19,1.780565807e+17
103,2.15,1.55241e-07,1.798167177e-07,-1.798167177e-07,0.0,0.0,0.0,0.7,0.7,6.668404787e+17,12.0,2886452536590.0,4253878819260.0,0.0,-4.624606809274528e-07,-6.81546524808588e-07,0.0,63.98649203274606,45.447423282692306,59.57536992698302,2.4575717699999992e-08,0.06382363434264171,True,4.581670693e+18,6.752188602e+18,0.0,1.16632329e+19,1.822764857e+17
104,2.2,1.66759e-07,1.92187672e-07,-1.92187672e-07,0.0,0.0,0.0,0.7,0.7,6.940937803e+17,12.0,3065042342880.0,4309143216840.0,0.0,-4.910739223982952e-07,-6.904008574580642e-07,0.0,66.59057353472704,46.03785488076923,58.43551375188909,2.542867200000001e-08,0.06163624399327183,True,4.865146576e+18,6.839909868e+18,0.0,1.241702204e+19,1.864681648e+17
105,2.25,1.78345e-07,2.047765792e-07,-2.047765792e-07,0.0,0.0,0.0,0.7,0.7,7.217406518e+17,12.0,3247085841300.0,4362318255330.0005,0.0,-5.202405063523092e-07,-6.989204378761372e-07,0.0,69.17476917392791,46.605964266346156,57.32798784154403,2.6431579200000006e-08,0.06001934565740896,True,5.15410451e+18,6.924314691e+18,0.0,1.318690114e+19,1.906316609e+17
106,2.3,1.90552e-07,2.17566537e-07,-2.17566537e-07,0.0,0.0,0.0,0.7,0.7,7.497712613e+17,12.0,3432362356080.0,4413523516920.0,0.0,-5.499250766332563e-07,-7.071244252418728e-07,0.0,71.73599982560907,47.15302902692308,56.252711145190524,2.7014536999999995e-08,0.057578587732874276,True,5.448194216e+18,7.005592884e+18,0.0,1.397180527e+19,1.947669971e+17
107,2.35,2.0331e-07,2.305423372e-07,-2.305423372e-07,0.0,0.0,0.0,0.7,0.7,7.781757201e+17,12.0,3620664749520.0,4462871096880.0,0.0,-5.800944461228407e-07,-7.150307791975086e-07,0.0,74.2716321320853,47.680246761538456,55.20939328632455,2.7232337199999984e-08,0.054591951291977026,True,5.747086904e+18,7.083922376e+18,0.0,1.477071198e+19,1.988742075e+17
108,2.4,2.16483e-07,2.436902947e-07,-2.436902947e-07,0.0,0.0,0.0,0.7,0.7,8.069442362e+17,12.0,3811799733210.0005,4510465861230.0,0.0,-6.107176466036496e-07,-7.226563011317392e-07,0.0,76.77945226630408,48.18873783365384,54.19757168340536,2.7207294699999986e-08,0.05141443545091384,True,6.050475767e+18,7.159469621e+18,0.0,1.558264754e+19,2.029533564e+17
109,2.45,2.29103e-07,2.569980831e-07,-2.569980831e-07,0.0,0.0,0.0,0.7,0.7,8.360672184e+17,12.0,4005587719980.0,4556405767410.0,0.0,-6.41765905038929e-07,-7.300166855567141e-07,0.0,79.257633915118,48.67954879711539,53.21664603133161,2.7895083099999978e-08,0.049899107907000584,True,6.358075746e+18,7.232390107e+18,0.0,1.64066907e+19,2.070045482e+17
110,2.5,2.42793e-07,2.70454584e-07,-2.70454584e-07,0.0,0.0,0.0,0.7,0.7,8.655353442e+17,12.0,4201862355180.0,4600782222750.0,0.0,-6.732125684753605e-07,-7.371265775412632e-07,0.0,81.70470316939566,49.153656225961534,52.26590920511646,2.7661584e-08,0.04685818542555342,True,6.669622786e+18,7.302828925e+18,0.0,1.724197452e+19,2.110279317e+17
111,2.55,2.57414e-07,2.840497494e-07,-2.840497494e-07,0.0,0.0,0.0,0.7,0.7,8.953395998e+17,12.0,4400469848250.0,4643680470030.0,0.0,-7.050329969487676e-07,-7.439996344844203e-07,0.0,84.11950267260725,49.61197083365384,51.34457419006196,2.6635749399999997e-08,0.04276224723505884,True,6.984872775e+18,7.370921381e+18,0.0,1.808768669e+19,2.150236998e+17
112,2.6,2.72621e-07,2.977744789e-07,-2.977744789e-07,0.0,0.0,0.0,0.7,0.7,9.254713008e+17,12.0,4601268194670.0,4685179981230.0,0.0,-7.372044388267636e-07,-7.506485892011263e-07,0.0,86.50115591322661,50.05534167980768,50.45179698939023,2.5153478900000036e-08,0.03832816681108664,True,7.303600309e+18,7.436793621e+18,0.0,1.894306867e+19,2.189920871e+17
113,2.65,2.87586e-07,3.11620512e-07,-3.11620512e-07,0.0,0.0,0.0,0.7,0.7,9.559220994e+17,12.0,4804126346250.0,4725354851280.0,0.0,-7.697058978745543e-07,-7.570853130079361e-07,0.0,88.84903323291852,50.48456037692307,49.58669578470642,2.4034511999999993e-08,0.03485829649346606,True,7.625597375e+18,7.500563256e+18,0.0,1.980741408e+19,2.229333664e+17
114,2.7,3.03552e-07,3.255803315e-07,-3.255803315e-07,0.0,0.0,0.0,0.7,0.7,9.866839816e+17,12.0,5008923374490.0,4764274177950.0,0.0,-8.025179992104309e-07,-7.633208765881048e-07,0.0,91.16272032594796,50.90036514903845,48.74836666696192,2.202833150000003e-08,0.030425062387843482,True,7.950672023e+18,7.562339965e+18,0.0,2.068006655e+19,2.268478439e+17
115,2.75,3.1969e-07,3.39647081e-07,-3.39647081e-07,0.0,0.0,0.0,0.7,0.7,1.017749259e+18,12.0,5215547655990.0,4802002427250.0,0.0,-8.356228587940647e-07,-7.693656085351235e-07,0.0,93.44198904307088,51.30344473557692,47.93589637534287,1.9957080999999974e-08,0.02629883490142504,True,8.278647073e+18,7.622226075e+18,0.0,2.156041716e+19,2.307358542e+17
116,2.8,3.36517e-07,3.538144909e-07,-3.538144909e-07,0.0,0.0,0.0,0.7,0.7,1.049110554e+18,12.0,5423896096920.0,4838599778670.0,0.0,-8.690039591729022e-07,-7.752291506662644e-07,0.0,95.6867709376668,51.694442079807686,47.148372455660784,1.729749089999996e-08,0.021768607404404783,True,8.609358884e+18,7.680317109e+18,0.0,2.244790176e+19,2.345977562e+17
117,2.85,3.53414e-07,3.680768153e-07,-3.680768153e-07,0.0,0.0,0.0,0.7,0.7,1.080760791e+18,12.0,5633873404740.0,4874122447110.0,0.0,-9.026460327988452e-07,-7.809205096014541e-07,0.0,97.89713350031532,52.07395776826923,46.38489123738928,1.4662815300000006e-08,0.017654713161485702,True,8.942656198e+18,7.736702297e+18,0.0,2.33419981e+19,2.384339282e+17
118,2.9,3.70828e-07,3.824287757e-07,-3.824287757e-07,0.0,0.0,0.0,0.7,0.7,1.112693173e+18,12.0,5845391415990.0,4908622982760.0,0.0,-9.365349543283351e-07,-7.864481048093457e-07,0.0,100.07325933371804,52.44255323461539,45.64456398096842,1.1600775700000022e-08,0.013378044292447377,True,9.278399073e+18,7.791465052e+18,0.0,2.424222308e+19,2.422447639e+17
119,2.95,3.86621e-07,3.968655124e-07,-3.968655124e-07,0.0,0.0,0.0,0.7,0.7,1.144901169e+18,12.0,6058368474480.0,4942150548930.0,0.0,-9.706576409974081e-07,-7.91819813120592e-07,0.0,102.21542725724792,52.80075372788462,44.92652154332629,1.0244512400000007e-08,0.01135792056838092,True,9.616457896e+18,7.844683411e+18,0.0,2.514812994e+19,2.460306689e+17
120,3.0,4.03448e-07,4.113825418e-07,-4.113825418e-07,0.0,0.0,0.0,0.7,0.7,1.177378501e+18,12.0,6272728864920.0,4974751176570.0,0.0,-1.0050019618792165e-06,-7.970430095064463e-07,0.0,104.32399633388984,53.149051031730764,44.229917796866566,7.934541800000014e-09,0.008458290322157502,True,9.956712484e+18,7.896430439e+18,0.0,2.605930567e+19,2.497920573e+17
