vg_V,measured_A_per_um,atlas_signed_A_per_um,linear_residual_A_per_um,log10_magnitude_residual,active,subthreshold,low_current
-3.0,1.86207e-13,0.0,-1.86207e-13,-27.269996003198656,False,False,True
-2.95,1.80345e-13,0.0,-1.80345e-13,-27.25610410616361,False,False,True
-2.9,1.86207e-13,0.0,-1.86207e-13,-27.269996003198656,False,False,True
-2.85,1.50345e-13,0.0,-1.50345e-13,-27.177088989413473,False,False,True
-2.8,1.38621e-13,0.0,-1.38621e-13,-27.141829027485503,False,False,True
-2.75,1.53448e-13,0.0,-1.53448e-13,-27.18596123232715,False,False,True
-2.7,1.31034e-13,0.0,-1.31034e-13,-27.117383998682605,False,False,True
-2.65,2.00345e-13,0.0,-2.00345e-13,-27.301778508238616,False,False,True
-2.6,8.62069e-14,0.0,-8.62069e-14,-26.93554202814486,False,False,True
-2.55,6.10345e-14,0.0,-6.10345e-14,-26.78557539114489,False,False,True
-2.5,1.0931e-13,0.0,-1.0931e-13,-27.038659894302494,False,False,True
-2.45,1.83793e-13,0.0,-1.83793e-13,-27.264328966684126,False,False,True
-2.4,1.73793e-13,0.0,-1.73793e-13,-27.240032280037873,False,False,True
-2.35,1.58621e-13,0.0,-1.58621e-13,-27.20036068348838,False,False,True
-2.3,1.13448e-13,0.0,-1.13448e-13,-27.05479684401452,False,False,True
-2.25,1.82414e-13,0.0,-1.82414e-13,-27.261058166719483,False,False,True
-2.2,1.96207e-13,0.0,-1.96207e-13,-27.292714497473813,False,False,True
-2.15,1.27241e-13,0.0,-1.27241e-13,-27.10462707361338,False,False,True
-2.1,1.37931e-13,0.0,-1.37931e-13,-27.13966188485537,False,False,True
-2.05,1.47931e-13,0.0,-1.47931e-13,-27.17005919305161,False,False,True
-2.0,1.74483e-13,0.0,-1.74483e-13,-27.24175311974307,False,False,True
-1.95,1e-13,0.0,-1e-13,-27.0,False,False,True
-1.9,1.88966e-13,0.0,-1.88966e-13,-27.276383670095445,False,False,True
-1.85,1.3931e-13,0.0,-1.3931e-13,-27.143982292223978,False,False,True
-1.8,1.39655e-13,0.0,-1.39655e-13,-27.145056489149354,False,False,True
-1.75,2.12759e-13,0.0,-2.12759e-13,-27.327887940402526,False,False,True
-1.7,1.38276e-13,0.0,-1.38276e-13,-27.140746807932462,False,False,True
-1.65,1.90345e-13,0.0,-1.90345e-13,-27.27954147321275,False,False,True
-1.6,1.45172e-13,0.0,-1.45172e-13,-27.161882860040937,False,False,True
-1.55,8.44828e-14,0.0,-8.44828e-14,-26.926768299181187,False,False,True
-1.5,1.42759e-13,0.0,-1.42759e-13,-27.154603497142947,False,False,True
-1.45,1.64138e-13,0.0,-1.64138e-13,-27.21520913729817,False,False,True
-1.4,8.2069e-14,0.0,-8.2069e-14,-26.91417914163419,False,False,True
-1.35,7.10345e-14,0.0,-7.10345e-14,-26.851469327881468,False,False,True
-1.3,1.48621e-13,0.0,-1.48621e-13,-27.172080179140256,False,False,True
-1.25,1.57241e-13,0.0,-1.57241e-13,-27.196565797124016,False,False,True
-1.2,1.57241e-13,0.0,-1.57241e-13,-27.196565797124016,False,False,True
-1.15,2.01034e-13,0.0,-2.01034e-13,-27.303269513956106,False,False,True
-1.1,1.8069e-13,0.0,-1.8069e-13,-27.256934117890243,False,False,True
-1.05,1.52759e-13,0.0,-1.52759e-13,-27.184006806706364,False,False,True
-1.0,1.24138e-13,0.0,-1.24138e-13,-27.093904744142975,False,False,True
-0.95,1.64483e-13,0.0,-1.64483e-13,-27.21612101847012,False,False,True
-0.9,1.19655e-13,0.0,-1.19655e-13,-27.07793085110691,False,False,True
-0.85,1.28276e-13,0.0,-1.28276e-13,-27.108145408966003,False,False,True
-0.8,1.65517e-13,0.0,-1.65517e-13,-27.21884260613005,False,False,True
-0.75,1.79655e-13,0.0,-1.79655e-13,-27.254439308611037,False,False,True
-0.7,2.05172e-13,0.0,-2.05172e-13,-27.31211809194068,False,False,True
-0.65,1.5931e-13,0.0,-1.5931e-13,-27.202243037624807,False,False,True
-0.6,9.58621e-14,0.0,-9.58621e-14,-26.98164693861803,False,False,True
-0.55,7.89655e-14,0.0,-7.89655e-14,-26.897437389616798,False,False,True
-0.5,1.7069e-13,0.0,-1.7069e-13,-27.232208078396315,False,False,True
-0.45,1.80345e-13,0.0,-1.80345e-13,-27.25610410616361,False,False,True
-0.4,1.34483e-13,0.0,-1.34483e-13,-27.12866738862976,False,False,True
-0.35,1.72069e-13,0.0,-1.72069e-13,-27.235702634757388,False,False,True
-0.3,1.64138e-13,2.06464e-21,-1.6413799793536e-13,-7.900364800261342,False,False,True
-0.25,1.59655e-13,1.34202e-20,-1.596549865798e-13,-7.075423535986506,False,False,True
-0.2,2.20345e-13,9.08441e-20,-2.203449091559e-13,-6.3848064733991565,False,False,True
-0.15,8.82759e-14,6.28683e-19,-8.8275271317e-14,-5.147410437121981,False,False,True
-0.1,1.83448e-13,4.35174e-18,-1.8344364826e-13,-4.62485004130809,False,False,True
-0.05,5.86207e-15,3.00911e-17,-5.8319789e-15,-2.289612936168126,False,False,True
0.0,1.83793e-13,2.079e-16,-1.835851e-13,-2.946474477352655,False,False,True
0.05,1.38621e-13,1.43282e-15,-1.3718818e-13,-1.9856373925081412,False,False,True
0.1,1.12759e-13,9.79206e-15,-1.0296694e-13,-1.0612771497768405,False,False,True
0.15,4.10345e-14,6.51016e-14,2.4067099999999997e-14,0.2004425163711325,False,False,True
0.2,6.45172e-13,3.99539e-13,-2.45633e-13,-0.2081163327696827,False,False,True
0.25,2.28379e-12,2.052e-12,-2.3178999999999976e-13,-0.04647881054463341,True,True,False
0.3,8.4e-12,8.07972e-12,-3.2028000000000033e-13,-0.0168829753568444,True,True,False
0.35,2.09586e-11,2.42834e-11,3.3247999999999997e-12,0.06394722455888366,True,True,False
0.4,6.04138e-11,5.87491e-11,-1.6646999999999963e-12,-0.012134935639135026,True,True,False
0.45,1.2669e-10,1.21236e-10,-5.454e-12,-0.019110737107720953,True,True,False
0.5,2.42966e-10,2.2304e-10,-1.9925999999999994e-11,-0.03716274744585236,True,True,False
0.55,4.15172e-10,3.77215e-10,-3.7956999999999965e-11,-0.04163910198983704,True,True,False
0.6,6.82414e-10,5.98952e-10,-8.346199999999995e-11,-0.05665590854461284,True,True,False
0.65,1.05345e-09,9.06056e-10,-1.4739399999999987e-10,-0.06545888681569474,True,True,False
0.7,1.57e-09,1.31946e-09,-2.5054000000000005e-10,-0.07550342347847025,True,True,False
0.75,2.2631e-09,1.86373e-09,-3.9937000000000004e-10,-0.084320748626864,True,True,False
0.8,3.10414e-09,2.56752e-09,-5.366200000000002e-10,-0.08242746489813231,True,True,False
0.85,4.08276e-09,3.46373e-09,-6.190299999999997e-10,-0.07140982008087411,True,False,False
0.9,5.43103e-09,4.58933e-09,-8.416999999999997e-10,-0.07313291459909756,True,False,False
0.95,7.07586e-09,5.98442e-09,-1.0914400000000001e-09,-0.07275716586858079,True,False,False
1.0,9.02414e-09,7.6906e-09,-1.3335399999999995e-09,-0.06944560069696538,True,False,False
1.05,1.11034e-08,9.74946e-09,-1.3539400000000008e-09,-0.05647542375631329,True,False,False
1.1,1.37517e-08,1.22016e-08,-1.5500999999999994e-09,-0.05193960584416629,True,False,False
1.15,1.67517e-08,1.50856e-08,-1.666100000000002e-09,-0.04549629872378614,True,False,False
1.2,2.01276e-08,1.84371e-08,-1.6905000000000011e-09,-0.03809938178790825,True,False,False
1.25,2.39e-08,2.2288e-08,-1.6119999999999982e-09,-0.030326801868249365,True,False,False
1.3,2.78655e-08,2.6665e-08,-1.200499999999998e-09,-0.019125252134592746,True,False,False
1.35,3.22621e-08,3.15894e-08,-6.726999999999991e-10,-0.009151255888635983,True,False,False
1.4,3.71207e-08,3.70762e-08,-4.450000000000414e-11,-0.0005209410841137764,True,False,False
1.45,4.2e-08,4.3134e-08,1.134000000000002e-09,0.011570443597278254,True,False,False
1.5,4.76897e-08,4.97642e-08,2.0744999999999965e-09,0.018492436383732713,True,False,False
1.55,5.3689699999999997e-08,5.69615e-08,3.2718000000000002e-09,0.025690440027805034,True,False,False
1.6,6.00345e-08,6.47136e-08,4.679100000000004e-09,0.03259466223441904,True,False,False
1.65,6.68276e-08,7.30019e-08,6.1743000000000026e-09,0.03837829907492067,True,False,False
1.7,7.32759e-08,8.18027e-08,8.52680000000001e-09,0.047806477039609434,True,False,False
1.75,8.07931e-08,9.10882e-08,1.0295099999999993e-08,0.05208784787548053,True,False,False
1.8,8.88621e-08,1.00828e-07,1.1965899999999997e-08,0.054864580387141655,True,False,False
1.85,9.69655e-08,1.10991e-07,1.4025500000000009e-08,0.05867052306573611,True,False,False
1.9,1.05552e-07,1.21545e-07,1.599299999999999e-08,0.06127063122641694,True,False,False
1.95,1.14621e-07,1.32461e-07,1.7840000000000006e-08,0.06282383628337594,True,False,False
2.0,1.24345e-07,1.43708e-07,1.9363000000000013e-08,0.06285261863281086,True,False,False
2.05,1.33966e-07,1.55262e-07,2.1296000000000008e-08,0.0640705859466342,True,False,False
2.1,1.44448e-07,1.67096e-07,2.2648000000000005e-08,0.06325452066944402,True,False,False
2.15,1.55241e-07,1.79189e-07,2.3947999999999997e-08,0.06230491417927721,True,False,False
2.2,1.66759e-07,1.91519e-07,2.4760000000000018e-08,0.06012258329896761,True,False,False
2.25,1.78345e-07,2.0407e-07,2.5725e-08,0.05851822631969499,True,False,False
2.3,1.90552e-07,2.16823e-07,2.627100000000001e-08,0.056091837689189815,True,False,False
2.35,2.0331e-07,2.29764e-07,2.645399999999998e-08,0.05312324297378455,True,False,False
2.4,2.16483e-07,2.42879e-07,2.6395999999999994e-08,0.04996616840338106,True,False,False
2.45,2.29103e-07,2.56156e-07,2.705299999999997e-08,0.04847375679336984,True,False,False
2.5,2.42793e-07,2.69584e-07,2.6791000000000018e-08,0.045457951568338935,True,False,False
2.55,2.57414e-07,2.83152e-07,2.5738000000000015e-08,0.04138747031823359,True,False,False
2.6,2.72621e-07,2.96852e-07,2.4231000000000027e-08,0.03698067277388069,True,False,False
2.65,2.87586e-07,3.10675e-07,2.3089000000000002e-08,0.03353856671157511,True,False,False
2.7,3.03552e-07,3.24614e-07,2.1062000000000007e-08,0.029134147574209665,True,False,False
2.75,3.1969e-07,3.38661e-07,1.8970999999999992e-08,0.025036134807807045,True,False,False
2.8,3.36517e-07,3.5281e-07,1.6292999999999973e-08,0.02053387763078639,True,False,False
2.85,3.53414e-07,3.67055e-07,1.3640999999999983e-08,0.016447394901357066,True,False,False
2.9,3.70828e-07,3.81391e-07,1.0562999999999987e-08,0.012197921568137154,True,False,False
2.95,3.86621e-07,3.95813e-07,9.192000000000047e-09,0.01020461418014961,True,False,False
3.0,4.03448e-07,4.10316e-07,6.868000000000006e-09,0.007330885428475996,True,False,False
