thickness_nm,run,vg_V,id_measured_A_per_um,id_atlas_A_per_um,i_parallel_strip_A_per_um,id_total_A_per_um,log10_total_over_measured
2.0,run_0058_2p0_v2_anchor_2p0,-3.0,1.86897e-16,-3.1222904939563473e-19,2.107684181281318e-15,2.1073719522319224e-15,1.0521388652687587
2.0,run_0058_2p0_v2_anchor_2p0,-2.95,1.07931e-16,-3.9950369182630724e-19,2.107684181281318e-15,2.1072846775894917e-15,1.2905770084455979
2.0,run_0058_2p0_v2_anchor_2p0,-2.9,4.11724e-16,-4.867783342569805e-19,2.107684181281318e-15,2.107197402947061e-15,0.7090990389619944
2.0,run_0058_2p0_v2_anchor_2p0,-2.85,4.40345e-16,-5.740529766876531e-19,2.107684181281318e-15,2.1071101283046302e-15,0.6798941652330738
2.0,run_0058_2p0_v2_anchor_2p0,-2.8,1.00897e-15,-6.613276191183264e-19,2.107684181281318e-15,2.1070228536621995e-15,0.31979099275144623
2.0,run_0058_2p0_v2_anchor_2p0,-2.75,1.62931e-15,-4.115213702441436e-19,2.107684181281318e-15,2.107272659911074e-15,0.11171700955443647
2.0,run_0058_2p0_v2_anchor_2p0,-2.7,1.66621e-15,-1.6171512136996086e-19,2.107684181281318e-15,2.107522466159948e-15,0.10204247627175521
2.0,run_0058_2p0_v2_anchor_2p0,-2.65,1.94379e-15,8.809112750422414e-20,2.107684181281318e-15,2.107772272408822e-15,0.03517434357213208
2.0,run_0058_2p0_v2_anchor_2p0,-2.6,2.04069e-15,3.3789737637840696e-19,2.107684181281318e-15,2.1080220786576963e-15,0.014098118896014677
2.0,run_0058_2p0_v2_anchor_2p0,-2.55,2.15172e-15,2.975248797017694e-20,2.107684181281318e-15,2.107713933769288e-15,-0.008974090011130007
2.0,run_0058_2p0_v2_anchor_2p0,-2.5,2.39276e-15,-2.7839240043805033e-19,2.107684181281318e-15,2.1074057888808797e-15,-0.05515097125111238
2.0,run_0058_2p0_v2_anchor_2p0,-2.45,2.56276e-15,-5.865372888462777e-19,2.107684181281318e-15,2.107097643992472e-15,-0.08502327532466675
2.0,run_0058_2p0_v2_anchor_2p0,-2.4,2.59828e-15,-8.946821772545077e-19,2.107684181281318e-15,2.1067894991040636e-15,-0.09106480536295432
2.0,run_0058_2p0_v2_anchor_2p0,-2.35,2.87724e-15,-7.396179503919658e-19,2.107684181281318e-15,2.106944563330926e-15,-0.13532298046363775
2.0,run_0058_2p0_v2_anchor_2p0,-2.3,3.19138e-15,-5.845537235294226e-19,2.107684181281318e-15,2.1070996275577887e-15,-0.1802934487028359
2.0,run_0058_2p0_v2_anchor_2p0,-2.25,3.15552e-15,-4.294894966668807e-19,2.107684181281318e-15,2.107254691784651e-15,-0.17535390765836176
2.0,run_0058_2p0_v2_anchor_2p0,-2.2,3.41034e-15,-2.7442526980433883e-19,2.107684181281318e-15,2.1074097560115135e-15,-0.2090486926868832
2.0,run_0058_2p0_v2_anchor_2p0,-2.15,3.36448e-15,1.8528310062784826e-19,2.107684181281318e-15,2.1078694643819458e-15,-0.20307423851016515
2.0,run_0058_2p0_v2_anchor_2p0,-2.1,3.36552e-15,6.449914710600315e-19,2.107684181281318e-15,2.108329172752378e-15,-0.20311375765522333
2.0,run_0058_2p0_v2_anchor_2p0,-2.05,3.54207e-15,1.1046998414922185e-18,2.107684181281318e-15,2.10878888112281e-15,-0.22522403662112223
2.0,run_0058_2p0_v2_anchor_2p0,-2.0,3.63517e-15,1.5644082119244014e-18,2.107684181281318e-15,2.1092485894932424e-15,-0.2363969582478694
2.0,run_0058_2p0_v2_anchor_2p0,-1.95,3.80379e-15,1.2566139186859266e-18,2.107684181281318e-15,2.108940795200004e-15,-0.2561521444985285
2.0,run_0058_2p0_v2_anchor_2p0,-1.9,3.74103e-15,9.488196254474518e-19,2.107684181281318e-15,2.1086330009067656e-15,-0.24899019178997706
2.0,run_0058_2p0_v2_anchor_2p0,-1.85,3.76655e-15,6.410253322089784e-19,2.107684181281318e-15,2.1083252066135268e-15,-0.25200613585023535
2.0,run_0058_2p0_v2_anchor_2p0,-1.8,3.91483e-15,3.3323103897050373e-19,2.107684181281318e-15,2.1080174123202884e-15,-0.2688387138835285
2.0,run_0058_2p0_v2_anchor_2p0,-1.75,4.13931e-15,1.229783222427475e-19,2.107684181281318e-15,2.1078071596035607e-15,-0.2930970773253822
2.0,run_0058_2p0_v2_anchor_2p0,-1.7,4.06276e-15,-8.727439448500876e-20,2.107684181281318e-15,2.107596906886833e-15,-0.2850336154145519
2.0,run_0058_2p0_v2_anchor_2p0,-1.65,4.26966e-15,-2.97527111212765e-19,2.107684181281318e-15,2.1073866541701052e-15,-0.30664906743469716
2.0,run_0058_2p0_v2_anchor_2p0,-1.6,4.22793e-15,-5.077798279405203e-19,2.107684181281318e-15,2.1071764014533775e-15,-0.3024268943461512
2.0,run_0058_2p0_v2_anchor_2p0,-1.55,4.33483e-15,-7.693706863078085e-19,2.107684181281318e-15,2.1069148105950102e-15,-0.3133250942946844
2.0,run_0058_2p0_v2_anchor_2p0,-1.5,4.33207e-15,-1.0309615446750965e-18,2.107684181281318e-15,2.106653219736643e-15,-0.31310241414573126
2.0,run_0058_2p0_v2_anchor_2p0,-1.45,4.18345e-15,-1.2925524030423846e-18,2.107684181281318e-15,2.1063916288782757e-15,-0.29799546257790205
2.0,run_0058_2p0_v2_anchor_2p0,-1.4,4.13483e-15,-1.5541432614096729e-18,2.107684181281318e-15,2.1061300380199084e-15,-0.2929724764460002
2.0,run_0058_2p0_v2_anchor_2p0,-1.35,4.73793e-15,-1.261282983496142e-18,2.107684181281318e-15,2.106422898297822e-15,-0.35204307279042146
2.0,run_0058_2p0_v2_anchor_2p0,-1.3,4.74931e-15,-9.6842270558261e-19,2.107684181281318e-15,2.1067157585757353e-15,-0.3530245741925797
2.0,run_0058_2p0_v2_anchor_2p0,-1.25,4.75655e-15,-6.755624276690776e-19,2.107684181281318e-15,2.1070086188536488e-15,-0.3536257542113048
2.0,run_0058_2p0_v2_anchor_2p0,-1.2,4.65069e-15,-3.8270214975554535e-19,2.107684181281318e-15,2.1073014791315622e-15,-0.34379071981624715
2.0,run_0058_2p0_v2_anchor_2p0,-1.15,4.38448e-15,1.9251765922974918e-19,2.107684181281318e-15,2.1078766989405476e-15,-0.3180728903036059
2.0,run_0058_2p0_v2_anchor_2p0,-1.1,4.72207e-15,7.677374682150412e-19,2.107684181281318e-15,2.108451918749533e-15,-0.3501687189858033
2.0,run_0058_2p0_v2_anchor_2p0,-1.05,4.71103e-15,1.3429572772003357e-18,2.107684181281318e-15,2.1090271385585184e-15,-0.34903370165522823
2.0,run_0058_2p0_v2_anchor_2p0,-1.0,4.60552e-15,1.91817708618563e-18,2.107684181281318e-15,2.1096023583675034e-15,-0.33907807032545134
2.0,run_0058_2p0_v2_anchor_2p0,-0.95,4.95862e-15,3.7523402633758334e-19,2.107684181281318e-15,2.1080594153076556e-15,-0.37147798051383024
2.0,run_0058_2p0_v2_anchor_2p0,-0.9,4.77966e-15,-1.2507767818497496e-19,2.107684181281318e-15,2.107559103603133e-15,-0.35561724161374886
2.0,run_0058_2p0_v2_anchor_2p0,-0.85,2.41379e-15,1.2003743871484444e-18,2.107684181281318e-15,2.1088845556684666e-15,-0.0586466774479594
2.0,run_0058_2p0_v2_anchor_2p0,-0.8,5.51414e-15,-3.687001621838604e-19,2.107684181281318e-15,2.1073154811191342e-15,-0.4177482306754346
2.0,run_0058_2p0_v2_anchor_2p0,-0.75,5.08517e-15,6.533933578509032e-19,2.107684181281318e-15,2.108337574639169e-15,-0.38236532741059986
2.0,run_0058_2p0_v2_anchor_2p0,-0.7,5.06931e-15,-1.2610516501910625e-18,2.107684181281318e-15,2.106423129631127e-15,-0.3814032352393821
2.0,run_0058_2p0_v2_anchor_2p0,-0.65,5.15483e-15,-2.031121295327398e-18,2.107684181281318e-15,2.1056530599859907e-15,-0.3888275315708861
2.0,run_0058_2p0_v2_anchor_2p0,-0.6,5.18e-15,-2.886127207331498e-18,2.107684181281318e-15,2.1047980540739863e-15,-0.3911193261809467
2.0,run_0058_2p0_v2_anchor_2p0,-0.55,4.75e-15,1.0547608572380614e-18,2.107684181281318e-15,2.108738942138556e-15,-0.3526707913866883
2.0,run_0058_2p0_v2_anchor_2p0,-0.5,5.02793e-15,-3.1232227696552696e-18,2.107684181281318e-15,2.1045609585116627e-15,-0.3782277131221825
2.0,run_0058_2p0_v2_anchor_2p0,-0.45,5.09172e-15,-2.889866227953771e-18,2.107684181281318e-15,2.104794315053364e-15,-0.38365485117482595
2.0,run_0058_2p0_v2_anchor_2p0,-0.4,5.11276e-15,-7.654003323804569e-19,2.107684181281318e-15,2.1069187809489375e-15,-0.3850076123951141
2.0,run_0058_2p0_v2_anchor_2p0,-0.35,5.17e-15,-3.690720806807709e-18,2.107684181281318e-15,2.1039934604745104e-15,-0.3904461574621689
2.0,run_0058_2p0_v2_anchor_2p0,-0.3,5.16379e-15,1.008236332731209e-18,2.107684181281318e-15,2.108692417614049e-15,-0.38895533573726054
2.0,run_0058_2p0_v2_anchor_2p0,-0.25,5.17621e-15,2.1756041930071734e-19,2.107684181281318e-15,2.1079017417006187e-15,-0.3901615247501382
2.0,run_0058_2p0_v2_anchor_2p0,-0.2,5.28552e-15,-1.294316040554734e-18,2.107684181281318e-15,2.1063898652407634e-15,-0.39954896397962314
2.0,run_0058_2p0_v2_anchor_2p0,-0.15,5.18069e-15,-1.5661239959234817e-18,2.107684181281318e-15,2.1061180572853947e-15,-0.3909048942604932
2.0,run_0058_2p0_v2_anchor_2p0,-0.1,5.42793e-15,2.4969120208580567e-18,2.107684181281318e-15,2.110181093302176e-15,-0.41031451070151864
2.0,run_0058_2p0_v2_anchor_2p0,-0.05,5.23e-15,1.9776542922115506e-17,2.107684181281318e-15,2.1274607242034334e-15,-0.39064013769897793
2.0,run_0058_2p0_v2_anchor_2p0,0.0,5.36552e-15,1.4489250391771268e-16,2.107684181281318e-15,2.2525766851990306e-15,-0.3769322333115681
2.0,run_0058_2p0_v2_anchor_2p0,0.05,5.27759e-15,9.560001318944705e-16,2.107684181281318e-15,3.0636843131757885e-15,-0.23619163528695086
2.0,run_0058_2p0_v2_anchor_2p0,0.1,4.54483e-15,6.1020122307636855e-15,2.107684181281318e-15,8.209696412045003e-15,0.2568094545404094
2.0,run_0058_2p0_v2_anchor_2p0,0.15,1.92169e-14,3.7610580329434145e-14,2.107684181281318e-15,3.9718264510715464e-14,0.3153069335577848
2.0,run_0058_2p0_v2_anchor_2p0,0.2,1.36897e-13,2.2039691770382109e-13,2.107684181281318e-15,2.225046018851024e-13,0.21094506659118165
2.0,run_0058_2p0_v2_anchor_2p0,0.25,7.18586e-13,1.1583128846045175e-12,2.107684181281318e-15,1.1604205687857987e-12,0.20813666647329526
2.0,run_0058_2p0_v2_anchor_2p0,0.3,3.10103e-12,4.973899128108297e-12,2.107684181281318e-15,4.976006812289579e-12,0.20537499853269944
2.0,run_0058_2p0_v2_anchor_2p0,0.35,1.11255e-11,1.6590242775384222e-11,2.107684181281318e-15,1.6592350459565503e-11,0.1735883741361221
2.0,run_0058_2p0_v2_anchor_2p0,0.4,3.19559e-11,4.3981395414111543e-11,2.107684181281318e-15,4.3983503098292824e-11,0.13873876265864268
2.0,run_0058_2p0_v2_anchor_2p0,0.45,7.71552e-11,9.759895113750846e-11,2.107684181281318e-15,9.760105882168974e-11,0.10208932775338
2.0,run_0058_2p0_v2_anchor_2p0,0.5,1.65197e-10,1.8999877922300623e-10,2.107684181281318e-15,1.900008869071875e-10,0.06075347199636711
2.0,run_0058_2p0_v2_anchor_2p0,0.55,3.15345e-10,3.359157946268681e-10,2.107684181281318e-15,3.359179023110494e-10,0.027447200259763126
2.0,run_0058_2p0_v2_anchor_2p0,0.6,5.53034e-10,5.526599767996993e-10,2.107684181281318e-15,5.526620844838806e-10,-0.00029216140808127654
2.0,run_0058_2p0_v2_anchor_2p0,0.65,9.01207e-10,8.607106458553772e-10,2.107684181281318e-15,8.607127535395585e-10,-0.019966318251203565
2.0,run_0058_2p0_v2_anchor_2p0,0.7,1.39931e-09,1.2844676387565451e-09,2.107684181281318e-15,1.2844697464407263e-09,-0.03719005814155523
2.0,run_0058_2p0_v2_anchor_2p0,0.75,2.08328e-09,1.8530863903130073e-09,2.107684181281318e-15,1.8530884979971885e-09,-0.05085148411595458
2.0,run_0058_2p0_v2_anchor_2p0,0.8,3.00317e-09,2.6012574743512553e-09,2.107684181281318e-15,2.6012595820354367e-09,-0.06239622394258819
2.0,run_0058_2p0_v2_anchor_2p0,0.85,4.14655e-09,3.569891925531439e-09,2.107684181281318e-15,3.5698940332156203e-09,-0.06503158162369181
2.0,run_0058_2p0_v2_anchor_2p0,0.9,5.59276e-09,4.806277941007399e-09,2.107684181281318e-15,4.80628004869158e-09,-0.06581711066523092
2.0,run_0058_2p0_v2_anchor_2p0,0.95,7.43448e-09,6.3635651534442885e-09,2.107684181281318e-15,6.3635672611284695e-09,-0.06754995862586533
2.0,run_0058_2p0_v2_anchor_2p0,1.0,9.67207e-09,8.299048847019485e-09,2.107684181281318e-15,8.299050954703666e-09,-0.06649099991148057
2.0,run_0058_2p0_v2_anchor_2p0,1.05,1.23459e-08,1.0671680582949943e-08,2.107684181281318e-15,1.0671682690634124e-08,-0.06328985137108359
2.0,run_0058_2p0_v2_anchor_2p0,1.1,1.5501e-08,1.35399160311234e-08,2.107684181281318e-15,1.3539918138807582e-08,-0.05874367761572751
2.0,run_0058_2p0_v2_anchor_2p0,1.15,1.89248e-08,1.6960177706977824e-08,2.107684181281318e-15,1.6960179814662007e-08,-0.04760084610219316
2.0,run_0058_2p0_v2_anchor_2p0,1.2,2.31034e-08,2.0985426804473263e-08,2.107684181281318e-15,2.0985428912157446e-08,-0.04175804732353351
2.0,run_0058_2p0_v2_anchor_2p0,1.25,2.78614e-08,2.5663863960809305e-08,2.107684181281318e-15,2.5663866068493487e-08,-0.03568085521691322
2.0,run_0058_2p0_v2_anchor_2p0,1.3,3.30679e-08,3.103714404763993e-08,2.107684181281318e-15,3.1037146155324106e-08,-0.027524834279166476
2.0,run_0058_2p0_v2_anchor_2p0,1.35,3.89934e-08,3.713888849708584e-08,2.107684181281318e-15,3.713889060477002e-08,-0.021162178257805402
2.0,run_0058_2p0_v2_anchor_2p0,1.4,4.51207e-08,4.399418941040526e-08,2.107684181281318e-15,4.399419151808944e-08,-0.01098048757427035
2.0,run_0058_2p0_v2_anchor_2p0,1.45,5.23069e-08,5.161792352747461e-08,2.107684181281318e-15,5.161792563515879e-08,-0.005758434459478145
2.0,run_0058_2p0_v2_anchor_2p0,1.5,6.00793e-08,6.001465304852266e-08,2.107684181281318e-15,6.001465515620684e-08,-0.0004675489556144338
2.0,run_0058_2p0_v2_anchor_2p0,1.55,6.85103e-08,6.955277564202244e-08,2.107684181281318e-15,6.955277774970662e-08,0.006558609963438281
2.0,run_0058_2p0_v2_anchor_2p0,1.6,7.75138e-08,7.909089823552224e-08,2.107684181281318e-15,7.909090034320642e-08,0.008747491367234995
2.0,run_0058_2p0_v2_anchor_2p0,1.65,8.71862e-08,9.00693371947239e-08,2.107684181281318e-15,9.006933930240808e-08,0.01412922761396222
2.0,run_0058_2p0_v2_anchor_2p0,1.7,9.74069e-08,1.0104777615392561e-07,2.107684181281318e-15,1.0104777826160979e-07,0.015937047089270708
2.0,run_0058_2p0_v2_anchor_2p0,1.75,1.08228e-07,1.1331017694272805e-07,2.107684181281318e-15,1.1331017905041223e-07,0.019929292837510784
2.0,run_0058_2p0_v2_anchor_2p0,1.8,1.1961e-07,1.2557257773153049e-07,2.107684181281318e-15,1.2557257983921466e-07,0.021127326371067838
2.0,run_0058_2p0_v2_anchor_2p0,1.85,1.30845e-07,1.3892246820529912e-07,2.107684181281318e-15,1.389224703129833e-07,0.026015365780397256
2.0,run_0058_2p0_v2_anchor_2p0,1.9,1.43272e-07,1.5227235867906772e-07,2.107684181281318e-15,1.522723607867519e-07,0.026459757515701787
2.0,run_0058_2p0_v2_anchor_2p0,1.95,1.563e-07,1.6650741517548322e-07,2.107684181281318e-15,1.665074172831674e-07,0.027474606450185658
2.0,run_0058_2p0_v2_anchor_2p0,2.0,1.69772e-07,1.8074247167189873e-07,2.107684181281318e-15,1.807424737795829e-07,0.027194157177704577
2.0,run_0058_2p0_v2_anchor_2p0,2.05,1.83776e-07,1.956782226164935e-07,2.107684181281318e-15,1.9567822472417768e-07,0.02725370500533
2.0,run_0058_2p0_v2_anchor_2p0,2.1,1.982e-07,2.1061397356108838e-07,2.107684181281318e-15,2.1061397566877256e-07,0.026383536047059435
2.0,run_0058_2p0_v2_anchor_2p0,2.15,2.13045e-07,2.260971885331353e-07,2.107684181281318e-15,2.2609719064081948e-07,0.025823819971532394
2.0,run_0058_2p0_v2_anchor_2p0,2.2,2.28297e-07,2.415804035051824e-07,2.107684181281318e-15,2.415804056128666e-07,0.024561501550170256
2.0,run_0058_2p0_v2_anchor_2p0,2.25,2.43897e-07,2.574895891290242e-07,2.107684181281318e-15,2.574895912367084e-07,0.023553219399732928
2.0,run_0058_2p0_v2_anchor_2p0,2.3,2.59966e-07,2.73398774752866e-07,2.107684181281318e-15,2.733987768605502e-07,0.021880015374963462
2.0,run_0058_2p0_v2_anchor_2p0,2.35,2.76097e-07,2.8964119934993964e-07,2.107684181281318e-15,2.8964120145762385e-07,0.020798652573469068
2.0,run_0058_2p0_v2_anchor_2p0,2.4,2.91893e-07,3.058836239470131e-07,2.107684181281318e-15,3.058836260546973e-07,0.020332549703291437
2.0,run_0058_2p0_v2_anchor_2p0,2.45,3.09021e-07,3.2238936683989934e-07,2.107684181281318e-15,3.2238936894758354e-07,0.018392718573474624
2.0,run_0058_2p0_v2_anchor_2p0,2.5,3.26279e-07,3.3889510973278545e-07,2.107684181281318e-15,3.3889511184046966e-07,0.016476182115748635
2.0,run_0058_2p0_v2_anchor_2p0,2.55,3.43986e-07,3.5561259822324585e-07,2.107684181281318e-15,3.5561260033093006e-07,0.014436373380425449
2.0,run_0058_2p0_v2_anchor_2p0,2.6,3.61334e-07,3.7233008671370646e-07,2.107684181281318e-15,3.7233008882139067e-07,0.013019305174888413
2.0,run_0058_2p0_v2_anchor_2p0,2.65,3.79462e-07,3.892191536040749e-07,2.107684181281318e-15,3.8921915571175913e-07,0.011025914863276826
2.0,run_0058_2p0_v2_anchor_2p0,2.7,3.96379e-07,4.0610822049444355e-07,2.107684181281318e-15,4.0610822260212775e-07,0.010531145201596532
2.0,run_0058_2p0_v2_anchor_2p0,2.75,4.14379e-07,4.231386164136381e-07,2.107684181281318e-15,4.231386185213223e-07,0.009084925808590502
2.0,run_0058_2p0_v2_anchor_2p0,2.8,4.3331e-07,4.401690123328326e-07,2.107684181281318e-15,4.401690144405168e-07,0.006820755399655725
2.0,run_0058_2p0_v2_anchor_2p0,2.85,4.51931e-07,4.573179262797093e-07,2.107684181281318e-15,4.573179283873935e-07,0.005146094921871266
2.0,run_0058_2p0_v2_anchor_2p0,2.9,4.71241e-07,4.744668402265859e-07,2.107684181281318e-15,4.744668423342701e-07,0.0029627986489538334
2.0,run_0058_2p0_v2_anchor_2p0,2.95,4.89931e-07,4.91716420113293e-07,2.107684181281318e-15,4.917164222209772e-07,0.001579793021209863
2.0,run_0058_2p0_v2_anchor_2p0,3.0,5.08966e-07,5.08966e-07,2.107684181281318e-15,5.089660021076842e-07,1.798461174556149e-09
6.3,run_0060_6p3_v2_T3_prediction_6p3,-3.0,1.86207e-13,-8.187687936373982e-22,9.827818804451486e-14,9.827818722574607e-14,-0.277538866024682
6.3,run_0060_6p3_v2_T3_prediction_6p3,-2.95,1.80345e-13,8.131154815681389e-22,9.827818804451486e-14,9.827818885763035e-14,-0.2636469617782843
6.3,run_0060_6p3_v2_T3_prediction_6p3,-2.9,1.86207e-13,2.4449997567736906e-21,9.827818804451486e-14,9.827819048951462e-14,-0.27753885160198366
6.3,run_0060_6p3_v2_T3_prediction_6p3,-2.85,1.50345e-13,4.076884031979227e-21,9.827818804451486e-14,9.82781921213989e-14,-0.1846318306054521
6.3,run_0060_6p3_v2_T3_prediction_6p3,-2.8,1.38621e-13,5.708768307184779e-21,9.827818804451486e-14,9.827819375328317e-14,-0.14937186146613268
6.3,run_0060_6p3_v2_T3_prediction_6p3,-2.75,1.53448e-13,5.4111037258813164e-21,9.827818804451486e-14,9.827819345561858e-14,-0.1935040676231665
6.3,run_0060_6p3_v2_T3_prediction_6p3,-2.7,1.31034e-13,5.113439144577853e-21,9.827818804451486e-14,9.827819315795401e-14,-0.12492683529401173
6.3,run_0060_6p3_v2_T3_prediction_6p3,-2.65,2.00345e-13,4.815774563274386e-21,9.827818804451486e-14,9.827819286028943e-14,-0.3093213461654126
6.3,run_0060_6p3_v2_T3_prediction_6p3,-2.6,8.62069e-14,4.5181099819709235e-21,9.827818804451486e-14,9.827819256262485e-14,0.05691513261295414
6.3,run_0060_6p3_v2_T3_prediction_6p3,-2.55,6.10345e-14,7.193157689848747e-21,9.827818804451486e-14,9.827819523767255e-14,0.2068817814340456
6.3,run_0060_6p3_v2_T3_prediction_6p3,-2.5,1.0931e-13,9.868205397726546e-21,9.827818804451486e-14,9.827819791272026e-14,-0.04620270990243906
6.3,run_0060_6p3_v2_T3_prediction_6p3,-2.45,1.83793e-13,1.2543253105604347e-20,9.827818804451486e-14,9.827820058776797e-14,-0.2718717704629465
6.3,run_0060_6p3_v2_T3_prediction_6p3,-2.4,1.73793e-13,1.5218300813482167e-20,9.827818804451486e-14,9.827820326281568e-14,-0.24757507199557396
6.3,run_0060_6p3_v2_T3_prediction_6p3,-2.35,1.58621e-13,7.646538228547334e-21,9.827818804451486e-14,9.827819569105309e-14,-0.20790350890594284
6.3,run_0060_6p3_v2_T3_prediction_6p3,-2.3,1.13448e-13,7.477564361243038e-23,9.827818804451486e-14,9.827818811929051e-14,-0.062339702891942676
6.3,run_0060_6p3_v2_T3_prediction_6p3,-2.25,1.82414e-13,-7.496986941322406e-21,9.827818804451486e-14,9.827818054752792e-14,-0.2686010590567707
6.3,run_0060_6p3_v2_T3_prediction_6p3,-2.2,1.96207e-13,-1.506874952625724e-20,9.827818804451486e-14,9.827817297576534e-14,-0.30025742327096705
6.3,run_0060_6p3_v2_T3_prediction_6p3,-2.15,1.27241e-13,-7.083457513138174e-21,9.827818804451486e-14,9.827818096105735e-14,-0.11216996412326455
6.3,run_0060_6p3_v2_T3_prediction_6p3,-2.1,1.37931e-13,9.018344999808205e-22,9.827818804451486e-14,9.827818894634936e-14,-0.14720474007799522
6.3,run_0060_6p3_v2_T3_prediction_6p3,-2.05,1.47931e-13,8.887126513099888e-21,9.827818804451486e-14,9.827819693164138e-14,-0.17760201298697323
6.3,run_0060_6p3_v2_T3_prediction_6p3,-2.0,1.74483e-13,1.6872418526218882e-20,9.827818804451486e-14,9.827820491693339e-14,-0.24929590439117397
6.3,run_0060_6p3_v2_T3_prediction_6p3,-1.95,1e-13,1.1724719033718204e-20,9.827818804451486e-14,9.82781997692339e-14,-0.007542807395950375
6.3,run_0060_6p3_v2_T3_prediction_6p3,-1.9,1.88966e-13,6.577019541217526e-21,9.827818804451486e-14,9.82781946215344e-14,-0.2839265002392442
6.3,run_0060_6p3_v2_T3_prediction_6p3,-1.85,1.3931e-13,1.4293200487168734e-21,9.827818804451486e-14,9.827818947383491e-14,-0.15152514511562448
6.3,run_0060_6p3_v2_T3_prediction_6p3,-1.8,1.39655e-13,-3.718379443783805e-21,9.827818804451486e-14,9.827818432613542e-14,-0.15259936478885214
6.3,run_0060_6p3_v2_T3_prediction_6p3,-1.75,2.12759e-13,-5.692202368202337e-21,9.827818804451486e-14,9.82781823523125e-14,-0.33543082476441105
6.3,run_0060_6p3_v2_T3_prediction_6p3,-1.7,1.38276e-13,-7.66602529262087e-21,9.827818804451486e-14,9.827818037848957e-14,-0.14828970101673644
6.3,run_0060_6p3_v2_T3_prediction_6p3,-1.65,1.90345e-13,-9.639848217039403e-21,9.827818804451486e-14,9.827817840466665e-14,-0.2870843750194084
6.3,run_0060_6p3_v2_T3_prediction_6p3,-1.6,1.45172e-13,-1.1613671141457927e-20,9.827818804451486e-14,9.827817643084372e-14,-0.1694257705699868
6.3,run_0060_6p3_v2_T3_prediction_6p3,-1.55,8.44828e-14,1.8322998948943185e-21,9.827818804451486e-14,9.827818987681476e-14,0.06568884970794467
6.3,run_0060_6p3_v2_T3_prediction_6p3,-1.5,1.42759e-13,1.5278270931246565e-20,9.827818804451486e-14,9.827820332278579e-14,-0.16214628883563842
6.3,run_0060_6p3_v2_T3_prediction_6p3,-1.45,1.64138e-13,2.872424196759881e-20,9.827818804451486e-14,9.827821676875683e-14,-0.22275186957269763
6.3,run_0060_6p3_v2_T3_prediction_6p3,-1.4,8.2069e-14,4.2170213003951054e-20,9.827818804451486e-14,9.827823021472786e-14,0.07827818550944173
6.3,run_0060_6p3_v2_T3_prediction_6p3,-1.35,7.10345e-14,2.204869087805446e-20,9.827818804451486e-14,9.827821009320574e-14,0.14098791034453978
6.3,run_0060_6p3_v2_T3_prediction_6p3,-1.3,1.48621e-13,1.9271687521577806e-21,9.827818804451486e-14,9.827818997168361e-14,-0.17962302983189518
6.3,run_0060_6p3_v2_T3_prediction_6p3,-1.25,1.57241e-13,-1.8194353373738897e-20,9.827818804451486e-14,9.827816985016149e-14,-0.20410873673331806
6.3,run_0060_6p3_v2_T3_prediction_6p3,-1.2,1.57241e-13,-3.831587549963558e-20,9.827818804451486e-14,9.827814972863936e-14,-0.20410882565099872
6.3,run_0060_6p3_v2_T3_prediction_6p3,-1.15,2.01034e-13,-2.3793395710614125e-20,9.827818804451486e-14,9.827816425111915e-14,-0.3108124783077591
6.3,run_0060_6p3_v2_T3_prediction_6p3,-1.1,1.8069e-13,-9.270915921592728e-21,9.827818804451486e-14,9.827817877359894e-14,-0.26447701806657997
6.3,run_0060_6p3_v2_T3_prediction_6p3,-1.05,1.52759e-13,5.251563867428733e-21,9.827818804451486e-14,9.827819329607874e-14,-0.19154964270739325
6.3,run_0060_6p3_v2_T3_prediction_6p3,-1.0,1.24138e-13,1.977404365645019e-20,9.827818804451486e-14,9.827820781855851e-14,-0.10144751596870732
6.3,run_0060_6p3_v2_T3_prediction_6p3,-0.95,1.64483e-13,2.6537228498727736e-20,9.827818804451486e-14,9.827821458174336e-14,-0.22366376040912472
6.3,run_0060_6p3_v2_T3_prediction_6p3,-0.9,1.19655e-13,-2.7895777360082855e-19,9.827818804451486e-14,9.827790908674127e-14,-0.08547494303991535
6.3,run_0060_6p3_v2_T3_prediction_6p3,-0.85,1.28276e-13,-1.1749783963583821e-20,9.827818804451486e-14,9.82781762947309e-14,-0.11568832009654022
6.3,run_0060_6p3_v2_T3_prediction_6p3,-0.8,1.65517e-13,-7.663149306328077e-20,9.827818804451486e-14,9.82781114130218e-14,-0.22638580397507935
6.3,run_0060_6p3_v2_T3_prediction_6p3,-0.75,1.79655e-13,1.881116860434488e-19,9.827818804451486e-14,9.827837615620091e-14,-0.2619813365480864
6.3,run_0060_6p3_v2_T3_prediction_6p3,-0.7,2.05172e-13,-4.516304430038232e-20,9.827818804451486e-14,9.827814288147057e-14,-0.3196611507255331
6.3,run_0060_6p3_v2_T3_prediction_6p3,-0.65,1.5931e-13,-8.309511104632577e-20,9.827818804451486e-14,9.827810494940382e-14,-0.20978626403279496
6.3,run_0060_6p3_v2_T3_prediction_6p3,-0.6,9.58621e-14,3.3905170064060763e-20,9.827818804451486e-14,9.827822194968493e-14,0.01081035200212484
6.3,run_0060_6p3_v2_T3_prediction_6p3,-0.55,7.89655e-14,-2.224736607464805e-19,9.827818804451486e-14,9.827796557085411e-14,0.09501876805594922
6.3,run_0060_6p3_v2_T3_prediction_6p3,-0.5,1.7069e-13,3.463435510887772e-19,9.827818804451486e-14,9.827853438806595e-14,-0.23974940710355172
6.3,run_0060_6p3_v2_T3_prediction_6p3,-0.45,1.80345e-13,7.097521473013925e-21,9.827818804451486e-14,9.827819514203634e-14,-0.26364693400729267
6.3,run_0060_6p3_v2_T3_prediction_6p3,-0.4,1.34483e-13,8.79081966269004e-19,9.827818804451486e-14,9.827906712648113e-14,-0.13620636316343776
6.3,run_0060_6p3_v2_T3_prediction_6p3,-0.35,1.72069e-13,6.195906218624931e-18,9.827818804451486e-14,9.828438395073348e-14,-0.24321811491892298
6.3,run_0060_6p3_v2_T3_prediction_6p3,-0.3,1.64138e-13,4.0444363292288414e-17,9.827818804451486e-14,9.831863240780715e-14,-0.22257330832573027
6.3,run_0060_6p3_v2_T3_prediction_6p3,-0.25,1.59655e-13,2.7455996496477295e-16,9.827818804451486e-14,9.855274800947964e-14,-0.20951378562235276
6.3,run_0060_6p3_v2_T3_prediction_6p3,-0.2,2.20345e-13,1.8031299137417367e-15,9.827818804451486e-14,1.000813179582566e-13,-0.34275018419055747
6.3,run_0060_6p3_v2_T3_prediction_6p3,-0.15,8.82759e-14,1.1446425445292622e-14,9.827818804451486e-14,1.0972461348980748e-13,0.09446190567288315
6.3,run_0060_6p3_v2_T3_prediction_6p3,-0.1,1.83448e-13,6.95338684158707e-14,9.827818804451486e-14,1.6781205646038556e-13,-0.038689821812300795
6.3,run_0060_6p3_v2_T3_prediction_6p3,-0.05,5.86207e-15,3.9163195228048644e-13,9.827818804451486e-14,4.899101403250013e-13,1.9220654286032302
6.3,run_0060_6p3_v2_T3_prediction_6p3,0.0,1.83793e-13,1.898545595304814e-12,9.827818804451486e-14,1.9968237833493286e-12,1.0360107740525117
6.3,run_0060_6p3_v2_T3_prediction_6p3,0.05,1.38621e-13,7.301729396601328e-12,9.827818804451486e-14,7.400007584645842e-12,1.7274031373763026
6.3,run_0060_6p3_v2_T3_prediction_6p3,0.1,1.12759e-13,2.190340843147033e-11,9.827818804451486e-14,2.2001686619514844e-11,2.290304758837148
6.3,run_0060_6p3_v2_T3_prediction_6p3,0.15,4.10345e-14,5.3380627018041863e-11,9.827818804451486e-14,5.3478905206086376e-11,3.115033362047146
6.3,run_0060_6p3_v2_T3_prediction_6p3,0.2,6.45172e-13,1.1133523295357194e-10,9.827818804451486e-14,1.1143351114161645e-10,2.237340303794843
6.3,run_0060_6p3_v2_T3_prediction_6p3,0.25,2.28379e-12,2.0726575475341083e-10,9.827818804451486e-14,2.0736403294145535e-10,1.958077263710658
6.3,run_0060_6p3_v2_T3_prediction_6p3,0.3,8.4e-12,3.5493281956858083e-10,9.827818804451486e-14,3.5503109775662533e-10,1.6259871092258789
6.3,run_0060_6p3_v2_T3_prediction_6p3,0.35,2.09586e-11,5.709542115155932e-10,9.827818804451486e-14,5.710524897036378e-10,1.435313760209659
6.3,run_0060_6p3_v2_T3_prediction_6p3,0.4,6.04138e-11,8.75540505121025e-10,9.827818804451486e-14,8.756387833090696e-10,1.161188835342973
6.3,run_0060_6p3_v2_T3_prediction_6p3,0.45,1.2669e-10,1.2932136749907296e-09,9.827818804451486e-14,1.2933119531787742e-09,1.0089609553279932
6.3,run_0060_6p3_v2_T3_prediction_6p3,0.5,2.42966e-10,1.8533629478691166e-09,9.827818804451486e-14,1.8534612260571611e-09,0.8824380012654768
6.3,run_0060_6p3_v2_T3_prediction_6p3,0.55,4.15172e-10,2.5903479770353036e-09,9.827818804451486e-14,2.590446255223348e-09,0.7951465301058602
6.3,run_0060_6p3_v2_T3_prediction_6p3,0.6,6.82414e-10,3.5429571767233116e-09,9.827818804451486e-14,3.543055454911356e-09,0.7153300218636232
6.3,run_0060_6p3_v2_T3_prediction_6p3,0.65,1.05345e-09,4.752986494815042e-09,9.827818804451486e-14,4.7530847730030865e-09,0.6543616326925855
6.3,run_0060_6p3_v2_T3_prediction_6p3,0.7,1.57e-09,6.263175924917207e-09,9.827818804451486e-14,6.263274203105252e-09,0.6009017729099495
6.3,run_0060_6p3_v2_T3_prediction_6p3,0.75,2.2631e-09,8.1145114959019e-09,9.827818804451486e-14,8.114609774089945e-09,0.5545638951206293
6.3,run_0060_6p3_v2_T3_prediction_6p3,0.8,3.10414e-09,1.0343955435191223e-08,9.827818804451486e-14,1.0344053713379268e-08,0.5227494668625005
6.3,run_0060_6p3_v2_T3_prediction_6p3,0.85,4.08276e-09,1.2983517599191888e-08,9.827818804451486e-14,1.2983615877379933e-08,0.5024418071185444
6.3,run_0060_6p3_v2_T3_prediction_6p3,0.9,5.43103e-09,1.6059971743705807e-08,9.827818804451486e-14,1.606007002189385e-08,0.47086523270919306
6.3,run_0060_6p3_v2_T3_prediction_6p3,0.95,7.07586e-09,1.9594855523930083e-08,9.827818804451486e-14,1.9594953802118128e-08,0.44236501235039716
6.3,run_0060_6p3_v2_T3_prediction_6p3,1.0,9.02414e-09,2.3604186764867595e-08,9.827818804451486e-14,2.360428504305564e-08,0.41758502618497034
6.3,run_0060_6p3_v2_T3_prediction_6p3,1.05,1.11034e-08,2.80979991765443e-08,9.827818804451486e-14,2.8098097454732343e-08,0.40322092890846817
6.3,run_0060_6p3_v2_T3_prediction_6p3,1.1,1.37517e-08,3.308054870280154e-08,9.827818804451486e-14,3.308064698098958e-08,0.3812176053220283
6.3,run_0060_6p3_v2_T3_prediction_6p3,1.15,1.67517e-08,3.854827582697201e-08,9.827818804451486e-14,3.8548374105160056e-08,0.3619471782983704
6.3,run_0060_6p3_v2_T3_prediction_6p3,1.2,2.01276e-08,4.44913789814211e-08,9.827818804451486e-14,4.449147725960915e-08,0.34448483292989396
6.3,run_0060_6p3_v2_T3_prediction_6p3,1.25,2.39e-08,5.089283439078344e-08,9.827818804451486e-14,5.0892932668971484e-08,0.3282595765562143
6.3,run_0060_6p3_v2_T3_prediction_6p3,1.3,2.78655e-08,5.772968575191479e-08,9.827818804451486e-14,5.7729784030102835e-08,0.3163330926316482
6.3,run_0060_6p3_v2_T3_prediction_6p3,1.35,3.22621e-08,6.497407597785366e-08,9.827818804451486e-14,6.49741742560417e-08,0.3040481358379171
6.3,run_0060_6p3_v2_T3_prediction_6p3,1.4,3.71207e-08,7.259505274975386e-08,9.827818804451486e-14,7.25951510279419e-08,0.2912914558047855
6.3,run_0060_6p3_v2_T3_prediction_6p3,1.45,4.2e-08,8.056114787678852e-08,9.827818804451486e-14,8.056124615497656e-08,0.2828768850479113
6.3,run_0060_6p3_v2_T3_prediction_6p3,1.5,4.76897e-08,8.884115110412111e-08,9.827818804451486e-14,8.884124938230915e-08,0.270190067000209
6.3,run_0060_6p3_v2_T3_prediction_6p3,1.55,5.3689699999999997e-08,9.753372294807371e-08,9.827818804451486e-14,9.753382122626175e-08,0.25926426226569244
6.3,run_0060_6p3_v2_T3_prediction_6p3,1.6,6.00345e-08,1.0622629479202629e-07,9.827818804451486e-14,1.0622639307021433e-07,0.24783153726350368
6.3,run_0060_6p3_v2_T3_prediction_6p3,1.65,6.68276e-08,1.1538521490659402e-07,9.827818804451486e-14,1.1538531318478206e-07,0.23719466872739364
6.3,run_0060_6p3_v2_T3_prediction_6p3,1.7,7.32759e-08,1.245441350211618e-07,9.827818804451486e-14,1.2454423329934984e-07,0.23036246214961062
6.3,run_0060_6p3_v2_T3_prediction_6p3,1.75,8.07931e-08,1.3408609008145054e-07,9.827818804451486e-14,1.340861883596386e-07,0.2200097731904295
6.3,run_0060_6p3_v2_T3_prediction_6p3,1.8,8.88621e-08,1.4362804514173924e-07,9.827818804451486e-14,1.436281434199273e-07,0.20852297436555528
6.3,run_0060_6p3_v2_T3_prediction_6p3,1.85,9.69655e-08,1.534876483741865e-07,9.827818804451486e-14,1.5348774665237454e-07,0.19945646905070644
6.3,run_0060_6p3_v2_T3_prediction_6p3,1.9,1.05552e-07,1.6334725160663367e-07,9.827818804451486e-14,1.6334734988482172e-07,0.18964562622423975
6.3,run_0060_6p3_v2_T3_prediction_6p3,1.95,1.14621e-07,1.7347343168514328e-07,9.827818804451486e-14,1.7347352996333133e-07,0.1799690228123447
6.3,run_0060_6p3_v2_T3_prediction_6p3,2.0,1.24345e-07,1.8359961176365287e-07,9.827818804451486e-14,1.8359971004184092e-07,0.16924366431637988
6.3,run_0060_6p3_v2_T3_prediction_6p3,2.05,1.33966e-07,1.9395200170572963e-07,9.827818804451486e-14,1.9395209998391768e-07,0.16069989595206746
6.3,run_0060_6p3_v2_T3_prediction_6p3,2.1,1.44448e-07,2.0430439164780647e-07,9.827818804451486e-14,2.0430448992599452e-07,0.1505663780086679
6.3,run_0060_6p3_v2_T3_prediction_6p3,2.15,1.55241e-07,2.1485074945465236e-07,9.827818804451486e-14,2.148508477328404e-07,0.14113063998352054
6.3,run_0060_6p3_v2_T3_prediction_6p3,2.2,1.66759e-07,2.2539710726149832e-07,9.827818804451486e-14,2.2539720553968637e-07,0.1308592452499446
6.3,run_0060_6p3_v2_T3_prediction_6p3,2.25,1.78345e-07,2.361115103660798e-07,9.827818804451486e-14,2.3611160864426784e-07,0.12185640193026401
6.3,run_0060_6p3_v2_T3_prediction_6p3,2.3,1.90552e-07,2.468259134706612e-07,9.827818804451486e-14,2.4682601174884926e-07,0.11237741446871377
6.3,run_0060_6p3_v2_T3_prediction_6p3,2.35,2.0331e-07,2.5768669524978584e-07,9.827818804451486e-14,2.576867935279739e-07,0.10293342112914375
6.3,run_0060_6p3_v2_T3_prediction_6p3,2.4,2.16483e-07,2.6854747702891046e-07,9.827818804451486e-14,2.685475753070985e-07,0.09359743781657102
6.3,run_0060_6p3_v2_T3_prediction_6p3,2.45,2.29103e-07,2.7953941925914564e-07,9.827818804451486e-14,2.795395175373337e-07,0.08641243515912138
6.3,run_0060_6p3_v2_T3_prediction_6p3,2.5,2.42793e-07,2.9053136148938076e-07,9.827818804451486e-14,2.905314597675688e-07,0.07795700482865832
6.3,run_0060_6p3_v2_T3_prediction_6p3,2.55,2.57414e-07,3.01636795555385e-07,9.827818804451486e-14,3.0163689383357306e-07,0.06885229667815447
6.3,run_0060_6p3_v2_T3_prediction_6p3,2.6,2.72621e-07,3.1274222962138937e-07,9.827818804451486e-14,3.127423278995774e-07,0.059627358016854176
6.3,run_0060_6p3_v2_T3_prediction_6p3,2.65,2.87586e-07,3.2395083808354747e-07,9.827818804451486e-14,3.239509363617355e-07,0.05171149929003367
6.3,run_0060_6p3_v2_T3_prediction_6p3,2.7,3.03552e-07,3.3515944654570563e-07,9.827818804451486e-14,3.351595448238937e-07,0.04301849330321164
6.3,run_0060_6p3_v2_T3_prediction_6p3,2.75,3.1969e-07,3.464596222844503e-07,9.827818804451486e-14,3.4645972056263834e-07,0.034923699147007416
6.3,run_0060_6p3_v2_T3_prediction_6p3,2.8,3.36517e-07,3.577597980231949e-07,9.827818804451486e-14,3.5775989630138294e-07,0.026584647398920448
6.3,run_0060_6p3_v2_T3_prediction_6p3,2.85,3.53414e-07,3.6914380295881447e-07,9.827818804451486e-14,3.691439012370025e-07,0.01891194819952675
6.3,run_0060_6p3_v2_T3_prediction_6p3,2.9,3.70828e-07,3.80527807894434e-07,9.827818804451486e-14,3.8052790617262204e-07,0.011213992585957639
6.3,run_0060_6p3_v2_T3_prediction_6p3,2.95,3.86621e-07,3.9198790394721706e-07,9.827818804451486e-14,3.919880022254051e-07,0.005987334751237433
6.3,run_0060_6p3_v2_T3_prediction_6p3,3.0,4.03448e-07,4.0344800000000003e-07,9.827818804451486e-14,4.034480982781881e-07,1.0579224485669097e-07
13.2,run_0059_13p2_v2_anchor_13p2,-3.0,6.77931e-12,-9.968121998665885e-21,6.59655e-12,6.596549990031878e-12,-0.01186863554620893
13.2,run_0059_13p2_v2_anchor_13p2,-2.95,6.4931e-12,-1.4669186820732438e-20,6.59655e-12,6.596549985330813e-12,0.006864766173204206
13.2,run_0059_13p2_v2_anchor_13p2,-2.9,6.8e-12,-1.9370251642799032e-20,6.59655e-12,6.596549980629748e-12,-0.013192055364547931
13.2,run_0059_13p2_v2_anchor_13p2,-2.85,6.53448e-12,-2.4071316464865588e-20,6.59655e-12,6.596549975928684e-12,0.004105823970406802
13.2,run_0059_13p2_v2_anchor_13p2,-2.8,6.57586e-12,-2.8772381286932186e-20,6.59655e-12,6.596549971227618e-12,0.0013642982178632215
13.2,run_0059_13p2_v2_anchor_13p2,-2.75,6.8e-12,-2.851853877928543e-20,6.59655e-12,6.596549971481461e-12,-0.01319205596684016
13.2,run_0059_13p2_v2_anchor_13p2,-2.7,6.49655e-12,-2.8264696271638684e-20,6.59655e-12,6.596549971735304e-12,0.006634071456841647
13.2,run_0059_13p2_v2_anchor_13p2,-2.65,6.82759e-12,-2.801085376399193e-20,6.59655e-12,6.596549971989146e-12,-0.014950576864399715
13.2,run_0059_13p2_v2_anchor_13p2,-2.6,6.55172e-12,-2.7757011256345176e-20,6.59655e-12,6.596549972242988e-12,0.002961528026998021
13.2,run_0059_13p2_v2_anchor_13p2,-2.55,6.53793e-12,-1.15459622627879e-20,6.59655e-12,6.5965499884540375e-12,0.0038765914712084273
13.2,run_0059_13p2_v2_anchor_13p2,-2.5,6.84138e-12,4.665086730769229e-21,6.59655e-12,6.596550004665087e-12,-0.01582685477479366
13.2,run_0059_13p2_v2_anchor_13p2,-2.45,6.55862e-12,2.0876135724326364e-20,6.59655e-12,6.596550020876135e-12,0.002504390956075366
13.2,run_0059_13p2_v2_anchor_13p2,-2.4,6.52069e-12,3.708718471788364e-20,6.59655e-12,6.5965500370871846e-12,0.005023307146179027
13.2,run_0059_13p2_v2_anchor_13p2,-2.35,6.7931e-12,7.808829516993677e-20,6.59655e-12,6.596550078088295e-12,-0.012751144050500596
13.2,run_0059_13p2_v2_anchor_13p2,-2.3,6.52759e-12,1.1908940562199026e-19,6.59655e-12,6.596550119089405e-12,0.004563998029227932
13.2,run_0059_13p2_v2_anchor_13p2,-2.25,6.51724e-12,1.6009051607404342e-19,6.59655e-12,6.596550160090516e-12,0.005253154796674391
13.2,run_0059_13p2_v2_anchor_13p2,-2.2,6.8e-12,2.0109162652609656e-19,6.59655e-12,6.596550201091626e-12,-0.013192040850085698
13.2,run_0059_13p2_v2_anchor_13p2,-2.15,6.75517e-12,8.538445624511855e-20,6.59655e-12,6.596550085384456e-12,-0.010319418673021635
13.2,run_0059_13p2_v2_anchor_13p2,-2.1,6.46207e-12,-3.03227140358584e-20,6.59655e-12,6.596549969677286e-12,0.008945198443620909
13.2,run_0059_13p2_v2_anchor_13p2,-2.05,6.78276e-12,-1.4602988431683641e-19,6.59655e-12,6.596549853970115e-12,-0.012089601333636298
13.2,run_0059_13p2_v2_anchor_13p2,-2.0,6.51379e-12,-2.6173705459781337e-19,6.59655e-12,6.596549738262945e-12,0.005483088278627148
13.2,run_0059_13p2_v2_anchor_13p2,-1.95,6.50345e-12,-2.3109859865124296e-19,6.59655e-12,6.596549768901401e-12,0.006173037763478592
13.2,run_0059_13p2_v2_anchor_13p2,-1.9,6.77241e-12,-2.004601427046726e-19,6.59655e-12,6.596549799539857e-12,-0.011426396892272492
13.2,run_0059_13p2_v2_anchor_13p2,-1.85,6.50345e-12,-1.6982168675810233e-19,6.59655e-12,6.596549830178313e-12,0.006173041797742761
13.2,run_0059_13p2_v2_anchor_13p2,-1.8,6.5e-12,-1.3918323081153194e-19,6.59655e-12,6.596549860816769e-12,0.006403492810752519
13.2,run_0059_13p2_v2_anchor_13p2,-1.75,6.80345e-12,-5.808002504718199e-20,6.59655e-12,6.596549941919975e-12,-0.013412342619475616
13.2,run_0059_13p2_v2_anchor_13p2,-1.7,6.71379e-12,2.3023180717167965e-20,6.59655e-12,6.59655002302318e-12,-0.007650892735843994
13.2,run_0059_13p2_v2_anchor_13p2,-1.65,6.44138e-12,1.041263864815179e-19,6.59655e-12,6.596550104126386e-12,0.01033794497883368
13.2,run_0059_13p2_v2_anchor_13p2,-1.6,6.75172e-12,1.852295922458675e-19,6.59655e-12,6.596550185229592e-12,-0.01009755259005438
13.2,run_0059_13p2_v2_anchor_13p2,-1.55,6.74138e-12,-5.755870118036573e-20,6.59655e-12,6.5965499424412985e-12,-0.009431953434539916
13.2,run_0059_13p2_v2_anchor_13p2,-1.5,6.46207e-12,-3.0034699460659894e-19,6.59655e-12,6.5965496996530054e-12,0.008945180666137609
13.2,run_0059_13p2_v2_anchor_13p2,-1.45,6.76207e-12,-5.431352880328321e-19,6.59655e-12,6.596549456864712e-12,-0.010762839349797111
13.2,run_0059_13p2_v2_anchor_13p2,-1.4,6.73103e-12,-7.859235814590654e-19,6.59655e-12,6.5965492140764186e-12,-0.008764719324201642
13.2,run_0059_13p2_v2_anchor_13p2,-1.35,6.45862e-12,-6.928421667528963e-19,6.59655e-12,6.596549307157833e-12,0.009177079900510692
13.2,run_0059_13p2_v2_anchor_13p2,-1.3,6.74138e-12,-5.9976075204672675e-19,6.59655e-12,6.596549400239248e-12,-0.009431989131286024
13.2,run_0059_13p2_v2_anchor_13p2,-1.25,6.72759e-12,-5.066793373405571e-19,6.59655e-12,6.596549493320662e-12,-0.00854269109764454
13.2,run_0059_13p2_v2_anchor_13p2,-1.2,6.43103e-12,-4.135979226343876e-19,6.59655e-12,6.596549586402077e-12,0.011036295866805842
13.2,run_0059_13p2_v2_anchor_13p2,-1.15,6.50345e-12,-2.289715872827995e-19,6.59655e-12,6.596549771028412e-12,0.006173037903513769
13.2,run_0059_13p2_v2_anchor_13p2,-1.1,6.74828e-12,-4.4345251931212156e-20,6.59655e-12,6.596549955654748e-12,-0.009876238363730545
13.2,run_0059_13p2_v2_anchor_13p2,-1.05,6.46897e-12,1.4028108342037595e-19,6.59655e-12,6.596550140281083e-12,0.008481730758271605
13.2,run_0059_13p2_v2_anchor_13p2,-1.0,6.68966e-12,3.2490741877196408e-19,6.59655e-12,6.596550324907419e-12,-0.006087165431783693
13.2,run_0059_13p2_v2_anchor_13p2,-0.95,6.59655e-12,1.9999352412143693e-19,6.59655e-12,6.596550199993524e-12,1.3166895205915901e-08
13.2,run_0059_13p2_v2_anchor_13p2,-0.9,6.45172e-12,2.6563386931862553e-19,6.59655e-12,6.5965502656338694e-12,0.009641365047121207
13.2,run_0059_13p2_v2_anchor_13p2,-0.85,6.75862e-12,-1.81815383040479e-18,6.59655e-12,6.5965481818461696e-12,-0.010541290225893157
13.2,run_0059_13p2_v2_anchor_13p2,-0.8,6.49655e-12,1.9234377706950408e-19,6.59655e-12,6.596550192343777e-12,0.006634085980955195
13.2,run_0059_13p2_v2_anchor_13p2,-0.75,6.43448e-12,2.8737909464401924e-19,6.59655e-12,6.596550287379095e-12,0.01080342221824353
13.2,run_0059_13p2_v2_anchor_13p2,-0.7,6.76207e-12,-7.790881687654561e-19,6.59655e-12,6.596549220911831e-12,-0.010762854884136143
13.2,run_0059_13p2_v2_anchor_13p2,-0.65,6.71379e-12,-2.7838045018872835e-19,6.59655e-12,6.59654972161955e-12,-0.007650912579237318
13.2,run_0059_13p2_v2_anchor_13p2,-0.6,6.48276e-12,2.697485059904985e-18,6.59655e-12,6.59655269748506e-12,0.007557092442397283
13.2,run_0059_13p2_v2_anchor_13p2,-0.55,6.76552e-12,3.935882786346479e-18,6.59655e-12,6.596553935882786e-12,-0.010984064485236943
13.2,run_0059_13p2_v2_anchor_13p2,-0.5,6.42069e-12,1.2030066553104256e-17,6.59655e-12,6.596562030066553e-12,0.011735948564570468
13.2,run_0059_13p2_v2_anchor_13p2,-0.45,6.65517e-12,9.274498970193934e-17,6.59655e-12,6.596642744989702e-12,-0.0038361890030124976
13.2,run_0059_13p2_v2_anchor_13p2,-0.4,6.76552e-12,6.219306302583626e-16,6.59655e-12,6.597171930630258e-12,-0.010943379736806664
13.2,run_0059_13p2_v2_anchor_13p2,-0.35,6.46897e-12,4.16969166959521e-15,6.59655e-12,6.600719691669595e-12,0.00875615315674518
13.2,run_0059_13p2_v2_anchor_13p2,-0.3,6.8931e-12,2.745076158661981e-14,6.59655e-12,6.62400076158662e-12,-0.01729420525391883
13.2,run_0059_13p2_v2_anchor_13p2,-0.25,6.94828e-12,1.7445939586749967e-13,6.59655e-12,6.771009395867499e-12,-0.011223894763532397
13.2,run_0059_13p2_v2_anchor_13p2,-0.2,8.04483e-12,1.039170575881817e-12,6.59655e-12,7.635720575881816e-12,-0.0226668439071657
13.2,run_0059_13p2_v2_anchor_13p2,-0.15,1.24759e-11,5.493489589418196e-12,6.59655e-12,1.2090039589418196e-11,-0.013644162050360453
13.2,run_0059_13p2_v2_anchor_13p2,-0.1,2.58828e-11,2.38045420278537e-11,6.59655e-12,3.04010920278537e-11,0.06987792754814541
13.2,run_0059_13p2_v2_anchor_13p2,-0.05,7.87931e-11,8.05456615042952e-11,6.59655e-12,8.71422115042952e-11,0.043740389810470834
13.2,run_0059_13p2_v2_anchor_13p2,0.0,2.34172e-10,2.1666289847715964e-10,6.59655e-12,2.2325944847715963e-10,-0.02072511759031474
13.2,run_0059_13p2_v2_anchor_13p2,0.05,5.84828e-10,4.873096702199662e-10,6.59655e-12,4.939062202199662e-10,-0.07338366163551754
13.2,run_0059_13p2_v2_anchor_13p2,0.1,1.33414e-09,9.618138077573864e-10,6.59655e-12,9.684103577573865e-10,-0.13914197947361706
13.2,run_0059_13p2_v2_anchor_13p2,0.15,2.66586e-09,1.7274179984055705e-09,6.59655e-12,1.7340145484055706e-09,-0.18678460142509926
13.2,run_0059_13p2_v2_anchor_13p2,0.2,4.55172e-09,2.895423264057009e-09,6.59655e-12,2.902019814057009e-09,-0.1954751651588041
13.2,run_0059_13p2_v2_anchor_13p2,0.25,7.58966e-09,4.608602900982689e-09,6.59655e-12,4.615199450982689e-09,-0.21603184661089575
13.2,run_0059_13p2_v2_anchor_13p2,0.3,1.18448e-08,7.048958140309774e-09,6.59655e-12,7.055554690309774e-09,-0.22499656944442742
13.2,run_0059_13p2_v2_anchor_13p2,0.35,1.76793e-08,1.0444462635038396e-08,6.59655e-12,1.0451059185038395e-08,-0.2283047582347984
13.2,run_0059_13p2_v2_anchor_13p2,0.4,2.51138e-08,1.50717802385136e-08,6.59655e-12,1.50783767885136e-08,-0.22155783976647678
13.2,run_0059_13p2_v2_anchor_13p2,0.45,3.49e-08,2.1252228304047897e-08,6.59655e-12,2.1258824854047898e-08,-0.2152861730516762
13.2,run_0059_13p2_v2_anchor_13p2,0.5,4.62069e-08,2.933731950312378e-08,6.59655e-12,2.934391605312378e-08,-0.19718876131089327
13.2,run_0059_13p2_v2_anchor_13p2,0.55,6.05172e-08,3.968745923825329e-08,6.59655e-12,3.969405578825329e-08,-0.18315335020997608
13.2,run_0059_13p2_v2_anchor_13p2,0.6,7.7931e-08,5.264706597976051e-08,6.59655e-12,5.2653662529760505e-08,-0.17028166347301543
13.2,run_0059_13p2_v2_anchor_13p2,0.65,9.83103e-08,6.85236883356111e-08,6.59655e-12,6.853028488561109e-08,-0.15671648416433662
13.2,run_0059_13p2_v2_anchor_13p2,0.7,1.22e-07,8.757611477059741e-08,6.59655e-12,8.758271132059741e-08,-0.14394144504417622
13.2,run_0059_13p2_v2_anchor_13p2,0.75,1.49172e-07,1.100130746680984e-07,6.59655e-12,1.100196712180984e-07,-0.13221696972853414
13.2,run_0059_13p2_v2_anchor_13p2,0.8,1.79517e-07,1.359928386567747e-07,6.59655e-12,1.359994352067747e-07,-0.12056847713180363
13.2,run_0059_13p2_v2_anchor_13p2,0.85,2.13241e-07,1.6562561665039696e-07,6.59655e-12,1.6563221320039697e-07,-0.10972590549343983
13.2,run_0059_13p2_v2_anchor_13p2,0.9,2.47276e-07,1.9897235882793176e-07,6.59655e-12,1.9897895537793177e-07,-0.09437482032551611
13.2,run_0059_13p2_v2_anchor_13p2,0.95,2.87828e-07,2.3603806110568787e-07,6.59655e-12,2.3604465765568788e-07,-0.08613886437031089
13.2,run_0059_13p2_v2_anchor_13p2,1.0,3.3131e-07,2.7676976677079263e-07,6.59655e-12,2.767763633207926e-07,-0.07810554582782268
13.2,run_0059_13p2_v2_anchor_13p2,1.05,3.77724e-07,3.210525697481452e-07,6.59655e-12,3.210591662981452e-07,-0.07058950648861473
13.2,run_0059_13p2_v2_anchor_13p2,1.1,4.23103e-07,3.687086154171547e-07,6.59655e-12,3.687152119671547e-07,-0.05975504916896407
13.2,run_0059_13p2_v2_anchor_13p2,1.15,4.73793e-07,4.1950709244435763e-07,6.59655e-12,4.195136889943576e-07,-0.05284250330362368
13.2,run_0059_13p2_v2_anchor_13p2,1.2,5.27931e-07,4.7317222624951184e-07,6.59655e-12,4.731788227995118e-07,-0.04755186496680315
13.2,run_0059_13p2_v2_anchor_13p2,1.25,5.84138e-07,5.294122553201874e-07,6.59655e-12,5.294188518701874e-07,-0.04271605750603489
13.2,run_0059_13p2_v2_anchor_13p2,1.3,6.42414e-07,5.879364173272159e-07,6.59655e-12,5.879430138772159e-07,-0.03847976255585185
13.2,run_0059_13p2_v2_anchor_13p2,1.35,7.01379e-07,6.484709360568787e-07,6.59655e-12,6.484775326068787e-07,-0.03405782456898115
13.2,run_0059_13p2_v2_anchor_13p2,1.4,7.63448e-07,7.107740091598333e-07,6.59655e-12,7.107806057098333e-07,-0.031043892538950197
13.2,run_0059_13p2_v2_anchor_13p2,1.45,8.25172e-07,7.746288138682806e-07,6.59655e-12,7.746354104182806e-07,-0.02744713719935022
13.2,run_0059_13p2_v2_anchor_13p2,1.5,8.88966e-07,8.398534988285825e-07,6.59655e-12,8.398600953785825e-07,-0.02467820402858136
13.2,run_0059_13p2_v2_anchor_13p2,1.55,9.53448e-07,9.068292524550955e-07,6.59655e-12,9.068358490050955e-07,-0.02176833177783756
13.2,run_0059_13p2_v2_anchor_13p2,1.6,1.01931e-06,9.738050060816087e-07,6.59655e-12,9.738116026316088e-07,-0.019831340193497866
13.2,run_0059_13p2_v2_anchor_13p2,1.65,1.08621e-06,1.0427131801363398e-06,6.59655e-12,1.04271977668634e-06,-0.017746186089216864
13.2,run_0059_13p2_v2_anchor_13p2,1.7,1.14759e-06,1.111621354191071e-06,6.59655e-12,1.111627950741071e-06,-0.013827297055373312
13.2,run_0059_13p2_v2_anchor_13p2,1.75,1.2169e-06,1.1821037414746842e-06,6.59655e-12,1.1821103380246843e-06,-0.012596875676398894
13.2,run_0059_13p2_v2_anchor_13p2,1.8,1.28621e-06,1.2525861287582975e-06,6.59655e-12,1.2525927253082976e-06,-0.0115019966865461
13.2,run_0059_13p2_v2_anchor_13p2,1.85,1.35517e-06,1.324357462449564e-06,6.59655e-12,1.3243640589995641e-06,-0.009986392700956895
13.2,run_0059_13p2_v2_anchor_13p2,1.9,1.42621e-06,1.3961287961408304e-06,6.59655e-12,1.3961353926908305e-06,-0.009255940415018633
13.2,run_0059_13p2_v2_anchor_13p2,1.95,1.49724e-06,1.4689892395874007e-06,6.59655e-12,1.4689958361374008e-06,-0.008270856346125807
13.2,run_0059_13p2_v2_anchor_13p2,2.0,1.5669e-06,1.541849683033971e-06,6.59655e-12,1.5418562795839711e-06,-0.006997386668275699
13.2,run_0059_13p2_v2_anchor_13p2,2.05,1.63828e-06,1.6156343709976566e-06,6.59655e-12,1.6156409675476567e-06,-0.006043272480173576
13.2,run_0059_13p2_v2_anchor_13p2,2.1,1.70897e-06,1.6894190589613432e-06,6.59655e-12,1.6894256555113433e-06,-0.004995353928818591
13.2,run_0059_13p2_v2_anchor_13p2,2.15,1.7869e-06,1.7639980976181176e-06,6.59655e-12,1.7640046941681177e-06,-0.005600512340507805
13.2,run_0059_13p2_v2_anchor_13p2,2.2,1.85621e-06,1.8385771362748926e-06,6.59655e-12,1.8385837328248927e-06,-0.0041436947210746295
13.2,run_0059_13p2_v2_anchor_13p2,2.25,1.93138e-06,1.9138506072985813e-06,6.59655e-12,1.913857203848581e-06,-0.00395819864992541
13.2,run_0059_13p2_v2_anchor_13p2,2.3,2.00483e-06,1.98912407832227e-06,6.59655e-12,1.9891306748722697e-06,-0.003414237616943029
13.2,run_0059_13p2_v2_anchor_13p2,2.35,2.08034e-06,2.065007051135624e-06,6.59655e-12,2.065013647685624e-06,-0.003211393349119129
13.2,run_0059_13p2_v2_anchor_13p2,2.4,2.15345e-06,2.140890023948978e-06,6.59655e-12,2.140896620498978e-06,-0.002539095912681707
13.2,run_0059_13p2_v2_anchor_13p2,2.45,2.22793e-06,2.2173125557236756e-06,6.59655e-12,2.2173191522736754e-06,-0.0020733332194929404
13.2,run_0059_13p2_v2_anchor_13p2,2.5,2.3031e-06,2.2937350874983727e-06,6.59655e-12,2.2937416840483725e-06,-0.0017682882604604332
13.2,run_0059_13p2_v2_anchor_13p2,2.55,2.37724e-06,2.3706422231550174e-06,6.59655e-12,2.3706488197050173e-06,-0.0012058054343373132
13.2,run_0059_13p2_v2_anchor_13p2,2.6,2.45034e-06,2.447549358811662e-06,6.59655e-12,2.447555955361662e-06,-0.0004937203097168426
13.2,run_0059_13p2_v2_anchor_13p2,2.65,2.53207e-06,2.524886143270857e-06,6.59655e-12,2.524892739820857e-06,-0.0012327741944376813
13.2,run_0059_13p2_v2_anchor_13p2,2.7,2.60483e-06,2.602222927730053e-06,6.59655e-12,2.602229524280053e-06,-0.00043378507356172627
13.2,run_0059_13p2_v2_anchor_13p2,2.75,2.68069e-06,2.6799543895776386e-06,6.59655e-12,2.6799609861276384e-06,-0.00011812248354490201
13.2,run_0059_13p2_v2_anchor_13p2,2.8,2.76103e-06,2.7576858514252244e-06,6.59655e-12,2.7576924479752243e-06,-0.0005252957066795512
13.2,run_0059_13p2_v2_anchor_13p2,2.85,2.83793e-06,2.8357770192470386e-06,6.59655e-12,2.8357836157970385e-06,-0.00032859002867658305
13.2,run_0059_13p2_v2_anchor_13p2,2.9,2.91655e-06,2.913868187068853e-06,6.59655e-12,2.9138747836188527e-06,-0.00039854104525209876
13.2,run_0059_13p2_v2_anchor_13p2,2.95,2.99379e-06,2.992279093534427e-06,6.59655e-12,2.992285690084427e-06,-0.00021827773084822434
13.2,run_0059_13p2_v2_anchor_13p2,3.0,3.07069e-06,3.07069e-06,6.59655e-12,3.0706965965499997e-06,9.329636620171363e-07
