vg_V,measured_A_per_um,atlas_A_per_um,log10_error,linear_error_A_per_um,active_fit_region
-3.0,1.86897e-16,1.16534e-18,-2.2051496765461103,-1.8573165999999998e-16,0
-2.95,1.07931e-16,9.18615250000001e-19,-2.070012549998536,-1.0701238475e-16,0
-2.9,4.11724e-16,6.718905e-19,-2.7873076828492493,-4.110521095e-16,0
-2.85,4.40345e-16,4.251657500000011e-19,-3.015234797530505,-4.3991983425e-16,0
-2.8,1.00897e-15,1.78441e-19,-3.7523836050209116,-1.008791559e-15,0
-2.75,1.62931e-15,2.757137499999998e-19,-3.7715452978758712,-1.62903428625e-15,0
-2.7,1.66621e-15,3.729864999999996e-19,-3.65003662353155,-1.6658370135e-15,0
-2.65,1.94379e-15,4.702592500000003e-19,-3.6163119966493404,-1.94331974075e-15,0
-2.6,2.04069e-15,5.67532e-19,-3.5557866822844044,-2.0401224680000002e-15,0
-2.55,2.15172e-15,2.9954874999999885e-19,-3.85631824495713,-2.1514204512500003e-15,0
-2.5,2.39276e-15,3.156549999999998e-20,-4.879686466964577,-2.3927284345e-15,0
-2.45,2.56276e-15,-2.364177499999988e-19,-25.408707936829558,-2.5629964177499998e-15,0
-2.4,2.59828e-15,-5.04401e-19,-25.414685950394645,-2.598784401e-15,0
-2.35,2.87724e-15,-2.378672500000006e-19,-25.458976089324608,-2.87747786725e-15,0
-2.3,3.19138e-15,2.866650000000113e-20,-5.046603847492072,-3.1913513334999998e-15,0
-2.25,3.15552e-15,2.9520025000000053e-19,-4.028954216173528,-3.15522479975e-15,0
-2.2,3.41034e-15,5.61734e-19,-3.783266967766261,-3.409778266e-15,0
-2.15,3.36448e-15,7.005580000000006e-19,-3.6814738541539587,-3.3637794420000003e-15,0
-2.1,3.36552e-15,8.393820000000001e-19,-3.6030925239334994,-3.3646806179999997e-15,0
-2.05,3.54207e-15,9.782060000000007e-19,-3.5588268173484785,-3.541091794e-15,0
-2.0,3.63517e-15,1.11703e-18,-3.5124598885136447,-3.63405297e-15,0
-1.95,3.80379e-15,1.05422075e-18,-3.55728497226832,-3.80273577925e-15,0
-1.9,3.74103e-15,9.914115e-19,-3.5767372386478424,-3.7400385885e-15,0
-1.85,3.76655e-15,9.2860225e-19,-3.608114005330995,-3.7656213977499995e-15,0
-1.8,3.91483e-15,8.65793e-19,-3.6552988375426025,-3.913964207e-15,0
-1.75,4.13931e-15,4.747689999999996e-19,-3.940445598686317,-4.138835231e-15,0
-1.7,4.06276e-15,8.37449999999992e-20,-4.68586228103827,-4.062676255e-15,0
-1.65,4.26966e-15,-3.072790000000013e-19,-25.630393292822937,-4.2699672790000004e-15,0
-1.6,4.22793e-15,-6.98303e-19,-25.626127788269876,-4.228628303e-15,0
-1.55,4.33483e-15,-1.1759697499999999e-18,-25.636972070322123,-4.3360059697500005e-15,0
-1.5,4.33207e-15,-1.6536365000000001e-18,-25.636695465582118,-4.3337236365e-15,0
-1.45,4.18345e-15,-2.13130325e-18,-25.62153458272681,-4.18558130325e-15,0
-1.4,4.13483e-15,-2.60897e-18,-25.61645765860933,-4.13743897e-15,0
-1.35,4.73793e-15,-1.6165950000000035e-18,-25.67558864000044,-4.739546595e-15,0
-1.3,4.74931e-15,-6.242200000000023e-19,-25.676630518054417,-4.7499342199999995e-15,0
-1.25,4.75655e-15,3.6815499999999895e-19,-4.111261363223726,-4.756181845e-15,0
-1.2,4.65069e-15,1.36053e-18,-3.5338092692916803,-4.6493294699999995e-15,0
-1.15,4.38448e-15,1.7061375000000003e-18,-3.409904064724312,-4.3827738625e-15,0
-1.1,4.72207e-15,2.0517449999999992e-18,-3.3620090370323528,-4.720018255e-15,0
-1.05,4.71103e-15,2.3973524999999994e-18,-3.293383973675539,-4.7086326475e-15,0
-1.0,4.60552e-15,2.74296e-18,-3.225059198190751,-4.60277704e-15,0
-0.95,4.95862e-15,8.10392e-19,-3.786665682625344,-4.957809608e-15,0
-0.9,4.77966e-15,-7.57569e-19,-25.679397004274126,-4.780417569e-15,0
-0.85,2.41379e-15,4.29804e-18,-2.7494290307711164,-2.40949196e-15,0
-0.8,5.51414e-15,-1.49323e-18,-25.74147778833044,-5.51563323e-15,0
-0.75,5.08517e-15,2.28945e-18,-3.346574312925254,-5.082880549999999e-15,0
-0.7,5.06931e-15,1.89134e-18,-3.4281792425843847,-5.06741866e-15,0
-0.65,5.15483e-15,-5.56581e-19,-25.712214347353907,-5.1553865810000005e-15,0
-0.6,5.18e-15,4.35474e-19,-4.075367529204325,-5.1795645259999996e-15,0
-0.55,4.75e-15,-6.69918e-20,-25.676693609624866,-4.7500669918e-15,0
-0.5,5.02793e-15,-2.67208e-18,-25.701389222708162,-5.03060208e-15,0
-0.45,5.09172e-15,-2.86784e-18,-25.706864513245876,-5.09458784e-15,0
-0.4,5.11276e-15,2.34794e-18,-3.337968412204466,-5.11041206e-15,0
-0.35,5.17e-15,-1.68522e-18,-25.713490543093943,-5.17168522e-15,0
-0.3,5.16379e-15,-2.91252e-19,-25.712968572150608,-5.1640812520000005e-15,0
-0.25,5.17621e-15,7.17072e-18,-2.8584491228029183,-5.1690392799999994e-15,0
-0.2,5.28552e-15,2.70314e-18,-3.29121918140668,-5.28281686e-15,0
-0.15,5.18069e-15,1.4262e-17,-2.560207173817968,-5.166428e-15,0
-0.1,5.42793e-15,8.51412e-17,-1.8044944713166533,-5.3427888e-15,0
-0.05,5.23e-15,4.11497e-16,-1.1041350155114404,-4.818503e-15,0
0.0,5.36552e-15,2.0563500000001333e-15,-0.4165147825574991,-3.3091699999998664e-15,0
0.05,5.27759e-15,1.00251e-14,0.27865306521500344,4.74751e-15,0
0.1,4.54483e-15,4.7713e-14,1.0211190810775808,4.316817e-14,0
0.15,1.92169e-14,2.20416e-13,1.0595597865796584,2.011991e-13,0
0.2,1.36897e-13,9.74047e-13,0.8521859821034283,8.371499999999999e-13,1
0.25,7.18586e-13,3.94711e-12,0.7398004779768712,3.228524e-12,1
0.3,3.10103e-12,1.3725e-11,0.6460063854106224,1.0623969999999999e-11,1
0.35,1.11255e-11,3.93047e-11,0.5481249477282848,2.8179200000000003e-11,1
0.4,3.19559e-11,9.36544e-11,0.466977132439073,6.16985e-11,1
0.45,7.71552e-11,1.92407e-10,0.3968556667817147,1.1525180000000001e-10,1
0.5,1.65197e-10,3.5318e-10,0.32999394601363896,1.87983e-10,1
0.55,3.15345e-10,5.95592e-10,0.27616290630725615,2.80247e-10,1
0.6,5.53034e-10,9.41651e-10,0.23113813981160192,3.88617e-10,1
0.65,9.01207e-10,1.41628e-09,0.19632456591722125,5.15073e-10,1
0.7,1.39931e-09,2.04795e-09,0.1654054115051835,6.486400000000002e-10,1
0.75,2.08328e-09,2.8692e-09,0.1390131776200345,7.859200000000001e-10,1
0.8,3.00317e-09,3.91718e-09,0.11539361151805494,9.140099999999998e-10,1
0.85,4.14655e-09,5.23383e-09,0.10113270564950838,1.08728e-09,1
0.9,5.59276e-09,6.86562e-09,0.08905357930581559,1.27286e-09,1
0.95,7.43448e-09,8.86234e-09,0.07629781007547365,1.4278599999999997e-09,1
1.0,9.67207e-09,1.12748e-08,0.06658941581189204,1.6027300000000011e-09,1
1.05,1.23459e-08,1.41524e-08,0.059307339946004234,1.8065000000000003e-09,1
1.1,1.5501e-08,1.75419e-08,0.05371691465903172,2.0408999999999994e-09,1
1.15,1.89248e-08,2.14872e-08,0.055148527694511174,2.5623999999999985e-09,1
1.2,2.31034e-08,2.60288e-08,0.0517782490685601,2.9254e-09,1
1.25,2.78614e-08,3.12031e-08,0.04919480754621741,3.341699999999998e-09,1
1.3,3.30679e-08,3.70407e-08,0.04927256982531514,3.972799999999994e-09,1
1.35,3.89934e-08,4.35655e-08,0.048151597966408666,4.572100000000002e-09,1
1.4,4.51207e-08,5.07941e-08,0.05143744099346925,5.673399999999996e-09,1
1.45,5.23069e-08,5.87347e-08,0.05033577277700285,6.427799999999999e-09,1
1.5,6.00793e-08,6.7387e-08,0.049851258513589514,7.307700000000012e-09,1
1.55,6.85103e-08,7.708475e-08,0.05121259898915831,8.574449999999999e-09,1
1.6,7.75138e-08,8.67825e-08,0.04905312891858049,9.268699999999999e-09,1
1.65,8.71862e-08,9.779724999999998e-08,0.049878893455542084,1.0611049999999984e-08,1
1.7,9.74069e-08,1.08812e-07,0.04808707081705599,1.1405099999999994e-08,1
1.75,1.08228e-07,1.210075e-07,0.04847265558825331,1.2779500000000012e-08,1
1.8,1.1961e-07,1.33203e-07,0.046746515749326534,1.3593000000000008e-08,1
1.85,1.30845e-07,1.4641450000000004e-07,0.048826957200123644,1.556950000000004e-08,1
1.9,1.43272e-07,1.59626e-07,0.04694230753094342,1.6354000000000015e-08,1
1.95,1.563e-07,1.7368250000000002e-07,0.04579708374218505,1.738250000000003e-08,1
2.0,1.69772e-07,1.87739e-07,0.043688435353721466,1.7967000000000018e-08,1
2.05,1.83776e-07,2.0248449999999994e-07,0.0421029893836371,1.8708499999999945e-08,1
2.1,1.982e-07,2.1723e-07,0.03981615205097189,1.9030000000000006e-08,1
2.15,2.13045e-07,2.3253049999999994e-07,0.038008579350437444,1.9485499999999927e-08,1
2.2,2.28297e-07,2.47831e-07,0.03565542470645244,1.9533999999999995e-08,1
2.25,2.43897e-07,2.635765e-07,0.033700228338788385,1.9679500000000014e-08,1
2.3,2.59966e-07,2.79322e-07,0.031188591111487085,1.9355999999999978e-08,1
2.35,2.76097e-07,2.9542600000000004e-07,0.02938702653397307,1.9329000000000027e-08,1
2.4,2.91893e-07,3.1153e-07,0.028276194967688184,1.9637000000000006e-08,1
2.45,3.09021e-07,3.2792450000000006e-07,0.02578587144869271,1.8903500000000034e-08,1
2.5,3.26279e-07,3.44319e-07,0.023371865753142984,1.8039999999999968e-08,1
2.55,3.43986e-07,3.6095099999999993e-07,0.020907481909713255,1.696499999999994e-08,1
2.6,3.61334e-07,3.77583e-07,0.019103603969742977,1.6248999999999976e-08,1
2.65,3.79462e-07,3.944109999999999e-07,0.01678072738930858,1.494899999999993e-08,1
2.7,3.96379e-07,4.11239e-07,0.01598365673958302,1.4860000000000015e-08,1
2.75,4.14379e-07,4.28231e-07,0.014280365023736863,1.3851999999999984e-08,1
2.8,4.3331e-07,4.45223e-07,0.011778879810286469,1.1912999999999982e-08,1
2.85,4.51931e-07,4.6235350000000005e-07,0.00990201698736115,1.0422500000000026e-08,1
2.9,4.71241e-07,4.79484e-07,0.007531050770350767,8.243000000000003e-09,1
2.95,4.89931e-07,4.967325000000001e-07,0.005987655788402435,6.801500000000129e-09,1
3.0,5.08966e-07,5.13981e-07,0.004258293491175458,5.014999999999943e-09,1
